brsr_id,method,rank,esrs_datapoint_id,is_gold
A13,direct,1,BP-1_02,1
A13,direct,2,GOV-1_12,0
A13,direct,3,S1-4_12,0
A13,direct,4,BP-1_04,0
A13,direct,5,S1-4_09,0
A13,direct,6,BP-2_27,0
A13,direct,7,E4-5_18,0
A13,direct,8,E1.MDR-P_07-08,0
A13,direct,9,S1-17_07,0
A13,direct,10,S1-6_16,0
A13,direct,11,MDR-A_06,0
A13,direct,12,E4.MDR-P_07-08,0
A13,direct,13,S1-1_14,0
A13,direct,14,G1.MDR-P_07-08,0
A13,direct,15,S1.MDR-P_07-08,0
A13,direct,16,BP-2_23,0
A13,direct,17,E2.MDR-P_07-08,0
A13,direct,18,GOV-2_01,0
A13,direct,19,E1.MDR-T_14-19,0
A13,direct,20,GOV-2_02,0
A13,direct,21,S1-3_07,0
A13,direct,22,MDR-A_05,0
A13,direct,23,E1.MDR-A_13-14,0
A13,direct,24,S1-16_03,0
A13,direct,25,G1.GOV-1_01,0
A13,direct,26,E3.MDR-P_07-08,0
A13,direct,27,S1.MDR-A_13-14,0
A13,direct,28,G1.MDR-A_13-14,0
A13,direct,29,S4.MDR-P_07-08,0
A13,direct,30,E4.MDR-A_13-14,0
A13,direct,31,SBM-3_11,0
A13,direct,32,E5.MDR-P_07-08,0
A13,direct,33,E2.MDR-A_13-14,0
A13,direct,34,S1-11_09,0
A13,direct,35,SBM-3_08,0
A13,direct,36,S2.MDR-P_07-08,0
A13,direct,37,S4-1_09,0
A13,direct,38,E3.MDR-A_13-14,0
A13,direct,39,S1-3_02,0
A13,direct,40,BP-1_01,1
A13,direct,41,S1-7_09,0
A13,direct,42,MDR-P_02,0
A13,direct,43,E5.MDR-A_13-14,0
A13,direct,44,S1-5_06,0
A13,direct,45,S1-11_10,0
A13,direct,46,G1.GOV-1_02,0
A13,direct,47,S1-11_11,0
A13,direct,48,S1-11_07,0
A13,direct,49,S4-4_12,0
A13,direct,50,S1-6_15,0
A13,direct,51,G1-3_03,0
A13,direct,52,S1-17_13,0
A13,direct,53,S4-3_04,0
A13,direct,54,S3.MDR-P_07-08,0
A13,direct,55,S1-4_10,0
A13,direct,56,S4.MDR-A_13-14,0
A13,direct,57,S1-7_08,0
A13,direct,58,S1-3_06,0
A13,direct,59,S1-3_11,0
A13,direct,60,MDR-P_07,0
A13,direct,61,SBM-1_23,0
A13,direct,62,S2.MDR-A_13-14,0
A13,direct,63,S1-2_12,0
A13,direct,64,S2-4_12,0
A13,direct,65,S1-3_04,0
A13,direct,66,S4-3_08,0
A13,direct,67,E2.MDR-T_14-19,0
A13,direct,68,S1-8_04,0
A13,direct,69,S2-1_11,0
A13,direct,70,S1-4_11,0
A13,direct,71,S1-1_07,0
A13,direct,72,S4-3_02,0
A13,direct,73,MDR-P_08,0
A13,direct,74,S2-3_02,0
A13,direct,75,S1.MDR-T_14-19,0
A13,direct,76,S1-3_08,0
A13,direct,77,S2-3_04,0
A13,direct,78,S4-3_03,0
A13,direct,79,E4.MDR-T_14-19,0
A13,direct,80,S1-4_14,0
A13,direct,81,S1-4_02,0
A13,direct,82,BP-2_26,0
A13,direct,83,MDR-T_14,0
A13,direct,84,MDR-A_01,0
A13,direct,85,E4-3_10,0
A13,direct,86,E3.MDR-T_14-19,0
A13,direct,87,S3-4_12,0
A13,direct,88,E5.MDR-T_14-19,0
A13,direct,89,S4-5_06,0
A13,direct,90,S3.MDR-A_13-14,0
A13,direct,91,E5.IRO-1_01,0
A13,direct,92,S1-2_01,0
A13,direct,93,SBM-3_09,0
A13,direct,94,S1-4_13,0
A13,direct,95,S2-3_03,0
A13,direct,96,S1-5_02,0
A13,direct,97,E2-4_10,0
A13,direct,98,S3-1_09,0
A13,direct,99,S1-3_05,0
A13,direct,100,S1-3_01,0
A13,direct,101,S2-3_08,0
A13,direct,102,S2-3_09,0
A13,direct,103,S4-3_05,0
A13,direct,104,MDR-P_01,0
A13,direct,105,S4-3_13,0
A13,direct,106,S1-8_03,0
A13,direct,107,S1-7_05,0
A13,direct,108,BP-2_25,0
A13,direct,109,BP-2_22,0
A13,direct,110,S4.MDR-T_14-19,0
A13,direct,111,G1.MDR-P_01-06,0
A13,direct,112,MDR-T_04,0
A13,direct,113,MDR-A_14,0
A13,direct,114,S3-3_13,0
A13,direct,115,S2-5_06,0
A13,direct,116,SBM-1_08,0
A13,direct,117,SBM-1_02,0
A13,direct,118,S2.MDR-T_14-19,0
A13,direct,119,E4-1_09,0
A13,direct,120,S1-11_04,0
A13,direct,121,S1-11_05,0
A13,direct,122,S4-3_11,0
A13,direct,123,S1-1_12,0
A13,direct,124,S1-6_08,0
A13,direct,125,MDR-T_21,0
A13,direct,126,S1-2_14,0
A13,direct,127,GOV-1_10,0
A13,direct,128,E5-5_03,0
A13,direct,129,S1-6_14,0
A13,direct,130,GOV-3_04,0
A13,direct,131,E1.GOV-3_01,0
A13,direct,132,S1-11_03,0
A13,direct,133,S3-3_12,0
A13,direct,134,E1-6_26,0
A13,direct,135,S1-7_10,0
A13,direct,136,S2-1_08,0
A13,direct,137,S4-4_13,0
A13,direct,138,S2-4_13,0
A13,direct,139,S2-3_05,0
A13,direct,140,S1-3_10,0
A13,direct,141,IRO-1_06,0
A13,direct,142,E3-4_06,0
A13,direct,143,S3-5_06,0
A13,direct,144,S3-3_17,0
A13,direct,145,E1-6_04,0
A13,direct,146,S2-3_11,0
A13,direct,147,MDR-T_17,0
A13,direct,148,MDR-P_09,0
A13,direct,149,S1-11_01,0
A13,direct,150,IRO-1_04,0
A13,direct,151,SBM-1_07,0
A13,direct,152,G1-3_04,0
A13,direct,153,S1-4_20,0
A13,direct,154,E1-6_01,0
A13,direct,155,S1-1_06,0
A13,direct,156,S1-8_02,0
A13,direct,157,S1-1_01,0
A13,direct,158,GOV-1_08,0
A13,direct,159,S1-17_03,0
A13,direct,160,S3.MDR-T_14-19,0
A13,direct,161,GOV-1_11,0
A13,direct,162,S1-8_01,0
A13,direct,163,MDR-A_13,0
A13,direct,164,S4-5_02,0
A13,direct,165,S2-4_11,0
A13,direct,166,S1-7_07,0
A13,direct,167,IRO-1_03,0
A13,direct,168,S1.MDR-T_01-13,0
A13,direct,169,S1.MDR-A_01-12,0
A13,direct,170,SBM-3_04,0
A13,direct,171,E4-5_09,0
A13,direct,172,E2.IRO-1_03,0
A13,direct,173,BP-2_24,0
A13,direct,174,E2-4_17,0
A13,direct,175,SBM-1_01,0
A13,direct,176,S1-5_03,0
A13,direct,177,S4-1_05,0
A13,direct,178,S1-8_08,0
A13,direct,179,S4-3_01,0
A13,direct,180,S1-4_05,0
A13,direct,181,MDR-P_05,0
A13,direct,182,S2-3_01,0
A13,direct,183,E3.IRO-1_02,0
A13,direct,184,S1-6_13,0
A13,direct,185,E1-6_07,0
A13,direct,186,S3-1_06,0
A13,direct,187,E1-4_06,0
A13,direct,188,S2-5_02,0
A13,direct,189,MDR-T_13,0
A13,direct,190,S4-3_09,0
A13,direct,191,S1-7_06,0
A13,direct,192,S2-2_01,0
A13,direct,193,GOV-1_17,0
A13,direct,194,MDR-A_15,0
A13,direct,195,S1-2_10,0
A13,direct,196,GOV-3_03,0
A13,direct,197,S4-2_01,0
A13,direct,198,E4-5_07,0
A13,direct,199,S2-1_04,0
A13,direct,200,S2-2_07,0
A13,direct,201,S1-2_07,0
A13,direct,202,SBM-1_28,0
A13,direct,203,E1-4_01,0
A13,direct,204,S4-4_18,0
A13,direct,205,S1-4_01,0
A13,direct,206,S1-2_03,0
A13,direct,207,E1-6_31,0
A13,direct,208,SBM-3_07,0
A13,direct,209,S1-1_21,0
A13,direct,210,MDR-T_20,0
A13,direct,211,S2-3_07,0
A13,direct,212,SBM-1_21,0
A13,direct,213,S3-4_13,0
A13,direct,214,S1-4_16,0
A13,direct,215,S3-3_20,0
A13,direct,216,GOV-1_03,0
A13,direct,217,S2-1_03,0
A13,direct,218,S2-3_12,0
A13,direct,219,E4-5_06,0
A13,direct,220,GOV-1_04,0
A13,direct,221,S3-4_10,0
A13,direct,222,SBM-1_25,0
A13,direct,223,E1-4_09,0
A13,direct,224,S1.SBM-3_03,0
A13,direct,225,S2-4_15,0
A13,direct,226,S2-4_18,0
A13,direct,227,S1-6_07,0
A13,direct,228,S1-4_03,0
A13,direct,229,E1-6_11,0
A13,direct,230,S4-4_11,0
A13,direct,231,E1-4_12,0
A13,direct,232,BP-2_21,0
A13,direct,233,SBM-1_06,0
A13,direct,234,MDR-P_03,0
A13,direct,235,S1-2_08,0
A13,direct,236,MDR-T_16,0
A13,direct,237,S3-3_11,0
A13,direct,238,MDR-M_01,0
A13,direct,239,S2-4_01,0
A13,direct,240,S1-16_02,0
A13,direct,241,E1-6_27,0
A13,direct,242,S4-4_15,0
A13,direct,243,E1-4_15,0
A13,direct,244,S3-1_05,0
A13,direct,245,S4.MDR-T_01-13,0
A13,direct,246,MDR-T_09,0
A13,direct,247,S2-4_05,0
A13,direct,248,S4-2_03,0
A13,direct,249,E1-6_30,0
A13,direct,250,IRO-1_01,0
A13,direct,251,G1-1_10,0
A13,direct,252,S4-4_01,0
A13,direct,253,E1.GOV-3_03,0
A13,direct,254,SBM-2_12,0
A13,direct,255,S1-1_05,0
A13,direct,256,S1-12_01,0
A13,direct,257,S2.MDR-A_01-12,0
A13,direct,258,S2-4_04,0
A13,direct,259,S2-5_03,0
A13,direct,260,S4.MDR-A_01-12,0
A13,direct,261,E4-2_01,0
A13,direct,262,S2-4_03,0
A13,direct,263,S2-2_08,0
A13,direct,264,S2.MDR-T_01-13,0
A13,direct,265,MDR-T_02,0
A13,direct,266,G1-4_07,0
A13,direct,267,S1-4_04,0
A13,direct,268,S3-4_19,0
A13,direct,269,MDR-T_07,0
A13,direct,270,E1-4_25,0
A13,direct,271,E4-5_08,0
A13,direct,272,S4-3_07,0
A13,direct,273,S2.SBM-3_05,0
A13,direct,274,S4-2_06,0
A13,direct,275,S4-1_01,0
A13,direct,276,E1-4_03,0
A13,direct,277,S4-2_07,0
A13,direct,278,GOV-1_16,0
A13,direct,279,E4-1_11,0
A13,direct,280,S3-3_14,0
A13,direct,281,S4-1_06,0
A13,direct,282,S4-3_12,0
A13,direct,283,E3.IRO-1_01,0
A13,direct,284,S4-5_03,0
A13,direct,285,E5.MDR-A_01-12,0
A13,direct,286,S1.SBM-3_04,0
A13,direct,287,IRO-1_05,0
A13,direct,288,SBM-1_09,0
A13,direct,289,S1-1_13,0
A13,direct,290,SBM-2_04,0
A13,direct,291,S2-4_06,0
A13,direct,292,S2-2_03,0
A13,direct,293,S1-13_02,0
A13,direct,294,MDR-P_06,0
A13,direct,295,S2-1_06,0
A13,direct,296,S3-3_10,0
A13,direct,297,S1-3_09,0
A13,direct,298,S1-2_09,0
A13,direct,299,SBM-2_02,0
A13,direct,300,S4-2_08,0
A13,direct,301,S3-2_03,0
A13,direct,302,S3-5_02,0
A13,direct,303,S4-1_04,0
A13,direct,304,S2.SBM-3_06,0
A13,direct,305,E5-5_18,0
A13,direct,306,S4-4_03,0
A13,direct,307,S1-13_06,0
A13,direct,308,S3-4_15,0
A13,direct,309,IRO-1_14,0
A13,direct,310,SBM-1_05,0
A13,direct,311,S4-4_02,0
A13,direct,312,GOV-1_05,0
A13,direct,313,S3-3_18,0
A13,direct,314,IRO-1_02,0
A13,direct,315,S4-4_04,0
A13,direct,316,E2-4_01,0
A13,direct,317,SBM-2_03,0
A13,direct,318,S3-2_01,0
A13,direct,319,S2-2_06,0
A13,direct,320,S1-6_12,0
A13,direct,321,SBM-3_01,0
A13,direct,322,SBM-2_06,0
A13,direct,323,S1-11_06,0
A13,direct,324,S1-2_11,0
A13,direct,325,GOV-3_01,0
A13,direct,326,MDR-A_04,0
A13,direct,327,S1-14_06,0
A13,direct,328,S1-13_05,0
A13,direct,329,G1.MDR-A_01-12,0
A13,direct,330,E5-5_17,0
A13,direct,331,S1-16_05,0
A13,direct,332,S1-16_04,0
A13,direct,333,S4-4_06,0
A13,direct,334,E4-3_15,0
A13,direct,335,S1-7_02,0
A13,direct,336,S2-4_02,0
A13,direct,337,E4.IRO-1_15,0
A13,direct,338,S1-9_02,0
A13,direct,339,S2-2_09,0
A13,direct,340,G1-2_02,0
A13,direct,341,S1-7_03,0
A13,direct,342,S1-6_09,0
A13,direct,343,S2-4_07,0
A13,direct,344,S4-3_06,0
A13,direct,345,SBM-1_15,0
A13,direct,346,S1-14_08,0
A13,direct,347,SBM-2_01,0
A13,direct,348,S3-1_01,0
A13,direct,349,S1-6_18,0
A13,direct,350,E4-3_01,0
A13,direct,351,E2-4_15,0
A13,direct,352,S1-6_01,0
A13,direct,353,SBM-2_05,0
A13,direct,354,S4-4_07,0
A13,direct,355,S1-6_04,0
A13,direct,356,E1.MDR-T_01-13,0
A13,direct,357,S4.SBM-3_04,0
A13,direct,358,S1-2_06,0
A13,direct,359,S1-1_09,0
A13,direct,360,G1-4_05,0
A13,direct,361,E5-2_08,0
A13,direct,362,E1-9_14,0
A13,direct,363,S4-4_05,0
A13,direct,364,SBM-3_02,0
A13,direct,365,MDR-T_18,0
A13,direct,366,S4.SBM-3_05,0
A13,direct,367,S3-4_11,0
A13,direct,368,GOV-1_07,0
A13,direct,369,E3-3_04,0
A13,direct,370,E1-2_01,0
A13,direct,371,S1-17_08,0
A13,direct,372,S3-5_03,0
A13,direct,373,E3-2_01,0
A13,direct,374,S2-1_01,0
A13,direct,375,E4.MDR-T_01-13,0
A13,direct,376,S3.MDR-T_01-13,0
A13,direct,377,S3-4_02,0
A13,direct,378,S3-4_01,0
A13,direct,379,S1-14_12,0
A13,direct,380,S1-1_10,0
A13,direct,381,G1-4_08,0
A13,direct,382,SBM-1_17,0
A13,direct,383,S1-10_01,0
A13,direct,384,G1-5_11,0
A13,direct,385,S3.MDR-A_01-12,0
A13,direct,386,S2-3_06,0
A13,direct,387,S1-7_01,0
A13,direct,388,S3-4_05,0
A13,direct,389,E1.SBM-3_01,0
A13,direct,390,S3-2_06,0
A13,direct,391,E2.MDR-A_01-12,0
A13,direct,392,S1-17_11,0
A13,direct,393,S3-1_04,0
A13,direct,394,E2.MDR-T_01-13,0
A13,direct,395,S1-6_10,0
A13,direct,396,E3-4_12,0
A13,direct,397,S1-15_02,0
A13,direct,398,GOV-3_02,0
A13,direct,399,E5-5_09,0
A13,direct,400,S1-1_03,0
A13,direct,401,E2-3_05,0
A13,direct,402,E2-3_06,0
A13,direct,403,E3.MDR-A_01-12,0
A13,direct,404,S1-1_22,0
A13,direct,405,E5-2_07,0
A13,direct,406,S3-2_08,0
A13,direct,407,S1-2_02,0
A13,direct,408,S3-3_15,0
A13,direct,409,S1-6_03,0
A13,direct,410,S1-6_02,0
A13,direct,411,E5-2_05,0
A13,direct,412,S4-2_09,0
A13,direct,413,S3-4_04,0
A13,direct,414,E4.MDR-A_01-12,0
A13,direct,415,E5.MDR-T_01-13,0
A13,direct,416,S1-6_20,0
A13,direct,417,SBM-1_04,0
A13,direct,418,S3-3_16,0
A13,direct,419,S3-4_03,0
A13,direct,420,E3.MDR-T_01-13,0
A13,direct,421,S3.SBM-3_05,0
A13,direct,422,MDR-T_10,0
A13,direct,423,S1-6_19,0
A13,direct,424,S3-4_06,0
A13,direct,425,S1-6_11,0
A13,direct,426,E4-3_14,0
A13,direct,427,S1-1_08,0
A13,direct,428,E2-2_01,0
A13,direct,429,S1-9_01,0
A13,direct,430,S2-2_02,0
A13,direct,431,E1-5_18,0
A13,direct,432,E4-5_14,0
A13,direct,433,S1-14_04,0
A13,direct,434,E4-2_02,0
A13,direct,435,S4-1_02,0
A13,direct,436,S3-3_21,0
A13,direct,437,E1-9_03,0
A13,direct,438,S1-15_01,0
A13,direct,439,S1-14_05,0
A13,direct,440,S3-2_09,0
A13,direct,441,GOV-1_06,0
A13,direct,442,E2-4_09,0
A13,direct,443,SBM-1_19,0
A13,direct,444,S1-14_07,0
A13,direct,445,S1-10_02,0
A13,direct,446,S1-17_05,0
A13,direct,447,G1-4_04,0
A13,direct,448,E1-9_01,0
A13,direct,449,S3.SBM-3_04,0
A13,direct,450,G1-4_06,0
A13,direct,451,S1-17_01,0
A13,direct,452,S3-4_07,0
A13,direct,453,S1-16_01,0
A13,direct,454,E1-5_07,0
A13,direct,455,E1-6_28,0
A13,direct,456,SBM-1_03,0
A13,direct,457,E3-3_08,0
A13,direct,458,E5-4_05,0
A13,direct,459,E2-3_09,0
A13,direct,460,S1-15_03,0
A13,direct,461,S1-14_09,0
A13,direct,462,S4-2_05,0
A13,direct,463,S3-2_05,0
A13,direct,464,E5-5_15,0
A13,direct,465,S1-13_04,0
A13,direct,466,S1-6_06,0
A13,direct,467,E5-5_08,0
A13,direct,468,E3-2_02,0
A13,direct,469,E5-2_03,0
A13,direct,470,E1-9_02,0
A13,direct,471,S4-2_02,0
A13,direct,472,S1-6_05,0
A13,direct,473,E1-4_22,0
A13,direct,474,S1-9_03,0
A13,direct,475,E1-6_17,0
A13,direct,476,S1-10_03,0
A13,direct,477,S1-17_02,0
A13,direct,478,E5-5_16,0
A13,direct,479,GOV-1_02,0
A13,direct,480,E1-5_01,0
A13,direct,481,S3-4_17,0
A13,direct,482,E5-2_06,0
A13,direct,483,E1.MDR-A_01-12,0
A13,direct,484,S2-1_05,0
A13,direct,485,S1-9_05,0
A13,direct,486,GOV-1_01,0
A13,direct,487,E3-4_05,0
A13,direct,488,E1-9_41,0
A13,direct,489,E2-4_02,0
A13,direct,490,MDR-T_05,0
A13,direct,491,S1-9_04,0
A13,direct,492,S1-13_03,0
A13,direct,493,E1-5_14,0
A13,direct,494,S1-10_04,0
A13,direct,495,E1-5_11,0
A13,direct,496,E5-2_02,0
A13,direct,497,S3-1_02,0
A13,direct,498,E5-5_07,0
A13,direct,499,G1-4_01,0
A13,direct,500,S3-2_02,0
A13,direct,501,S1-14_02,0
A13,direct,502,G1-4_02,0
A13,direct,503,E3-4_01,0
A13,direct,504,S1-13_01,0
A13,direct,505,E1-5_05,0
A13,direct,506,S1-14_03,0
A13,direct,507,E1-3_03,0
A13,direct,508,E3-4_11,0
A13,direct,509,E1-5_03,0
A13,direct,510,E1-5_06,0
A13,direct,511,E1-5_12,0
A13,direct,512,E1-9_42,0
A13,direct,513,E1-5_02,0
A13,direct,514,E1-5_10,0
A13,direct,515,E1-5_08,0
A13,direct,516,E3-4_02,0
A13,direct,517,E1-5_13,0
A13,symbolic_multihop,1,BP-1_02,1
A13,symbolic_multihop,2,BP-1_01,1
A13,multihop_cross_encoder,1,BP-1_02,1
A13,multihop_cross_encoder,2,BP-1_01,1
A13,multihop_kd_gold,1,BP-1_02,1
A13,multihop_kd_gold,2,BP-1_01,1
A13,multihop_kd_gold_medium,1,BP-1_02,1
A13,multihop_kd_gold_medium,2,BP-1_01,1
A13,direct_full_cross_encoder,1,E2.MDR-A_13-14,0
A13,direct_full_cross_encoder,2,E4.MDR-A_13-14,0
A13,direct_full_cross_encoder,3,E2.MDR-P_07-08,0
A13,direct_full_cross_encoder,4,E1.MDR-P_07-08,0
A13,direct_full_cross_encoder,5,E3.MDR-A_13-14,0
A13,direct_full_cross_encoder,6,E5.MDR-A_13-14,0
A13,direct_full_cross_encoder,7,E4.MDR-P_07-08,0
A13,direct_full_cross_encoder,8,G1.MDR-A_13-14,0
A13,direct_full_cross_encoder,9,E5.MDR-P_07-08,0
A13,direct_full_cross_encoder,10,E3.MDR-P_07-08,0
A13,direct_full_cross_encoder,11,G1.MDR-P_07-08,0
A13,direct_full_cross_encoder,12,S1.MDR-P_07-08,0
A13,direct_full_cross_encoder,13,S2.MDR-P_07-08,0
A13,direct_full_cross_encoder,14,S1.MDR-A_13-14,0
A13,direct_full_cross_encoder,15,E2.MDR-T_14-19,0
A13,direct_full_cross_encoder,16,S3.MDR-P_07-08,0
A13,direct_full_cross_encoder,17,S4.MDR-P_07-08,0
A13,direct_full_cross_encoder,18,E4.MDR-T_14-19,0
A13,direct_full_cross_encoder,19,S4.MDR-A_13-14,0
A13,direct_full_cross_encoder,20,S2.MDR-A_13-14,0
A13,direct_full_cross_encoder,21,S3.MDR-A_13-14,0
A13,direct_full_cross_encoder,22,E3.MDR-T_14-19,0
A13,direct_full_cross_encoder,23,E5.MDR-T_14-19,0
A13,direct_full_cross_encoder,24,S1.MDR-T_14-19,0
A13,direct_full_cross_encoder,25,S2.MDR-T_14-19,0
A13,direct_full_cross_encoder,26,S3.MDR-T_14-19,0
A13,direct_full_cross_encoder,27,E1.MDR-T_14-19,0
A13,direct_full_cross_encoder,28,SBM-3_11,0
A13,direct_full_cross_encoder,29,S4.MDR-T_14-19,0
A13,direct_full_cross_encoder,30,E1.MDR-A_13-14,0
A13,direct_full_cross_encoder,31,S1-4_12,0
A13,direct_full_cross_encoder,32,SBM-3_08,0
A13,direct_full_cross_encoder,33,S3-1_09,0
A13,direct_full_cross_encoder,34,S4-1_09,0
A13,direct_full_cross_encoder,35,S2-1_11,0
A13,direct_full_cross_encoder,36,S1-1_14,0
A13,direct_full_cross_encoder,37,S1-4_09,0
A13,direct_full_cross_encoder,38,S4-3_02,0
A13,direct_full_cross_encoder,39,S4-2_06,0
A13,direct_full_cross_encoder,40,S1-2_07,0
A13,direct_full_cross_encoder,41,S1-3_02,0
A13,direct_full_cross_encoder,42,S1-5_06,0
A13,direct_full_cross_encoder,43,S1-17_13,0
A13,direct_full_cross_encoder,44,G1-3_04,0
A13,direct_full_cross_encoder,45,S4-3_09,0
A13,direct_full_cross_encoder,46,E4-2_01,0
A13,direct_full_cross_encoder,47,E4-5_18,0
A13,direct_full_cross_encoder,48,S4-3_01,0
A13,direct_full_cross_encoder,49,S1-3_01,0
A13,direct_full_cross_encoder,50,S1-3_06,0
A13,direct_full_cross_encoder,51,S4-1_04,0
A13,direct_full_cross_encoder,52,S1-1_12,0
A13,direct_full_cross_encoder,53,S2-5_06,0
A13,direct_full_cross_encoder,54,S1-16_03,0
A13,direct_full_cross_encoder,55,S4-5_03,0
A13,direct_full_cross_encoder,56,S1-1_05,0
A13,direct_full_cross_encoder,57,S2-3_03,0
A13,direct_full_cross_encoder,58,S4-3_05,0
A13,direct_full_cross_encoder,59,S4-5_06,0
A13,direct_full_cross_encoder,60,GOV-1_12,0
A13,direct_full_cross_encoder,61,S1-1_07,0
A13,direct_full_cross_encoder,62,S3-5_06,0
A13,direct_full_cross_encoder,63,S4-2_01,0
A13,direct_full_cross_encoder,64,S4-3_03,0
A13,direct_full_cross_encoder,65,S1-2_12,0
A13,direct_full_cross_encoder,66,S3-3_11,0
A13,direct_full_cross_encoder,67,S3-3_12,0
A13,direct_full_cross_encoder,68,MDR-A_05,0
A13,direct_full_cross_encoder,69,S1-3_08,0
A13,direct_full_cross_encoder,70,S3-1_06,0
A13,direct_full_cross_encoder,71,S2-1_08,0
A13,direct_full_cross_encoder,72,S1-5_02,0
A13,direct_full_cross_encoder,73,S3-2_06,0
A13,direct_full_cross_encoder,74,S3-3_10,0
A13,direct_full_cross_encoder,75,E5-5_03,0
A13,direct_full_cross_encoder,76,GOV-2_01,0
A13,direct_full_cross_encoder,77,S1-17_07,0
A13,direct_full_cross_encoder,78,S1-5_03,0
A13,direct_full_cross_encoder,79,S1-6_16,0
A13,direct_full_cross_encoder,80,S2-4_12,0
A13,direct_full_cross_encoder,81,S1-7_09,0
A13,direct_full_cross_encoder,82,S3-4_12,0
A13,direct_full_cross_encoder,83,S1-4_02,0
A13,direct_full_cross_encoder,84,E4-5_09,0
A13,direct_full_cross_encoder,85,S4-4_12,0
A13,direct_full_cross_encoder,86,S1-11_07,0
A13,direct_full_cross_encoder,87,S1-4_10,0
A13,direct_full_cross_encoder,88,S1-1_13,0
A13,direct_full_cross_encoder,89,S1-7_08,0
A13,direct_full_cross_encoder,90,S1-7_05,0
A13,direct_full_cross_encoder,91,E2.IRO-1_03,0
A13,direct_full_cross_encoder,92,S3-1_04,0
A13,direct_full_cross_encoder,93,S1-11_11,0
A13,direct_full_cross_encoder,94,S1-11_09,0
A13,direct_full_cross_encoder,95,G1.GOV-1_02,0
A13,direct_full_cross_encoder,96,S1-2_01,0
A13,direct_full_cross_encoder,97,S4-5_02,0
A13,direct_full_cross_encoder,98,S2-3_01,0
A13,direct_full_cross_encoder,99,G1.GOV-1_01,0
A13,direct_full_cross_encoder,100,SBM-3_09,0
A13,direct_full_cross_encoder,101,S1-1_06,0
A13,direct_full_cross_encoder,102,S3-5_03,0
A13,direct_full_cross_encoder,103,S1-2_11,0
A13,direct_full_cross_encoder,104,S3-3_14,0
A13,direct_full_cross_encoder,105,E2-4_17,0
A13,direct_full_cross_encoder,106,E3.IRO-1_02,0
A13,direct_full_cross_encoder,107,S1-3_04,0
A13,direct_full_cross_encoder,108,S3-5_02,0
A13,direct_full_cross_encoder,109,S3-2_01,0
A13,direct_full_cross_encoder,110,S3-3_17,0
A13,direct_full_cross_encoder,111,S2-2_07,0
A13,direct_full_cross_encoder,112,S2-1_04,0
A13,direct_full_cross_encoder,113,S4-1_05,0
A13,direct_full_cross_encoder,114,S2-3_02,0
A13,direct_full_cross_encoder,115,MDR-A_06,0
A13,direct_full_cross_encoder,116,S4-3_08,0
A13,direct_full_cross_encoder,117,S3-1_05,0
A13,direct_full_cross_encoder,118,S4-3_13,0
A13,direct_full_cross_encoder,119,S1-3_07,0
A13,direct_full_cross_encoder,120,S1-4_11,0
A13,direct_full_cross_encoder,121,S3-4_10,0
A13,direct_full_cross_encoder,122,S1-3_11,0
A13,direct_full_cross_encoder,123,S1-2_10,0
A13,direct_full_cross_encoder,124,S3-3_18,0
A13,direct_full_cross_encoder,125,S2-3_04,0
A13,direct_full_cross_encoder,126,S1-11_10,0
A13,direct_full_cross_encoder,127,S2-3_08,0
A13,direct_full_cross_encoder,128,S3-3_13,0
A13,direct_full_cross_encoder,129,S4-4_15,0
A13,direct_full_cross_encoder,130,S1-6_15,0
A13,direct_full_cross_encoder,131,S4-3_04,0
A13,direct_full_cross_encoder,132,S2-5_02,0
A13,direct_full_cross_encoder,133,MDR-P_07,0
A13,direct_full_cross_encoder,134,S4-4_11,0
A13,direct_full_cross_encoder,135,E5.IRO-1_01,0
A13,direct_full_cross_encoder,136,MDR-A_01,0
A13,direct_full_cross_encoder,137,S2-4_11,0
A13,direct_full_cross_encoder,138,E4-3_10,0
A13,direct_full_cross_encoder,139,S1-2_09,0
A13,direct_full_cross_encoder,140,S1-4_13,0
A13,direct_full_cross_encoder,141,MDR-P_08,0
A13,direct_full_cross_encoder,142,E4-5_06,0
A13,direct_full_cross_encoder,143,MDR-T_21,0
A13,direct_full_cross_encoder,144,S2-1_03,0
A13,direct_full_cross_encoder,145,S3-2_09,0
A13,direct_full_cross_encoder,146,S4-2_05,0
A13,direct_full_cross_encoder,147,S2-5_03,0
A13,direct_full_cross_encoder,148,S2-4_15,0
A13,direct_full_cross_encoder,149,MDR-A_13,0
A13,direct_full_cross_encoder,150,MDR-T_14,0
A13,direct_full_cross_encoder,151,GOV-2_02,0
A13,direct_full_cross_encoder,152,E2-3_06,0
A13,direct_full_cross_encoder,153,SBM-3_04,0
A13,direct_full_cross_encoder,154,S4-2_08,0
A13,direct_full_cross_encoder,155,S3-4_11,0
A13,direct_full_cross_encoder,156,E1.GOV-3_01,0
A13,direct_full_cross_encoder,157,E4-5_08,0
A13,direct_full_cross_encoder,158,S3-4_15,0
A13,direct_full_cross_encoder,159,BP-1_04,0
A13,direct_full_cross_encoder,160,S1-4_16,0
A13,direct_full_cross_encoder,161,MDR-A_14,0
A13,direct_full_cross_encoder,162,S4-4_13,0
A13,direct_full_cross_encoder,163,BP-2_27,0
A13,direct_full_cross_encoder,164,S1-2_14,0
A13,direct_full_cross_encoder,165,S1-2_06,0
A13,direct_full_cross_encoder,166,E2-4_15,0
A13,direct_full_cross_encoder,167,S2-3_09,0
A13,direct_full_cross_encoder,168,S2-3_05,0
A13,direct_full_cross_encoder,169,E4-5_07,0
A13,direct_full_cross_encoder,170,S1-2_03,0
A13,direct_full_cross_encoder,171,S2-2_01,0
A13,direct_full_cross_encoder,172,S1-4_14,0
A13,direct_full_cross_encoder,173,S3-1_01,0
A13,direct_full_cross_encoder,174,IRO-1_06,0
A13,direct_full_cross_encoder,175,S2-2_03,0
A13,direct_full_cross_encoder,176,E5-5_18,0
A13,direct_full_cross_encoder,177,S3-2_03,0
A13,direct_full_cross_encoder,178,S2-2_09,0
A13,direct_full_cross_encoder,179,S3-4_13,0
A13,direct_full_cross_encoder,180,MDR-T_13,0
A13,direct_full_cross_encoder,181,S3-2_05,0
A13,direct_full_cross_encoder,182,E4-1_11,0
A13,direct_full_cross_encoder,183,S1-7_07,0
A13,direct_full_cross_encoder,184,S4-2_03,0
A13,direct_full_cross_encoder,185,E3.IRO-1_01,0
A13,direct_full_cross_encoder,186,S2-4_13,0
A13,direct_full_cross_encoder,187,GOV-3_04,0
A13,direct_full_cross_encoder,188,G1-3_03,0
A13,direct_full_cross_encoder,189,BP-2_23,0
A13,direct_full_cross_encoder,190,SBM-1_23,0
A13,direct_full_cross_encoder,191,S1-6_14,0
A13,direct_full_cross_encoder,192,E4-3_01,0
A13,direct_full_cross_encoder,193,GOV-1_17,0
A13,direct_full_cross_encoder,194,E1-6_26,0
A13,direct_full_cross_encoder,195,S2-3_11,0
A13,direct_full_cross_encoder,196,S4-3_11,0
A13,direct_full_cross_encoder,197,S3-3_20,0
A13,direct_full_cross_encoder,198,S4-3_12,0
A13,direct_full_cross_encoder,199,S2-2_06,0
A13,direct_full_cross_encoder,200,E1-4_01,0
A13,direct_full_cross_encoder,201,E2-4_10,0
A13,direct_full_cross_encoder,202,S3-3_21,0
A13,direct_full_cross_encoder,203,E3-4_06,0
A13,direct_full_cross_encoder,204,S1-7_10,0
A13,direct_full_cross_encoder,205,E1-4_25,0
A13,direct_full_cross_encoder,206,E4-5_14,0
A13,direct_full_cross_encoder,207,S1-17_03,0
A13,direct_full_cross_encoder,208,BP-1_02,1
A13,direct_full_cross_encoder,209,S1-3_05,0
A13,direct_full_cross_encoder,210,G1-4_07,0
A13,direct_full_cross_encoder,211,MDR-P_02,0
A13,direct_full_cross_encoder,212,MDR-P_06,0
A13,direct_full_cross_encoder,213,G1-4_05,0
A13,direct_full_cross_encoder,214,GOV-1_08,0
A13,direct_full_cross_encoder,215,BP-2_21,0
A13,direct_full_cross_encoder,216,S1-3_10,0
A13,direct_full_cross_encoder,217,S4-4_05,0
A13,direct_full_cross_encoder,218,S1-6_18,0
A13,direct_full_cross_encoder,219,G1.MDR-P_01-06,0
A13,direct_full_cross_encoder,220,S2-3_07,0
A13,direct_full_cross_encoder,221,MDR-T_07,0
A13,direct_full_cross_encoder,222,E4-1_09,0
A13,direct_full_cross_encoder,223,S1-3_09,0
A13,direct_full_cross_encoder,224,E1.MDR-T_01-13,0
A13,direct_full_cross_encoder,225,BP-1_01,1
A13,direct_full_cross_encoder,226,E2-3_05,0
A13,direct_full_cross_encoder,227,E2.MDR-T_01-13,0
A13,direct_full_cross_encoder,228,SBM-3_02,0
A13,direct_full_cross_encoder,229,S4-1_06,0
A13,direct_full_cross_encoder,230,S1-1_01,0
A13,direct_full_cross_encoder,231,S1-7_06,0
A13,direct_full_cross_encoder,232,G1-4_06,0
A13,direct_full_cross_encoder,233,SBM-3_01,0
A13,direct_full_cross_encoder,234,E4.MDR-T_01-13,0
A13,direct_full_cross_encoder,235,S4-2_02,0
A13,direct_full_cross_encoder,236,E5.MDR-T_01-13,0
A13,direct_full_cross_encoder,237,S1-8_08,0
A13,direct_full_cross_encoder,238,S1-11_05,0
A13,direct_full_cross_encoder,239,S4-1_01,0
A13,direct_full_cross_encoder,240,E3.MDR-T_01-13,0
A13,direct_full_cross_encoder,241,S3-4_05,0
A13,direct_full_cross_encoder,242,S2-3_06,0
A13,direct_full_cross_encoder,243,S3-2_02,0
A13,direct_full_cross_encoder,244,S1.SBM-3_03,0
A13,direct_full_cross_encoder,245,S1-14_08,0
A13,direct_full_cross_encoder,246,MDR-P_01,0
A13,direct_full_cross_encoder,247,S4-3_06,0
A13,direct_full_cross_encoder,248,S1-11_01,0
A13,direct_full_cross_encoder,249,S3-3_15,0
A13,direct_full_cross_encoder,250,S1-1_21,0
A13,direct_full_cross_encoder,251,S4.MDR-T_01-13,0
A13,direct_full_cross_encoder,252,S4-3_07,0
A13,direct_full_cross_encoder,253,S4-4_01,0
A13,direct_full_cross_encoder,254,S4-2_07,0
A13,direct_full_cross_encoder,255,S4.SBM-3_04,0
A13,direct_full_cross_encoder,256,S3-4_01,0
A13,direct_full_cross_encoder,257,S3.MDR-T_01-13,0
A13,direct_full_cross_encoder,258,MDR-T_10,0
A13,direct_full_cross_encoder,259,S2-3_12,0
A13,direct_full_cross_encoder,260,G1-4_04,0
A13,direct_full_cross_encoder,261,MDR-A_04,0
A13,direct_full_cross_encoder,262,MDR-T_02,0
A13,direct_full_cross_encoder,263,S1.MDR-T_01-13,0
A13,direct_full_cross_encoder,264,E3-3_04,0
A13,direct_full_cross_encoder,265,IRO-1_02,0
A13,direct_full_cross_encoder,266,MDR-P_05,0
A13,direct_full_cross_encoder,267,S1-11_03,0
A13,direct_full_cross_encoder,268,S2.SBM-3_05,0
A13,direct_full_cross_encoder,269,G1-1_10,0
A13,direct_full_cross_encoder,270,S1-4_05,0
A13,direct_full_cross_encoder,271,S1-11_04,0
A13,direct_full_cross_encoder,272,S1-6_13,0
A13,direct_full_cross_encoder,273,S4-4_06,0
A13,direct_full_cross_encoder,274,S1-2_02,0
A13,direct_full_cross_encoder,275,S1-14_06,0
A13,direct_full_cross_encoder,276,S4-4_02,0
A13,direct_full_cross_encoder,277,S1-4_01,0
A13,direct_full_cross_encoder,278,S3.SBM-3_04,0
A13,direct_full_cross_encoder,279,S1-2_08,0
A13,direct_full_cross_encoder,280,IRO-1_05,0
A13,direct_full_cross_encoder,281,S3-3_16,0
A13,direct_full_cross_encoder,282,S1-1_10,0
A13,direct_full_cross_encoder,283,S1-14_12,0
A13,direct_full_cross_encoder,284,E5.MDR-A_01-12,0
A13,direct_full_cross_encoder,285,S3-2_08,0
A13,direct_full_cross_encoder,286,S1-12_01,0
A13,direct_full_cross_encoder,287,BP-2_26,0
A13,direct_full_cross_encoder,288,E4-3_14,0
A13,direct_full_cross_encoder,289,S1-8_02,0
A13,direct_full_cross_encoder,290,E2-2_01,0
A13,direct_full_cross_encoder,291,S4-4_07,0
A13,direct_full_cross_encoder,292,S4.MDR-A_01-12,0
A13,direct_full_cross_encoder,293,BP-2_24,0
A13,direct_full_cross_encoder,294,S1.MDR-A_01-12,0
A13,direct_full_cross_encoder,295,S2-1_06,0
A13,direct_full_cross_encoder,296,S3-4_07,0
A13,direct_full_cross_encoder,297,S2-4_05,0
A13,direct_full_cross_encoder,298,MDR-T_09,0
A13,direct_full_cross_encoder,299,SBM-2_12,0
A13,direct_full_cross_encoder,300,IRO-1_01,0
A13,direct_full_cross_encoder,301,IRO-1_03,0
A13,direct_full_cross_encoder,302,MDR-T_16,0
A13,direct_full_cross_encoder,303,GOV-1_04,0
A13,direct_full_cross_encoder,304,S3.MDR-A_01-12,0
A13,direct_full_cross_encoder,305,E5-4_05,0
A13,direct_full_cross_encoder,306,S4-4_04,0
A13,direct_full_cross_encoder,307,E5-2_02,0
A13,direct_full_cross_encoder,308,S3-4_06,0
A13,direct_full_cross_encoder,309,S1-9_03,0
A13,direct_full_cross_encoder,310,IRO-1_14,0
A13,direct_full_cross_encoder,311,G1-4_01,0
A13,direct_full_cross_encoder,312,G1.MDR-A_01-12,0
A13,direct_full_cross_encoder,313,MDR-T_04,0
A13,direct_full_cross_encoder,314,E2.MDR-A_01-12,0
A13,direct_full_cross_encoder,315,S2-4_02,0
A13,direct_full_cross_encoder,316,GOV-1_03,0
A13,direct_full_cross_encoder,317,SBM-3_07,0
A13,direct_full_cross_encoder,318,S1-4_03,0
A13,direct_full_cross_encoder,319,S1-14_04,0
A13,direct_full_cross_encoder,320,S4-4_03,0
A13,direct_full_cross_encoder,321,E1.GOV-3_03,0
A13,direct_full_cross_encoder,322,S3-4_02,0
A13,direct_full_cross_encoder,323,S1-8_03,0
A13,direct_full_cross_encoder,324,S1-4_04,0
A13,direct_full_cross_encoder,325,S1-14_05,0
A13,direct_full_cross_encoder,326,S1-13_02,0
A13,direct_full_cross_encoder,327,S1-17_05,0
A13,direct_full_cross_encoder,328,S4-2_09,0
A13,direct_full_cross_encoder,329,S4-1_02,0
A13,direct_full_cross_encoder,330,G1-4_08,0
A13,direct_full_cross_encoder,331,S1-17_01,0
A13,direct_full_cross_encoder,332,S1-13_05,0
A13,direct_full_cross_encoder,333,G1-2_02,0
A13,direct_full_cross_encoder,334,SBM-1_08,0
A13,direct_full_cross_encoder,335,SBM-2_02,0
A13,direct_full_cross_encoder,336,MDR-T_20,0
A13,direct_full_cross_encoder,337,S2-2_02,0
A13,direct_full_cross_encoder,338,S1-7_03,0
A13,direct_full_cross_encoder,339,IRO-1_04,0
A13,direct_full_cross_encoder,340,S1-7_01,0
A13,direct_full_cross_encoder,341,MDR-T_17,0
A13,direct_full_cross_encoder,342,S1-9_05,0
A13,direct_full_cross_encoder,343,GOV-1_07,0
A13,direct_full_cross_encoder,344,S3-4_04,0
A13,direct_full_cross_encoder,345,E2-3_09,0
A13,direct_full_cross_encoder,346,GOV-1_02,0
A13,direct_full_cross_encoder,347,S1-6_08,0
A13,direct_full_cross_encoder,348,S1-17_08,0
A13,direct_full_cross_encoder,349,S1-7_02,0
A13,direct_full_cross_encoder,350,E4.MDR-A_01-12,0
A13,direct_full_cross_encoder,351,GOV-1_16,0
A13,direct_full_cross_encoder,352,MDR-P_09,0
A13,direct_full_cross_encoder,353,MDR-A_15,0
A13,direct_full_cross_encoder,354,S3-4_03,0
A13,direct_full_cross_encoder,355,MDR-T_05,0
A13,direct_full_cross_encoder,356,G1-5_11,0
A13,direct_full_cross_encoder,357,SBM-1_01,0
A13,direct_full_cross_encoder,358,S1-6_09,0
A13,direct_full_cross_encoder,359,S4.SBM-3_05,0
A13,direct_full_cross_encoder,360,S1-14_09,0
A13,direct_full_cross_encoder,361,E2-4_01,0
A13,direct_full_cross_encoder,362,E1.SBM-3_01,0
A13,direct_full_cross_encoder,363,S2-4_01,0
A13,direct_full_cross_encoder,364,S1.SBM-3_04,0
A13,direct_full_cross_encoder,365,S1-6_02,0
A13,direct_full_cross_encoder,366,SBM-2_03,0
A13,direct_full_cross_encoder,367,MDR-P_03,0
A13,direct_full_cross_encoder,368,S2-2_08,0
A13,direct_full_cross_encoder,369,E1-2_01,0
A13,direct_full_cross_encoder,370,S1-1_03,0
A13,direct_full_cross_encoder,371,S1-17_02,0
A13,direct_full_cross_encoder,372,S2-1_01,0
A13,direct_full_cross_encoder,373,GOV-1_11,0
A13,direct_full_cross_encoder,374,BP-2_22,0
A13,direct_full_cross_encoder,375,S1-1_09,0
A13,direct_full_cross_encoder,376,SBM-1_05,0
A13,direct_full_cross_encoder,377,S3-1_02,0
A13,direct_full_cross_encoder,378,E5-5_17,0
A13,direct_full_cross_encoder,379,S1-8_01,0
A13,direct_full_cross_encoder,380,S1-4_20,0
A13,direct_full_cross_encoder,381,S2-4_06,0
A13,direct_full_cross_encoder,382,E5-2_07,0
A13,direct_full_cross_encoder,383,S2.MDR-T_01-13,0
A13,direct_full_cross_encoder,384,S3.SBM-3_05,0
A13,direct_full_cross_encoder,385,S1-14_07,0
A13,direct_full_cross_encoder,386,E3-2_01,0
A13,direct_full_cross_encoder,387,S1-16_02,0
A13,direct_full_cross_encoder,388,GOV-1_05,0
A13,direct_full_cross_encoder,389,GOV-3_03,0
A13,direct_full_cross_encoder,390,S3-4_19,0
A13,direct_full_cross_encoder,391,S2-4_18,0
A13,direct_full_cross_encoder,392,SBM-1_17,0
A13,direct_full_cross_encoder,393,S1-6_11,0
A13,direct_full_cross_encoder,394,E5-2_05,0
A13,direct_full_cross_encoder,395,S2-4_07,0
A13,direct_full_cross_encoder,396,S1-9_04,0
A13,direct_full_cross_encoder,397,MDR-M_01,0
A13,direct_full_cross_encoder,398,S2-4_04,0
A13,direct_full_cross_encoder,399,S1-13_06,0
A13,direct_full_cross_encoder,400,S4-4_18,0
A13,direct_full_cross_encoder,401,E5-5_09,0
A13,direct_full_cross_encoder,402,E1-5_11,0
A13,direct_full_cross_encoder,403,S1-6_12,0
A13,direct_full_cross_encoder,404,E1-9_14,0
A13,direct_full_cross_encoder,405,E1-5_14,0
A13,direct_full_cross_encoder,406,S1-9_02,0
A13,direct_full_cross_encoder,407,BP-2_25,0
A13,direct_full_cross_encoder,408,S1-16_01,0
A13,direct_full_cross_encoder,409,E3-3_08,0
A13,direct_full_cross_encoder,410,S1-15_02,0
A13,direct_full_cross_encoder,411,GOV-1_01,0
A13,direct_full_cross_encoder,412,S1-14_03,0
A13,direct_full_cross_encoder,413,E3-4_11,0
A13,direct_full_cross_encoder,414,S1-15_01,0
A13,direct_full_cross_encoder,415,E3.MDR-A_01-12,0
A13,direct_full_cross_encoder,416,S2-4_03,0
A13,direct_full_cross_encoder,417,S1-6_05,0
A13,direct_full_cross_encoder,418,GOV-3_01,0
A13,direct_full_cross_encoder,419,E5-2_03,0
A13,direct_full_cross_encoder,420,E5-5_07,0
A13,direct_full_cross_encoder,421,S2.MDR-A_01-12,0
A13,direct_full_cross_encoder,422,E1-6_11,0
A13,direct_full_cross_encoder,423,E1-9_03,0
A13,direct_full_cross_encoder,424,S1-1_08,0
A13,direct_full_cross_encoder,425,E5-5_08,0
A13,direct_full_cross_encoder,426,E1-5_06,0
A13,direct_full_cross_encoder,427,SBM-1_02,0
A13,direct_full_cross_encoder,428,E1-9_01,0
A13,direct_full_cross_encoder,429,E1-9_02,0
A13,direct_full_cross_encoder,430,E1-6_07,0
A13,direct_full_cross_encoder,431,E1-5_01,0
A13,direct_full_cross_encoder,432,S2-1_05,0
A13,direct_full_cross_encoder,433,E1-5_13,0
A13,direct_full_cross_encoder,434,E4.IRO-1_15,0
A13,direct_full_cross_encoder,435,S1-6_03,0
A13,direct_full_cross_encoder,436,E1-5_07,0
A13,direct_full_cross_encoder,437,S1-1_22,0
A13,direct_full_cross_encoder,438,S1-17_11,0
A13,direct_full_cross_encoder,439,SBM-2_06,0
A13,direct_full_cross_encoder,440,E5-2_06,0
A13,direct_full_cross_encoder,441,E2-4_02,0
A13,direct_full_cross_encoder,442,SBM-1_07,0
A13,direct_full_cross_encoder,443,S1-6_10,0
A13,direct_full_cross_encoder,444,S1-6_04,0
A13,direct_full_cross_encoder,445,S1-6_07,0
A13,direct_full_cross_encoder,446,E3-4_12,0
A13,direct_full_cross_encoder,447,SBM-1_06,0
A13,direct_full_cross_encoder,448,SBM-1_04,0
A13,direct_full_cross_encoder,449,S1-11_06,0
A13,direct_full_cross_encoder,450,S2.SBM-3_06,0
A13,direct_full_cross_encoder,451,E1-6_17,0
A13,direct_full_cross_encoder,452,E3-4_05,0
A13,direct_full_cross_encoder,453,S1-13_01,0
A13,direct_full_cross_encoder,454,S1-9_01,0
A13,direct_full_cross_encoder,455,SBM-2_05,0
A13,direct_full_cross_encoder,456,E1-5_05,0
A13,direct_full_cross_encoder,457,E1.MDR-A_01-12,0
A13,direct_full_cross_encoder,458,SBM-2_01,0
A13,direct_full_cross_encoder,459,SBM-1_25,0
A13,direct_full_cross_encoder,460,E1-6_27,0
A13,direct_full_cross_encoder,461,GOV-1_10,0
A13,direct_full_cross_encoder,462,S1-10_04,0
A13,direct_full_cross_encoder,463,E5-2_08,0
A13,direct_full_cross_encoder,464,E2-4_09,0
A13,direct_full_cross_encoder,465,G1-4_02,0
A13,direct_full_cross_encoder,466,E1-4_09,0
A13,direct_full_cross_encoder,467,E1-6_04,0
A13,direct_full_cross_encoder,468,E3-4_02,0
A13,direct_full_cross_encoder,469,S1-10_01,0
A13,direct_full_cross_encoder,470,S1-6_01,0
A13,direct_full_cross_encoder,471,E1-5_10,0
A13,direct_full_cross_encoder,472,S1-10_02,0
A13,direct_full_cross_encoder,473,E1-4_12,0
A13,direct_full_cross_encoder,474,E1-6_28,0
A13,direct_full_cross_encoder,475,SBM-1_03,0
A13,direct_full_cross_encoder,476,S1-14_02,0
A13,direct_full_cross_encoder,477,GOV-1_06,0
A13,direct_full_cross_encoder,478,E1-3_03,0
A13,direct_full_cross_encoder,479,E1-5_08,0
A13,direct_full_cross_encoder,480,E1-5_02,0
A13,direct_full_cross_encoder,481,E1-5_12,0
A13,direct_full_cross_encoder,482,S1-6_06,0
A13,direct_full_cross_encoder,483,S1-10_03,0
A13,direct_full_cross_encoder,484,E4-3_15,0
A13,direct_full_cross_encoder,485,E1-4_15,0
A13,direct_full_cross_encoder,486,E1-4_06,0
A13,direct_full_cross_encoder,487,MDR-T_18,0
A13,direct_full_cross_encoder,488,S1-8_04,0
A13,direct_full_cross_encoder,489,E1-5_03,0
A13,direct_full_cross_encoder,490,S1-6_19,0
A13,direct_full_cross_encoder,491,SBM-1_21,0
A13,direct_full_cross_encoder,492,S1-15_03,0
A13,direct_full_cross_encoder,493,E1-9_41,0
A13,direct_full_cross_encoder,494,E5-5_15,0
A13,direct_full_cross_encoder,495,E3-4_01,0
A13,direct_full_cross_encoder,496,E1-6_01,0
A13,direct_full_cross_encoder,497,S1-6_20,0
A13,direct_full_cross_encoder,498,E3-2_02,0
A13,direct_full_cross_encoder,499,E4-2_02,0
A13,direct_full_cross_encoder,500,SBM-2_04,0
A13,direct_full_cross_encoder,501,E1-4_03,0
A13,direct_full_cross_encoder,502,E1-5_18,0
A13,direct_full_cross_encoder,503,SBM-1_15,0
A13,direct_full_cross_encoder,504,E5-5_16,0
A13,direct_full_cross_encoder,505,S3-4_17,0
A13,direct_full_cross_encoder,506,SBM-1_09,0
A13,direct_full_cross_encoder,507,SBM-1_19,0
A13,direct_full_cross_encoder,508,S1-16_04,0
A13,direct_full_cross_encoder,509,E1-6_31,0
A13,direct_full_cross_encoder,510,S1-13_03,0
A13,direct_full_cross_encoder,511,E1-6_30,0
A13,direct_full_cross_encoder,512,S1-16_05,0
A13,direct_full_cross_encoder,513,SBM-1_28,0
A13,direct_full_cross_encoder,514,E1-9_42,0
A13,direct_full_cross_encoder,515,E1-4_22,0
A13,direct_full_cross_encoder,516,S1-13_04,0
A13,direct_full_cross_encoder,517,GOV-3_02,0
A13,direct_full_kd_gold,1,BP-1_02,1
A13,direct_full_kd_gold,2,GOV-1_12,0
A13,direct_full_kd_gold,3,BP-1_04,0
A13,direct_full_kd_gold,4,S1-4_12,0
A13,direct_full_kd_gold,5,S1-4_09,0
A13,direct_full_kd_gold,6,SBM-3_11,0
A13,direct_full_kd_gold,7,MDR-A_06,0
A13,direct_full_kd_gold,8,BP-2_27,0
A13,direct_full_kd_gold,9,SBM-3_08,0
A13,direct_full_kd_gold,10,E4-5_18,0
A13,direct_full_kd_gold,11,GOV-2_01,0
A13,direct_full_kd_gold,12,G1.GOV-1_01,0
A13,direct_full_kd_gold,13,BP-2_23,0
A13,direct_full_kd_gold,14,MDR-A_05,0
A13,direct_full_kd_gold,15,E1.MDR-P_07-08,0
A13,direct_full_kd_gold,16,E1.MDR-T_14-19,0
A13,direct_full_kd_gold,17,GOV-2_02,0
A13,direct_full_kd_gold,18,S1-3_07,0
A13,direct_full_kd_gold,19,G1.MDR-A_13-14,0
A13,direct_full_kd_gold,20,E1.MDR-A_13-14,0
A13,direct_full_kd_gold,21,S1-6_16,0
A13,direct_full_kd_gold,22,G1.MDR-P_07-08,0
A13,direct_full_kd_gold,23,S4-4_12,0
A13,direct_full_kd_gold,24,BP-1_01,1
A13,direct_full_kd_gold,25,S1.MDR-A_13-14,0
A13,direct_full_kd_gold,26,E2.MDR-P_07-08,0
A13,direct_full_kd_gold,27,E2.MDR-A_13-14,0
A13,direct_full_kd_gold,28,G1.GOV-1_02,0
A13,direct_full_kd_gold,29,S2-4_12,0
A13,direct_full_kd_gold,30,E4.MDR-P_07-08,0
A13,direct_full_kd_gold,31,S1-17_07,0
A13,direct_full_kd_gold,32,S1.MDR-P_07-08,0
A13,direct_full_kd_gold,33,E4.MDR-A_13-14,0
A13,direct_full_kd_gold,34,E3.MDR-A_13-14,0
A13,direct_full_kd_gold,35,S1-5_06,0
A13,direct_full_kd_gold,36,S1-16_03,0
A13,direct_full_kd_gold,37,S1-1_14,0
A13,direct_full_kd_gold,38,E3.MDR-P_07-08,0
A13,direct_full_kd_gold,39,MDR-P_02,0
A13,direct_full_kd_gold,40,S4-3_04,0
A13,direct_full_kd_gold,41,S2.MDR-P_07-08,0
A13,direct_full_kd_gold,42,E5.MDR-P_07-08,0
A13,direct_full_kd_gold,43,S1-3_02,0
A13,direct_full_kd_gold,44,G1-3_03,0
A13,direct_full_kd_gold,45,S4-1_09,0
A13,direct_full_kd_gold,46,S1-3_06,0
A13,direct_full_kd_gold,47,S2-3_02,0
A13,direct_full_kd_gold,48,S4.MDR-P_07-08,0
A13,direct_full_kd_gold,49,E2.MDR-T_14-19,0
A13,direct_full_kd_gold,50,E5.MDR-A_13-14,0
A13,direct_full_kd_gold,51,S2-3_04,0
A13,direct_full_kd_gold,52,S2-1_11,0
A13,direct_full_kd_gold,53,S1.MDR-T_14-19,0
A13,direct_full_kd_gold,54,S2.MDR-A_13-14,0
A13,direct_full_kd_gold,55,S3-4_12,0
A13,direct_full_kd_gold,56,S4.MDR-A_13-14,0
A13,direct_full_kd_gold,57,E4.MDR-T_14-19,0
A13,direct_full_kd_gold,58,E3.MDR-T_14-19,0
A13,direct_full_kd_gold,59,SBM-1_23,0
A13,direct_full_kd_gold,60,E4-3_10,0
A13,direct_full_kd_gold,61,S3.MDR-P_07-08,0
A13,direct_full_kd_gold,62,S4-3_08,0
A13,direct_full_kd_gold,63,S1-4_10,0
A13,direct_full_kd_gold,64,S1-6_15,0
A13,direct_full_kd_gold,65,SBM-3_09,0
A13,direct_full_kd_gold,66,E5.MDR-T_14-19,0
A13,direct_full_kd_gold,67,S1-3_11,0
A13,direct_full_kd_gold,68,BP-2_26,0
A13,direct_full_kd_gold,69,E5.IRO-1_01,0
A13,direct_full_kd_gold,70,S1-7_08,0
A13,direct_full_kd_gold,71,S4-3_03,0
A13,direct_full_kd_gold,72,S4-5_06,0
A13,direct_full_kd_gold,73,S2-3_03,0
A13,direct_full_kd_gold,74,S1-1_07,0
A13,direct_full_kd_gold,75,MDR-P_08,0
A13,direct_full_kd_gold,76,S1-17_13,0
A13,direct_full_kd_gold,77,MDR-P_07,0
A13,direct_full_kd_gold,78,S3.MDR-A_13-14,0
A13,direct_full_kd_gold,79,S1-3_04,0
A13,direct_full_kd_gold,80,S3-1_09,0
A13,direct_full_kd_gold,81,S1-7_09,0
A13,direct_full_kd_gold,82,S2.MDR-T_14-19,0
A13,direct_full_kd_gold,83,E2-4_10,0
A13,direct_full_kd_gold,84,S2-5_06,0
A13,direct_full_kd_gold,85,E4-1_09,0
A13,direct_full_kd_gold,86,S4.MDR-T_14-19,0
A13,direct_full_kd_gold,87,MDR-T_14,0
A13,direct_full_kd_gold,88,S1-4_11,0
A13,direct_full_kd_gold,89,S4-3_02,0
A13,direct_full_kd_gold,90,S1-4_14,0
A13,direct_full_kd_gold,91,S2-3_09,0
A13,direct_full_kd_gold,92,S1-3_08,0
A13,direct_full_kd_gold,93,E5-5_03,0
A13,direct_full_kd_gold,94,S3-3_13,0
A13,direct_full_kd_gold,95,G1.MDR-P_01-06,0
A13,direct_full_kd_gold,96,S1-11_09,0
A13,direct_full_kd_gold,97,S1-11_11,0
A13,direct_full_kd_gold,98,S2-3_08,0
A13,direct_full_kd_gold,99,MDR-A_01,0
A13,direct_full_kd_gold,100,S1-2_12,0
A13,direct_full_kd_gold,101,BP-2_25,0
A13,direct_full_kd_gold,102,S3.MDR-T_14-19,0
A13,direct_full_kd_gold,103,S2-4_13,0
A13,direct_full_kd_gold,104,S1-11_07,0
A13,direct_full_kd_gold,105,SBM-1_08,0
A13,direct_full_kd_gold,106,MDR-P_01,0
A13,direct_full_kd_gold,107,S1-8_04,0
A13,direct_full_kd_gold,108,S1-11_10,0
A13,direct_full_kd_gold,109,S2-1_08,0
A13,direct_full_kd_gold,110,S1-2_01,0
A13,direct_full_kd_gold,111,S3-5_06,0
A13,direct_full_kd_gold,112,SBM-1_02,0
A13,direct_full_kd_gold,113,S1-3_01,0
A13,direct_full_kd_gold,114,S2-3_05,0
A13,direct_full_kd_gold,115,S1-4_13,0
A13,direct_full_kd_gold,116,E1.GOV-3_01,0
A13,direct_full_kd_gold,117,S4-4_13,0
A13,direct_full_kd_gold,118,S1-4_02,0
A13,direct_full_kd_gold,119,S1-5_02,0
A13,direct_full_kd_gold,120,MDR-T_04,0
A13,direct_full_kd_gold,121,S4-3_13,0
A13,direct_full_kd_gold,122,S2-3_11,0
A13,direct_full_kd_gold,123,S1-3_05,0
A13,direct_full_kd_gold,124,S4-3_11,0
A13,direct_full_kd_gold,125,S4-3_05,0
A13,direct_full_kd_gold,126,S1-7_10,0
A13,direct_full_kd_gold,127,MDR-T_21,0
A13,direct_full_kd_gold,128,MDR-A_14,0
A13,direct_full_kd_gold,129,BP-2_22,0
A13,direct_full_kd_gold,130,S3-3_17,0
A13,direct_full_kd_gold,131,S1.MDR-T_01-13,0
A13,direct_full_kd_gold,132,E1-6_26,0
A13,direct_full_kd_gold,133,S3-3_12,0
A13,direct_full_kd_gold,134,S1-3_10,0
A13,direct_full_kd_gold,135,SBM-1_07,0
A13,direct_full_kd_gold,136,S2-4_11,0
A13,direct_full_kd_gold,137,S2-2_01,0
A13,direct_full_kd_gold,138,G1-3_04,0
A13,direct_full_kd_gold,139,GOV-1_10,0
A13,direct_full_kd_gold,140,IRO-1_04,0
A13,direct_full_kd_gold,141,S1-1_01,0
A13,direct_full_kd_gold,142,S2-3_01,0
A13,direct_full_kd_gold,143,S3-1_06,0
A13,direct_full_kd_gold,144,MDR-T_17,0
A13,direct_full_kd_gold,145,GOV-3_04,0
A13,direct_full_kd_gold,146,S2-5_02,0
A13,direct_full_kd_gold,147,S4.MDR-T_01-13,0
A13,direct_full_kd_gold,148,S1-6_14,0
A13,direct_full_kd_gold,149,E3-4_06,0
A13,direct_full_kd_gold,150,S2-4_15,0
A13,direct_full_kd_gold,151,IRO-1_03,0
A13,direct_full_kd_gold,152,S1-2_14,0
A13,direct_full_kd_gold,153,MDR-P_05,0
A13,direct_full_kd_gold,154,S1.MDR-A_01-12,0
A13,direct_full_kd_gold,155,IRO-1_06,0
A13,direct_full_kd_gold,156,SBM-3_07,0
A13,direct_full_kd_gold,157,S2-3_07,0
A13,direct_full_kd_gold,158,SBM-1_28,0
A13,direct_full_kd_gold,159,E2.IRO-1_03,0
A13,direct_full_kd_gold,160,S1.SBM-3_03,0
A13,direct_full_kd_gold,161,S1-8_03,0
A13,direct_full_kd_gold,162,GOV-1_08,0
A13,direct_full_kd_gold,163,SBM-3_04,0
A13,direct_full_kd_gold,164,S1-1_12,0
A13,direct_full_kd_gold,165,S3-4_13,0
A13,direct_full_kd_gold,166,S2.SBM-3_05,0
A13,direct_full_kd_gold,167,MDR-P_09,0
A13,direct_full_kd_gold,168,S2-1_03,0
A13,direct_full_kd_gold,169,S2.MDR-T_01-13,0
A13,direct_full_kd_gold,170,S4-5_02,0
A13,direct_full_kd_gold,171,BP-2_24,0
A13,direct_full_kd_gold,172,S1-4_20,0
A13,direct_full_kd_gold,173,S4-3_01,0
A13,direct_full_kd_gold,174,MDR-T_13,0
A13,direct_full_kd_gold,175,S2-3_12,0
A13,direct_full_kd_gold,176,GOV-3_03,0
A13,direct_full_kd_gold,177,S2-4_01,0
A13,direct_full_kd_gold,178,SBM-1_25,0
A13,direct_full_kd_gold,179,S2-2_07,0
A13,direct_full_kd_gold,180,SBM-1_01,0
A13,direct_full_kd_gold,181,S4-4_18,0
A13,direct_full_kd_gold,182,MDR-T_20,0
A13,direct_full_kd_gold,183,E4-5_09,0
A13,direct_full_kd_gold,184,S1-6_08,0
A13,direct_full_kd_gold,185,E3.IRO-1_02,0
A13,direct_full_kd_gold,186,S4-2_01,0
A13,direct_full_kd_gold,187,S2.MDR-A_01-12,0
A13,direct_full_kd_gold,188,S4.MDR-A_01-12,0
A13,direct_full_kd_gold,189,S3-3_20,0
A13,direct_full_kd_gold,190,S2-4_18,0
A13,direct_full_kd_gold,191,S1-7_07,0
A13,direct_full_kd_gold,192,MDR-A_15,0
A13,direct_full_kd_gold,193,MDR-T_16,0
A13,direct_full_kd_gold,194,S1-4_01,0
A13,direct_full_kd_gold,195,S2-2_08,0
A13,direct_full_kd_gold,196,GOV-1_11,0
A13,direct_full_kd_gold,197,S2-4_05,0
A13,direct_full_kd_gold,198,SBM-2_12,0
A13,direct_full_kd_gold,199,S1-4_05,0
A13,direct_full_kd_gold,200,S1-11_04,0
A13,direct_full_kd_gold,201,S1-11_05,0
A13,direct_full_kd_gold,202,S2-5_03,0
A13,direct_full_kd_gold,203,E1-4_01,0
A13,direct_full_kd_gold,204,S3-4_10,0
A13,direct_full_kd_gold,205,S1-11_03,0
A13,direct_full_kd_gold,206,SBM-2_02,0
A13,direct_full_kd_gold,207,S1-17_03,0
A13,direct_full_kd_gold,208,S1-7_05,0
A13,direct_full_kd_gold,209,IRO-1_01,0
A13,direct_full_kd_gold,210,MDR-P_03,0
A13,direct_full_kd_gold,211,E1-6_04,0
A13,direct_full_kd_gold,212,E2-4_17,0
A13,direct_full_kd_gold,213,S3-4_19,0
A13,direct_full_kd_gold,214,S1-5_03,0
A13,direct_full_kd_gold,215,E1-4_06,0
A13,direct_full_kd_gold,216,S4-4_01,0
A13,direct_full_kd_gold,217,E1-4_25,0
A13,direct_full_kd_gold,218,E1.GOV-3_03,0
A13,direct_full_kd_gold,219,S2-4_04,0
A13,direct_full_kd_gold,220,GOV-1_17,0
A13,direct_full_kd_gold,221,SBM-1_21,0
A13,direct_full_kd_gold,222,S1-8_02,0
A13,direct_full_kd_gold,223,MDR-M_01,0
A13,direct_full_kd_gold,224,S2-1_04,0
A13,direct_full_kd_gold,225,E4-5_06,0
A13,direct_full_kd_gold,226,S4-1_05,0
A13,direct_full_kd_gold,227,S1-8_01,0
A13,direct_full_kd_gold,228,S2-4_03,0
A13,direct_full_kd_gold,229,S4-4_15,0
A13,direct_full_kd_gold,230,SBM-2_04,0
A13,direct_full_kd_gold,231,S4-3_09,0
A13,direct_full_kd_gold,232,MDR-A_13,0
A13,direct_full_kd_gold,233,S3-3_11,0
A13,direct_full_kd_gold,234,S1-2_08,0
A13,direct_full_kd_gold,235,S1-6_13,0
A13,direct_full_kd_gold,236,S1-11_01,0
A13,direct_full_kd_gold,237,S1-1_06,0
A13,direct_full_kd_gold,238,S1-7_06,0
A13,direct_full_kd_gold,239,E1-4_09,0
A13,direct_full_kd_gold,240,SBM-1_06,0
A13,direct_full_kd_gold,241,S4-4_11,0
A13,direct_full_kd_gold,242,IRO-1_14,0
A13,direct_full_kd_gold,243,E1-4_12,0
A13,direct_full_kd_gold,244,E1-6_01,0
A13,direct_full_kd_gold,245,S3-1_05,0
A13,direct_full_kd_gold,246,GOV-1_04,0
A13,direct_full_kd_gold,247,S2-1_06,0
A13,direct_full_kd_gold,248,BP-2_21,0
A13,direct_full_kd_gold,249,S1-4_16,0
A13,direct_full_kd_gold,250,E1-6_27,0
A13,direct_full_kd_gold,251,S1-2_07,0
A13,direct_full_kd_gold,252,S4-3_07,0
A13,direct_full_kd_gold,253,S4-1_01,0
A13,direct_full_kd_gold,254,MDR-T_07,0
A13,direct_full_kd_gold,255,E4-5_07,0
A13,direct_full_kd_gold,256,S3-3_10,0
A13,direct_full_kd_gold,257,SBM-2_06,0
A13,direct_full_kd_gold,258,E1-4_15,0
A13,direct_full_kd_gold,259,S1-2_10,0
A13,direct_full_kd_gold,260,MDR-T_09,0
A13,direct_full_kd_gold,261,S2-4_06,0
A13,direct_full_kd_gold,262,SBM-3_01,0
A13,direct_full_kd_gold,263,E5.MDR-A_01-12,0
A13,direct_full_kd_gold,264,E1-6_31,0
A13,direct_full_kd_gold,265,S4-2_07,0
A13,direct_full_kd_gold,266,E1-6_07,0
A13,direct_full_kd_gold,267,S1-4_03,0
A13,direct_full_kd_gold,268,G1-1_10,0
A13,direct_full_kd_gold,269,E5-5_18,0
A13,direct_full_kd_gold,270,S1-1_21,0
A13,direct_full_kd_gold,271,S2-2_09,0
A13,direct_full_kd_gold,272,S1-2_03,0
A13,direct_full_kd_gold,273,S3-3_14,0
A13,direct_full_kd_gold,274,S2-2_06,0
A13,direct_full_kd_gold,275,IRO-1_02,0
A13,direct_full_kd_gold,276,SBM-2_03,0
A13,direct_full_kd_gold,277,S4-1_06,0
A13,direct_full_kd_gold,278,MDR-P_06,0
A13,direct_full_kd_gold,279,SBM-2_01,0
A13,direct_full_kd_gold,280,S1-16_02,0
A13,direct_full_kd_gold,281,S4-2_03,0
A13,direct_full_kd_gold,282,S1-4_04,0
A13,direct_full_kd_gold,283,GOV-1_03,0
A13,direct_full_kd_gold,284,E4-1_11,0
A13,direct_full_kd_gold,285,S1-8_08,0
A13,direct_full_kd_gold,286,S4-5_03,0
A13,direct_full_kd_gold,287,S1-1_05,0
A13,direct_full_kd_gold,288,E1-6_30,0
A13,direct_full_kd_gold,289,GOV-3_01,0
A13,direct_full_kd_gold,290,IRO-1_05,0
A13,direct_full_kd_gold,291,S3-4_15,0
A13,direct_full_kd_gold,292,S1-6_07,0
A13,direct_full_kd_gold,293,SBM-1_09,0
A13,direct_full_kd_gold,294,S2.SBM-3_06,0
A13,direct_full_kd_gold,295,S3-2_01,0
A13,direct_full_kd_gold,296,E4-2_01,0
A13,direct_full_kd_gold,297,S4-2_08,0
A13,direct_full_kd_gold,298,E3.IRO-1_01,0
A13,direct_full_kd_gold,299,E1-6_11,0
A13,direct_full_kd_gold,300,G1-4_07,0
A13,direct_full_kd_gold,301,SBM-2_05,0
A13,direct_full_kd_gold,302,S4.SBM-3_04,0
A13,direct_full_kd_gold,303,S2-2_03,0
A13,direct_full_kd_gold,304,S4-4_04,0
A13,direct_full_kd_gold,305,S3-5_02,0
A13,direct_full_kd_gold,306,SBM-1_15,0
A13,direct_full_kd_gold,307,S1-2_09,0
A13,direct_full_kd_gold,308,MDR-T_02,0
A13,direct_full_kd_gold,309,S4-2_06,0
A13,direct_full_kd_gold,310,E4-5_08,0
A13,direct_full_kd_gold,311,GOV-1_16,0
A13,direct_full_kd_gold,312,S3.MDR-T_01-13,0
A13,direct_full_kd_gold,313,S1.SBM-3_04,0
A13,direct_full_kd_gold,314,SBM-3_02,0
A13,direct_full_kd_gold,315,E1-4_03,0
A13,direct_full_kd_gold,316,S3-3_18,0
A13,direct_full_kd_gold,317,S4-4_03,0
A13,direct_full_kd_gold,318,S2-4_07,0
A13,direct_full_kd_gold,319,S4-4_06,0
A13,direct_full_kd_gold,320,S4-3_12,0
A13,direct_full_kd_gold,321,S3-2_03,0
A13,direct_full_kd_gold,322,E4-3_15,0
A13,direct_full_kd_gold,323,S3.MDR-A_01-12,0
A13,direct_full_kd_gold,324,S4-1_04,0
A13,direct_full_kd_gold,325,E5-5_17,0
A13,direct_full_kd_gold,326,MDR-A_04,0
A13,direct_full_kd_gold,327,G1.MDR-A_01-12,0
A13,direct_full_kd_gold,328,E5-2_05,0
A13,direct_full_kd_gold,329,E1.SBM-3_01,0
A13,direct_full_kd_gold,330,E3-3_04,0
A13,direct_full_kd_gold,331,E2-4_15,0
A13,direct_full_kd_gold,332,S4-4_02,0
A13,direct_full_kd_gold,333,E5-2_08,0
A13,direct_full_kd_gold,334,S2-4_02,0
A13,direct_full_kd_gold,335,S1-3_09,0
A13,direct_full_kd_gold,336,S3-5_03,0
A13,direct_full_kd_gold,337,S4-4_07,0
A13,direct_full_kd_gold,338,E1.MDR-T_01-13,0
A13,direct_full_kd_gold,339,S3-4_01,0
A13,direct_full_kd_gold,340,S3-2_08,0
A13,direct_full_kd_gold,341,G1-2_02,0
A13,direct_full_kd_gold,342,S4-4_05,0
A13,direct_full_kd_gold,343,S3-3_16,0
A13,direct_full_kd_gold,344,SBM-1_05,0
A13,direct_full_kd_gold,345,S2-2_02,0
A13,direct_full_kd_gold,346,S1-2_11,0
A13,direct_full_kd_gold,347,S3-4_02,0
A13,direct_full_kd_gold,348,S1-12_01,0
A13,direct_full_kd_gold,349,S3-4_05,0
A13,direct_full_kd_gold,350,E4.MDR-T_01-13,0
A13,direct_full_kd_gold,351,E1-9_14,0
A13,direct_full_kd_gold,352,S2-1_01,0
A13,direct_full_kd_gold,353,S1-13_02,0
A13,direct_full_kd_gold,354,S4.SBM-3_05,0
A13,direct_full_kd_gold,355,E2-3_05,0
A13,direct_full_kd_gold,356,E5.MDR-T_01-13,0
A13,direct_full_kd_gold,357,S4-3_06,0
A13,direct_full_kd_gold,358,S1-2_06,0
A13,direct_full_kd_gold,359,E3-2_01,0
A13,direct_full_kd_gold,360,S3-2_06,0
A13,direct_full_kd_gold,361,S1-1_13,0
A13,direct_full_kd_gold,362,E2.MDR-T_01-13,0
A13,direct_full_kd_gold,363,S1-7_03,0
A13,direct_full_kd_gold,364,E4.IRO-1_15,0
A13,direct_full_kd_gold,365,S3-1_01,0
A13,direct_full_kd_gold,366,S3-2_09,0
A13,direct_full_kd_gold,367,GOV-1_05,0
A13,direct_full_kd_gold,368,E3.MDR-T_01-13,0
A13,direct_full_kd_gold,369,S3.SBM-3_04,0
A13,direct_full_kd_gold,370,S3-1_04,0
A13,direct_full_kd_gold,371,G1-5_11,0
A13,direct_full_kd_gold,372,S2-3_06,0
A13,direct_full_kd_gold,373,E2-4_01,0
A13,direct_full_kd_gold,374,MDR-T_18,0
A13,direct_full_kd_gold,375,S1-13_06,0
A13,direct_full_kd_gold,376,S3-4_04,0
A13,direct_full_kd_gold,377,E4-3_01,0
A13,direct_full_kd_gold,378,S3-4_06,0
A13,direct_full_kd_gold,379,S3-3_15,0
A13,direct_full_kd_gold,380,S4-2_09,0
A13,direct_full_kd_gold,381,GOV-1_07,0
A13,direct_full_kd_gold,382,S3-2_05,0
A13,direct_full_kd_gold,383,E5-2_07,0
A13,direct_full_kd_gold,384,S1-6_12,0
A13,direct_full_kd_gold,385,E1-2_01,0
A13,direct_full_kd_gold,386,MDR-T_10,0
A13,direct_full_kd_gold,387,E3.MDR-A_01-12,0
A13,direct_full_kd_gold,388,S1-6_01,0
A13,direct_full_kd_gold,389,S1-1_09,0
A13,direct_full_kd_gold,390,SBM-1_17,0
A13,direct_full_kd_gold,391,E4-3_14,0
A13,direct_full_kd_gold,392,E2-3_06,0
A13,direct_full_kd_gold,393,E2.MDR-A_01-12,0
A13,direct_full_kd_gold,394,G1-4_05,0
A13,direct_full_kd_gold,395,S3.SBM-3_05,0
A13,direct_full_kd_gold,396,S1-6_04,0
A13,direct_full_kd_gold,397,GOV-3_02,0
A13,direct_full_kd_gold,398,S3-4_03,0
A13,direct_full_kd_gold,399,S3-4_07,0
A13,direct_full_kd_gold,400,S3-4_11,0
A13,direct_full_kd_gold,401,E2-2_01,0
A13,direct_full_kd_gold,402,E3-3_08,0
A13,direct_full_kd_gold,403,S1-6_09,0
A13,direct_full_kd_gold,404,S1-13_05,0
A13,direct_full_kd_gold,405,S1-11_06,0
A13,direct_full_kd_gold,406,SBM-1_19,0
A13,direct_full_kd_gold,407,G1-4_08,0
A13,direct_full_kd_gold,408,S1-2_02,0
A13,direct_full_kd_gold,409,S1-7_02,0
A13,direct_full_kd_gold,410,S4-1_02,0
A13,direct_full_kd_gold,411,E1-9_03,0
A13,direct_full_kd_gold,412,E2-3_09,0
A13,direct_full_kd_gold,413,S1-17_08,0
A13,direct_full_kd_gold,414,E1-6_28,0
A13,direct_full_kd_gold,415,S1-14_06,0
A13,direct_full_kd_gold,416,S1-16_05,0
A13,direct_full_kd_gold,417,E1-9_01,0
A13,direct_full_kd_gold,418,S1-17_11,0
A13,direct_full_kd_gold,419,S1-16_04,0
A13,direct_full_kd_gold,420,E4-2_02,0
A13,direct_full_kd_gold,421,E1-5_18,0
A13,direct_full_kd_gold,422,S1-10_01,0
A13,direct_full_kd_gold,423,S1-1_10,0
A13,direct_full_kd_gold,424,S1-1_03,0
A13,direct_full_kd_gold,425,S1-9_02,0
A13,direct_full_kd_gold,426,S1-6_18,0
A13,direct_full_kd_gold,427,E5-5_09,0
A13,direct_full_kd_gold,428,SBM-1_04,0
A13,direct_full_kd_gold,429,E2-4_09,0
A13,direct_full_kd_gold,430,E5-2_06,0
A13,direct_full_kd_gold,431,S1-14_08,0
A13,direct_full_kd_gold,432,E4.MDR-A_01-12,0
A13,direct_full_kd_gold,433,S3-3_21,0
A13,direct_full_kd_gold,434,S3-4_17,0
A13,direct_full_kd_gold,435,S1-1_22,0
A13,direct_full_kd_gold,436,S1-6_11,0
A13,direct_full_kd_gold,437,S4-2_05,0
A13,direct_full_kd_gold,438,E1-9_02,0
A13,direct_full_kd_gold,439,S1-15_02,0
A13,direct_full_kd_gold,440,E5-2_02,0
A13,direct_full_kd_gold,441,S4-2_02,0
A13,direct_full_kd_gold,442,S1-7_01,0
A13,direct_full_kd_gold,443,S1-6_10,0
A13,direct_full_kd_gold,444,G1-4_04,0
A13,direct_full_kd_gold,445,E3-2_02,0
A13,direct_full_kd_gold,446,E1-5_07,0
A13,direct_full_kd_gold,447,G1-4_06,0
A13,direct_full_kd_gold,448,S1-6_20,0
A13,direct_full_kd_gold,449,S1-14_05,0
A13,direct_full_kd_gold,450,E4-5_14,0
A13,direct_full_kd_gold,451,E5-2_03,0
A13,direct_full_kd_gold,452,S1-15_01,0
A13,direct_full_kd_gold,453,E1-6_17,0
A13,direct_full_kd_gold,454,E3-4_12,0
A13,direct_full_kd_gold,455,GOV-1_06,0
A13,direct_full_kd_gold,456,S1-14_04,0
A13,direct_full_kd_gold,457,SBM-1_03,0
A13,direct_full_kd_gold,458,S1-14_12,0
A13,direct_full_kd_gold,459,E1-4_22,0
A13,direct_full_kd_gold,460,S1-6_19,0
A13,direct_full_kd_gold,461,E5-5_15,0
A13,direct_full_kd_gold,462,E5-4_05,0
A13,direct_full_kd_gold,463,S1-6_02,0
A13,direct_full_kd_gold,464,E5-5_08,0
A13,direct_full_kd_gold,465,E1.MDR-A_01-12,0
A13,direct_full_kd_gold,466,S1-6_03,0
A13,direct_full_kd_gold,467,E1-9_41,0
A13,direct_full_kd_gold,468,S1-9_01,0
A13,direct_full_kd_gold,469,S3-2_02,0
A13,direct_full_kd_gold,470,E1-3_03,0
A13,direct_full_kd_gold,471,S3-1_02,0
A13,direct_full_kd_gold,472,GOV-1_02,0
A13,direct_full_kd_gold,473,S1-14_07,0
A13,direct_full_kd_gold,474,S1-1_08,0
A13,direct_full_kd_gold,475,GOV-1_01,0
A13,direct_full_kd_gold,476,S1-10_02,0
A13,direct_full_kd_gold,477,S1-16_01,0
A13,direct_full_kd_gold,478,E1-5_01,0
A13,direct_full_kd_gold,479,E3-4_05,0
A13,direct_full_kd_gold,480,S2-1_05,0
A13,direct_full_kd_gold,481,S1-10_03,0
A13,direct_full_kd_gold,482,S1-17_05,0
A13,direct_full_kd_gold,483,S1-15_03,0
A13,direct_full_kd_gold,484,S1-17_01,0
A13,direct_full_kd_gold,485,E5-5_16,0
A13,direct_full_kd_gold,486,E1-5_14,0
A13,direct_full_kd_gold,487,S1-14_09,0
A13,direct_full_kd_gold,488,E2-4_02,0
A13,direct_full_kd_gold,489,S1-9_03,0
A13,direct_full_kd_gold,490,S1-13_04,0
A13,direct_full_kd_gold,491,G1-4_01,0
A13,direct_full_kd_gold,492,S1-6_06,0
A13,direct_full_kd_gold,493,S1-17_02,0
A13,direct_full_kd_gold,494,G1-4_02,0
A13,direct_full_kd_gold,495,E1-5_11,0
A13,direct_full_kd_gold,496,S1-6_05,0
A13,direct_full_kd_gold,497,E3-4_01,0
A13,direct_full_kd_gold,498,E5-5_07,0
A13,direct_full_kd_gold,499,S1-9_05,0
A13,direct_full_kd_gold,500,MDR-T_05,0
A13,direct_full_kd_gold,501,E3-4_11,0
A13,direct_full_kd_gold,502,E1-9_42,0
A13,direct_full_kd_gold,503,S1-9_04,0
A13,direct_full_kd_gold,504,S1-10_04,0
A13,direct_full_kd_gold,505,S1-14_03,0
A13,direct_full_kd_gold,506,S1-14_02,0
A13,direct_full_kd_gold,507,E1-5_05,0
A13,direct_full_kd_gold,508,S1-13_01,0
A13,direct_full_kd_gold,509,S1-13_03,0
A13,direct_full_kd_gold,510,E1-5_06,0
A13,direct_full_kd_gold,511,E1-5_03,0
A13,direct_full_kd_gold,512,E1-5_10,0
A13,direct_full_kd_gold,513,E1-5_08,0
A13,direct_full_kd_gold,514,E1-5_02,0
A13,direct_full_kd_gold,515,E3-4_02,0
A13,direct_full_kd_gold,516,E1-5_12,0
A13,direct_full_kd_gold,517,E1-5_13,0
A13,direct_full_kd_gold_medium,1,BP-1_02,1
A13,direct_full_kd_gold_medium,2,GOV-1_12,0
A13,direct_full_kd_gold_medium,3,BP-1_04,0
A13,direct_full_kd_gold_medium,4,S1-4_12,0
A13,direct_full_kd_gold_medium,5,S1-4_09,0
A13,direct_full_kd_gold_medium,6,SBM-3_11,0
A13,direct_full_kd_gold_medium,7,SBM-3_08,0
A13,direct_full_kd_gold_medium,8,MDR-A_06,0
A13,direct_full_kd_gold_medium,9,E4-5_18,0
A13,direct_full_kd_gold_medium,10,GOV-2_01,0
A13,direct_full_kd_gold_medium,11,BP-2_27,0
A13,direct_full_kd_gold_medium,12,G1.GOV-1_01,0
A13,direct_full_kd_gold_medium,13,GOV-2_02,0
A13,direct_full_kd_gold_medium,14,MDR-A_05,0
A13,direct_full_kd_gold_medium,15,BP-2_23,0
A13,direct_full_kd_gold_medium,16,E1.MDR-P_07-08,0
A13,direct_full_kd_gold_medium,17,E1.MDR-T_14-19,0
A13,direct_full_kd_gold_medium,18,S1-3_07,0
A13,direct_full_kd_gold_medium,19,S1-6_16,0
A13,direct_full_kd_gold_medium,20,G1.MDR-A_13-14,0
A13,direct_full_kd_gold_medium,21,S4-4_12,0
A13,direct_full_kd_gold_medium,22,G1.MDR-P_07-08,0
A13,direct_full_kd_gold_medium,23,E1.MDR-A_13-14,0
A13,direct_full_kd_gold_medium,24,E2.MDR-P_07-08,0
A13,direct_full_kd_gold_medium,25,E2.MDR-A_13-14,0
A13,direct_full_kd_gold_medium,26,S1-17_07,0
A13,direct_full_kd_gold_medium,27,S2-4_12,0
A13,direct_full_kd_gold_medium,28,S1.MDR-A_13-14,0
A13,direct_full_kd_gold_medium,29,E4.MDR-P_07-08,0
A13,direct_full_kd_gold_medium,30,G1.GOV-1_02,0
A13,direct_full_kd_gold_medium,31,E4.MDR-A_13-14,0
A13,direct_full_kd_gold_medium,32,S1.MDR-P_07-08,0
A13,direct_full_kd_gold_medium,33,E3.MDR-A_13-14,0
A13,direct_full_kd_gold_medium,34,S1-5_06,0
A13,direct_full_kd_gold_medium,35,S1-16_03,0
A13,direct_full_kd_gold_medium,36,S4-3_04,0
A13,direct_full_kd_gold_medium,37,E3.MDR-P_07-08,0
A13,direct_full_kd_gold_medium,38,S1-1_14,0
A13,direct_full_kd_gold_medium,39,E5.MDR-P_07-08,0
A13,direct_full_kd_gold_medium,40,BP-1_01,1
A13,direct_full_kd_gold_medium,41,S2.MDR-P_07-08,0
A13,direct_full_kd_gold_medium,42,E2.MDR-T_14-19,0
A13,direct_full_kd_gold_medium,43,S1-3_06,0
A13,direct_full_kd_gold_medium,44,S4.MDR-P_07-08,0
A13,direct_full_kd_gold_medium,45,S1-3_02,0
A13,direct_full_kd_gold_medium,46,S2-3_04,0
A13,direct_full_kd_gold_medium,47,S4-1_09,0
A13,direct_full_kd_gold_medium,48,E5.MDR-A_13-14,0
A13,direct_full_kd_gold_medium,49,G1-3_03,0
A13,direct_full_kd_gold_medium,50,S2-3_02,0
A13,direct_full_kd_gold_medium,51,S3-4_12,0
A13,direct_full_kd_gold_medium,52,MDR-P_02,0
A13,direct_full_kd_gold_medium,53,S1.MDR-T_14-19,0
A13,direct_full_kd_gold_medium,54,S2-1_11,0
A13,direct_full_kd_gold_medium,55,S2.MDR-A_13-14,0
A13,direct_full_kd_gold_medium,56,E4.MDR-T_14-19,0
A13,direct_full_kd_gold_medium,57,S1-4_10,0
A13,direct_full_kd_gold_medium,58,E3.MDR-T_14-19,0
A13,direct_full_kd_gold_medium,59,S4.MDR-A_13-14,0
A13,direct_full_kd_gold_medium,60,E4-3_10,0
A13,direct_full_kd_gold_medium,61,S3.MDR-P_07-08,0
A13,direct_full_kd_gold_medium,62,E5.MDR-T_14-19,0
A13,direct_full_kd_gold_medium,63,SBM-3_09,0
A13,direct_full_kd_gold_medium,64,S4-3_08,0
A13,direct_full_kd_gold_medium,65,SBM-1_23,0
A13,direct_full_kd_gold_medium,66,E5.IRO-1_01,0
A13,direct_full_kd_gold_medium,67,S4-3_03,0
A13,direct_full_kd_gold_medium,68,S4-5_06,0
A13,direct_full_kd_gold_medium,69,S1-3_11,0
A13,direct_full_kd_gold_medium,70,S1-6_15,0
A13,direct_full_kd_gold_medium,71,S2-3_03,0
A13,direct_full_kd_gold_medium,72,S1-7_09,0
A13,direct_full_kd_gold_medium,73,S1-17_13,0
A13,direct_full_kd_gold_medium,74,MDR-P_08,0
A13,direct_full_kd_gold_medium,75,S1-1_07,0
A13,direct_full_kd_gold_medium,76,S3.MDR-A_13-14,0
A13,direct_full_kd_gold_medium,77,BP-2_26,0
A13,direct_full_kd_gold_medium,78,S2.MDR-T_14-19,0
A13,direct_full_kd_gold_medium,79,MDR-P_07,0
A13,direct_full_kd_gold_medium,80,S3-1_09,0
A13,direct_full_kd_gold_medium,81,S1-7_08,0
A13,direct_full_kd_gold_medium,82,S1-4_11,0
A13,direct_full_kd_gold_medium,83,S2-5_06,0
A13,direct_full_kd_gold_medium,84,E2-4_10,0
A13,direct_full_kd_gold_medium,85,E4-1_09,0
A13,direct_full_kd_gold_medium,86,S4.MDR-T_14-19,0
A13,direct_full_kd_gold_medium,87,S4-3_02,0
A13,direct_full_kd_gold_medium,88,MDR-T_14,0
A13,direct_full_kd_gold_medium,89,S1-3_04,0
A13,direct_full_kd_gold_medium,90,S3-3_13,0
A13,direct_full_kd_gold_medium,91,E5-5_03,0
A13,direct_full_kd_gold_medium,92,S1-4_14,0
A13,direct_full_kd_gold_medium,93,MDR-A_01,0
A13,direct_full_kd_gold_medium,94,S2-3_09,0
A13,direct_full_kd_gold_medium,95,S1-11_09,0
A13,direct_full_kd_gold_medium,96,S1-3_08,0
A13,direct_full_kd_gold_medium,97,S2-3_08,0
A13,direct_full_kd_gold_medium,98,S1-11_11,0
A13,direct_full_kd_gold_medium,99,S1-2_12,0
A13,direct_full_kd_gold_medium,100,S3.MDR-T_14-19,0
A13,direct_full_kd_gold_medium,101,S3-5_06,0
A13,direct_full_kd_gold_medium,102,G1.MDR-P_01-06,0
A13,direct_full_kd_gold_medium,103,MDR-P_01,0
A13,direct_full_kd_gold_medium,104,S1-11_07,0
A13,direct_full_kd_gold_medium,105,S1-2_01,0
A13,direct_full_kd_gold_medium,106,S2-4_13,0
A13,direct_full_kd_gold_medium,107,S1-4_13,0
A13,direct_full_kd_gold_medium,108,S2-1_08,0
A13,direct_full_kd_gold_medium,109,BP-2_25,0
A13,direct_full_kd_gold_medium,110,S1-3_01,0
A13,direct_full_kd_gold_medium,111,S4-3_11,0
A13,direct_full_kd_gold_medium,112,S1-4_02,0
A13,direct_full_kd_gold_medium,113,S1-11_10,0
A13,direct_full_kd_gold_medium,114,S2-3_05,0
A13,direct_full_kd_gold_medium,115,SBM-1_08,0
A13,direct_full_kd_gold_medium,116,S4-3_13,0
A13,direct_full_kd_gold_medium,117,SBM-1_02,0
A13,direct_full_kd_gold_medium,118,S4-4_13,0
A13,direct_full_kd_gold_medium,119,S2-3_11,0
A13,direct_full_kd_gold_medium,120,S1-8_04,0
A13,direct_full_kd_gold_medium,121,MDR-T_04,0
A13,direct_full_kd_gold_medium,122,S1-5_02,0
A13,direct_full_kd_gold_medium,123,S3-3_12,0
A13,direct_full_kd_gold_medium,124,S3-3_17,0
A13,direct_full_kd_gold_medium,125,MDR-A_14,0
A13,direct_full_kd_gold_medium,126,S4-3_05,0
A13,direct_full_kd_gold_medium,127,E1.GOV-3_01,0
A13,direct_full_kd_gold_medium,128,S1-3_05,0
A13,direct_full_kd_gold_medium,129,MDR-T_21,0
A13,direct_full_kd_gold_medium,130,E1-6_26,0
A13,direct_full_kd_gold_medium,131,S2-2_01,0
A13,direct_full_kd_gold_medium,132,S2-4_11,0
A13,direct_full_kd_gold_medium,133,S3-1_06,0
A13,direct_full_kd_gold_medium,134,BP-2_22,0
A13,direct_full_kd_gold_medium,135,S1.MDR-T_01-13,0
A13,direct_full_kd_gold_medium,136,SBM-1_07,0
A13,direct_full_kd_gold_medium,137,S1-7_10,0
A13,direct_full_kd_gold_medium,138,S2-3_01,0
A13,direct_full_kd_gold_medium,139,G1-3_04,0
A13,direct_full_kd_gold_medium,140,GOV-1_10,0
A13,direct_full_kd_gold_medium,141,S1-3_10,0
A13,direct_full_kd_gold_medium,142,IRO-1_04,0
A13,direct_full_kd_gold_medium,143,E3-4_06,0
A13,direct_full_kd_gold_medium,144,GOV-3_04,0
A13,direct_full_kd_gold_medium,145,S4.MDR-T_01-13,0
A13,direct_full_kd_gold_medium,146,S2-5_02,0
A13,direct_full_kd_gold_medium,147,MDR-T_17,0
A13,direct_full_kd_gold_medium,148,S1-2_14,0
A13,direct_full_kd_gold_medium,149,S1-1_01,0
A13,direct_full_kd_gold_medium,150,IRO-1_06,0
A13,direct_full_kd_gold_medium,151,IRO-1_03,0
A13,direct_full_kd_gold_medium,152,S2-4_15,0
A13,direct_full_kd_gold_medium,153,E2.IRO-1_03,0
A13,direct_full_kd_gold_medium,154,SBM-3_04,0
A13,direct_full_kd_gold_medium,155,SBM-3_07,0
A13,direct_full_kd_gold_medium,156,MDR-P_05,0
A13,direct_full_kd_gold_medium,157,S3-4_13,0
A13,direct_full_kd_gold_medium,158,S4-5_02,0
A13,direct_full_kd_gold_medium,159,S1.MDR-A_01-12,0
A13,direct_full_kd_gold_medium,160,SBM-1_28,0
A13,direct_full_kd_gold_medium,161,S1-6_14,0
A13,direct_full_kd_gold_medium,162,S2-3_07,0
A13,direct_full_kd_gold_medium,163,S2.SBM-3_05,0
A13,direct_full_kd_gold_medium,164,S4-3_01,0
A13,direct_full_kd_gold_medium,165,S1.SBM-3_03,0
A13,direct_full_kd_gold_medium,166,S3-3_20,0
A13,direct_full_kd_gold_medium,167,GOV-1_08,0
A13,direct_full_kd_gold_medium,168,MDR-T_13,0
A13,direct_full_kd_gold_medium,169,S1-1_12,0
A13,direct_full_kd_gold_medium,170,S2-1_03,0
A13,direct_full_kd_gold_medium,171,S1-4_20,0
A13,direct_full_kd_gold_medium,172,S2.MDR-T_01-13,0
A13,direct_full_kd_gold_medium,173,S4-2_01,0
A13,direct_full_kd_gold_medium,174,E4-5_09,0
A13,direct_full_kd_gold_medium,175,S2-2_07,0
A13,direct_full_kd_gold_medium,176,S2-3_12,0
A13,direct_full_kd_gold_medium,177,SBM-1_25,0
A13,direct_full_kd_gold_medium,178,S4-4_18,0
A13,direct_full_kd_gold_medium,179,MDR-P_09,0
A13,direct_full_kd_gold_medium,180,S2-4_01,0
A13,direct_full_kd_gold_medium,181,GOV-3_03,0
A13,direct_full_kd_gold_medium,182,S2-4_18,0
A13,direct_full_kd_gold_medium,183,BP-2_24,0
A13,direct_full_kd_gold_medium,184,S1-8_03,0
A13,direct_full_kd_gold_medium,185,S4.MDR-A_01-12,0
A13,direct_full_kd_gold_medium,186,SBM-1_01,0
A13,direct_full_kd_gold_medium,187,E3.IRO-1_02,0
A13,direct_full_kd_gold_medium,188,S1-6_08,0
A13,direct_full_kd_gold_medium,189,S3-4_10,0
A13,direct_full_kd_gold_medium,190,MDR-T_20,0
A13,direct_full_kd_gold_medium,191,S2.MDR-A_01-12,0
A13,direct_full_kd_gold_medium,192,E1-4_01,0
A13,direct_full_kd_gold_medium,193,S1-4_01,0
A13,direct_full_kd_gold_medium,194,MDR-T_16,0
A13,direct_full_kd_gold_medium,195,S1-7_05,0
A13,direct_full_kd_gold_medium,196,MDR-A_15,0
A13,direct_full_kd_gold_medium,197,S1-7_07,0
A13,direct_full_kd_gold_medium,198,S1-4_05,0
A13,direct_full_kd_gold_medium,199,S1-17_03,0
A13,direct_full_kd_gold_medium,200,S2-4_05,0
A13,direct_full_kd_gold_medium,201,GOV-1_11,0
A13,direct_full_kd_gold_medium,202,S2-5_03,0
A13,direct_full_kd_gold_medium,203,S2-2_08,0
A13,direct_full_kd_gold_medium,204,SBM-2_02,0
A13,direct_full_kd_gold_medium,205,S3-4_19,0
A13,direct_full_kd_gold_medium,206,SBM-2_12,0
A13,direct_full_kd_gold_medium,207,E1-6_04,0
A13,direct_full_kd_gold_medium,208,IRO-1_01,0
A13,direct_full_kd_gold_medium,209,S4-4_01,0
A13,direct_full_kd_gold_medium,210,S1-11_05,0
A13,direct_full_kd_gold_medium,211,S1-11_03,0
A13,direct_full_kd_gold_medium,212,S1-11_04,0
A13,direct_full_kd_gold_medium,213,E2-4_17,0
A13,direct_full_kd_gold_medium,214,MDR-P_03,0
A13,direct_full_kd_gold_medium,215,S2-1_04,0
A13,direct_full_kd_gold_medium,216,S1-5_03,0
A13,direct_full_kd_gold_medium,217,S4-1_05,0
A13,direct_full_kd_gold_medium,218,S2-4_04,0
A13,direct_full_kd_gold_medium,219,S4-4_15,0
A13,direct_full_kd_gold_medium,220,GOV-1_17,0
A13,direct_full_kd_gold_medium,221,E1-4_06,0
A13,direct_full_kd_gold_medium,222,MDR-M_01,0
A13,direct_full_kd_gold_medium,223,E1-4_25,0
A13,direct_full_kd_gold_medium,224,E4-5_06,0
A13,direct_full_kd_gold_medium,225,S3-3_11,0
A13,direct_full_kd_gold_medium,226,S4-3_09,0
A13,direct_full_kd_gold_medium,227,S4-4_11,0
A13,direct_full_kd_gold_medium,228,S1-1_06,0
A13,direct_full_kd_gold_medium,229,SBM-1_21,0
A13,direct_full_kd_gold_medium,230,S2-4_03,0
A13,direct_full_kd_gold_medium,231,S1-6_13,0
A13,direct_full_kd_gold_medium,232,S3-1_05,0
A13,direct_full_kd_gold_medium,233,SBM-1_06,0
A13,direct_full_kd_gold_medium,234,S1-4_16,0
A13,direct_full_kd_gold_medium,235,SBM-2_04,0
A13,direct_full_kd_gold_medium,236,S1-7_06,0
A13,direct_full_kd_gold_medium,237,E1-6_01,0
A13,direct_full_kd_gold_medium,238,MDR-A_13,0
A13,direct_full_kd_gold_medium,239,IRO-1_14,0
A13,direct_full_kd_gold_medium,240,S3-3_10,0
A13,direct_full_kd_gold_medium,241,E1.GOV-3_03,0
A13,direct_full_kd_gold_medium,242,E1-6_27,0
A13,direct_full_kd_gold_medium,243,S1-11_01,0
A13,direct_full_kd_gold_medium,244,S1-2_08,0
A13,direct_full_kd_gold_medium,245,E5-5_18,0
A13,direct_full_kd_gold_medium,246,S1-2_07,0
A13,direct_full_kd_gold_medium,247,E1-4_09,0
A13,direct_full_kd_gold_medium,248,S1-8_01,0
A13,direct_full_kd_gold_medium,249,SBM-3_01,0
A13,direct_full_kd_gold_medium,250,E1-4_12,0
A13,direct_full_kd_gold_medium,251,MDR-T_07,0
A13,direct_full_kd_gold_medium,252,E1-6_31,0
A13,direct_full_kd_gold_medium,253,S4-1_01,0
A13,direct_full_kd_gold_medium,254,S2-1_06,0
A13,direct_full_kd_gold_medium,255,S2-4_06,0
A13,direct_full_kd_gold_medium,256,BP-2_21,0
A13,direct_full_kd_gold_medium,257,S1-2_10,0
A13,direct_full_kd_gold_medium,258,S1-4_03,0
A13,direct_full_kd_gold_medium,259,S1-8_02,0
A13,direct_full_kd_gold_medium,260,MDR-T_09,0
A13,direct_full_kd_gold_medium,261,E4-5_07,0
A13,direct_full_kd_gold_medium,262,SBM-2_06,0
A13,direct_full_kd_gold_medium,263,GOV-1_04,0
A13,direct_full_kd_gold_medium,264,E1-4_15,0
A13,direct_full_kd_gold_medium,265,S3-3_14,0
A13,direct_full_kd_gold_medium,266,S4-3_07,0
A13,direct_full_kd_gold_medium,267,E1-6_07,0
A13,direct_full_kd_gold_medium,268,E5.MDR-A_01-12,0
A13,direct_full_kd_gold_medium,269,S4-2_07,0
A13,direct_full_kd_gold_medium,270,S3-2_01,0
A13,direct_full_kd_gold_medium,271,S1-2_03,0
A13,direct_full_kd_gold_medium,272,IRO-1_02,0
A13,direct_full_kd_gold_medium,273,S2-2_06,0
A13,direct_full_kd_gold_medium,274,E3.IRO-1_01,0
A13,direct_full_kd_gold_medium,275,S3-4_15,0
A13,direct_full_kd_gold_medium,276,S1-1_21,0
A13,direct_full_kd_gold_medium,277,S4-5_03,0
A13,direct_full_kd_gold_medium,278,G1-1_10,0
A13,direct_full_kd_gold_medium,279,GOV-1_03,0
A13,direct_full_kd_gold_medium,280,S4-1_06,0
A13,direct_full_kd_gold_medium,281,SBM-2_01,0
A13,direct_full_kd_gold_medium,282,SBM-2_03,0
A13,direct_full_kd_gold_medium,283,MDR-P_06,0
A13,direct_full_kd_gold_medium,284,E4-1_11,0
A13,direct_full_kd_gold_medium,285,S2-2_09,0
A13,direct_full_kd_gold_medium,286,S4-2_03,0
A13,direct_full_kd_gold_medium,287,S3-5_02,0
A13,direct_full_kd_gold_medium,288,S1-4_04,0
A13,direct_full_kd_gold_medium,289,E1-6_30,0
A13,direct_full_kd_gold_medium,290,S2.SBM-3_06,0
A13,direct_full_kd_gold_medium,291,S1-1_05,0
A13,direct_full_kd_gold_medium,292,S4.SBM-3_04,0
A13,direct_full_kd_gold_medium,293,S4-2_06,0
A13,direct_full_kd_gold_medium,294,E4-2_01,0
A13,direct_full_kd_gold_medium,295,IRO-1_05,0
A13,direct_full_kd_gold_medium,296,S1-16_02,0
A13,direct_full_kd_gold_medium,297,S1-8_08,0
A13,direct_full_kd_gold_medium,298,S1-6_07,0
A13,direct_full_kd_gold_medium,299,MDR-T_02,0
A13,direct_full_kd_gold_medium,300,E1-6_11,0
A13,direct_full_kd_gold_medium,301,SBM-2_05,0
A13,direct_full_kd_gold_medium,302,E4-5_08,0
A13,direct_full_kd_gold_medium,303,GOV-3_01,0
A13,direct_full_kd_gold_medium,304,S1.SBM-3_04,0
A13,direct_full_kd_gold_medium,305,S4-4_04,0
A13,direct_full_kd_gold_medium,306,G1-4_07,0
A13,direct_full_kd_gold_medium,307,S4-2_08,0
A13,direct_full_kd_gold_medium,308,S3.MDR-T_01-13,0
A13,direct_full_kd_gold_medium,309,S4-4_03,0
A13,direct_full_kd_gold_medium,310,SBM-3_02,0
A13,direct_full_kd_gold_medium,311,S2-2_03,0
A13,direct_full_kd_gold_medium,312,S3-3_18,0
A13,direct_full_kd_gold_medium,313,SBM-1_09,0
A13,direct_full_kd_gold_medium,314,E5-5_17,0
A13,direct_full_kd_gold_medium,315,S2-4_07,0
A13,direct_full_kd_gold_medium,316,S4-4_06,0
A13,direct_full_kd_gold_medium,317,SBM-1_15,0
A13,direct_full_kd_gold_medium,318,S4-3_12,0
A13,direct_full_kd_gold_medium,319,GOV-1_16,0
A13,direct_full_kd_gold_medium,320,E1-4_03,0
A13,direct_full_kd_gold_medium,321,S1-2_09,0
A13,direct_full_kd_gold_medium,322,S3-2_03,0
A13,direct_full_kd_gold_medium,323,S3.MDR-A_01-12,0
A13,direct_full_kd_gold_medium,324,MDR-A_04,0
A13,direct_full_kd_gold_medium,325,E5-2_05,0
A13,direct_full_kd_gold_medium,326,S4-1_04,0
A13,direct_full_kd_gold_medium,327,E4-3_15,0
A13,direct_full_kd_gold_medium,328,S4-4_02,0
A13,direct_full_kd_gold_medium,329,G1.MDR-A_01-12,0
A13,direct_full_kd_gold_medium,330,E2-4_15,0
A13,direct_full_kd_gold_medium,331,E3-3_04,0
A13,direct_full_kd_gold_medium,332,S2-4_02,0
A13,direct_full_kd_gold_medium,333,S3-5_03,0
A13,direct_full_kd_gold_medium,334,S4-4_07,0
A13,direct_full_kd_gold_medium,335,S3-4_01,0
A13,direct_full_kd_gold_medium,336,E5-2_08,0
A13,direct_full_kd_gold_medium,337,S4-4_05,0
A13,direct_full_kd_gold_medium,338,E1.SBM-3_01,0
A13,direct_full_kd_gold_medium,339,E1.MDR-T_01-13,0
A13,direct_full_kd_gold_medium,340,S3-4_02,0
A13,direct_full_kd_gold_medium,341,S3-4_05,0
A13,direct_full_kd_gold_medium,342,S1-3_09,0
A13,direct_full_kd_gold_medium,343,SBM-1_05,0
A13,direct_full_kd_gold_medium,344,G1-2_02,0
A13,direct_full_kd_gold_medium,345,S3-2_06,0
A13,direct_full_kd_gold_medium,346,S3-2_08,0
A13,direct_full_kd_gold_medium,347,S3-3_16,0
A13,direct_full_kd_gold_medium,348,E4.MDR-T_01-13,0
A13,direct_full_kd_gold_medium,349,S4.SBM-3_05,0
A13,direct_full_kd_gold_medium,350,S1-2_11,0
A13,direct_full_kd_gold_medium,351,S2-1_01,0
A13,direct_full_kd_gold_medium,352,E5.MDR-T_01-13,0
A13,direct_full_kd_gold_medium,353,E2-3_05,0
A13,direct_full_kd_gold_medium,354,S3-1_01,0
A13,direct_full_kd_gold_medium,355,S1-12_01,0
A13,direct_full_kd_gold_medium,356,S2-2_02,0
A13,direct_full_kd_gold_medium,357,E2.MDR-T_01-13,0
A13,direct_full_kd_gold_medium,358,E1-9_14,0
A13,direct_full_kd_gold_medium,359,E3-2_01,0
A13,direct_full_kd_gold_medium,360,S3.SBM-3_04,0
A13,direct_full_kd_gold_medium,361,S4-3_06,0
A13,direct_full_kd_gold_medium,362,S1-1_13,0
A13,direct_full_kd_gold_medium,363,S1-2_06,0
A13,direct_full_kd_gold_medium,364,S3-1_04,0
A13,direct_full_kd_gold_medium,365,E3.MDR-T_01-13,0
A13,direct_full_kd_gold_medium,366,S1-13_02,0
A13,direct_full_kd_gold_medium,367,E4.IRO-1_15,0
A13,direct_full_kd_gold_medium,368,S1-7_03,0
A13,direct_full_kd_gold_medium,369,S3-4_06,0
A13,direct_full_kd_gold_medium,370,S3-4_04,0
A13,direct_full_kd_gold_medium,371,E4-3_01,0
A13,direct_full_kd_gold_medium,372,S3-2_09,0
A13,direct_full_kd_gold_medium,373,S3-2_05,0
A13,direct_full_kd_gold_medium,374,S2-3_06,0
A13,direct_full_kd_gold_medium,375,E2-3_06,0
A13,direct_full_kd_gold_medium,376,S1-13_06,0
A13,direct_full_kd_gold_medium,377,GOV-1_05,0
A13,direct_full_kd_gold_medium,378,S3-3_15,0
A13,direct_full_kd_gold_medium,379,S3-4_11,0
A13,direct_full_kd_gold_medium,380,E2-4_01,0
A13,direct_full_kd_gold_medium,381,S3-4_03,0
A13,direct_full_kd_gold_medium,382,E5-2_07,0
A13,direct_full_kd_gold_medium,383,S1-1_09,0
A13,direct_full_kd_gold_medium,384,MDR-T_18,0
A13,direct_full_kd_gold_medium,385,MDR-T_10,0
A13,direct_full_kd_gold_medium,386,S3.SBM-3_05,0
A13,direct_full_kd_gold_medium,387,S3-4_07,0
A13,direct_full_kd_gold_medium,388,S4-2_09,0
A13,direct_full_kd_gold_medium,389,E3.MDR-A_01-12,0
A13,direct_full_kd_gold_medium,390,GOV-3_02,0
A13,direct_full_kd_gold_medium,391,S1-6_12,0
A13,direct_full_kd_gold_medium,392,E2.MDR-A_01-12,0
A13,direct_full_kd_gold_medium,393,G1-4_05,0
A13,direct_full_kd_gold_medium,394,S1-6_01,0
A13,direct_full_kd_gold_medium,395,G1-5_11,0
A13,direct_full_kd_gold_medium,396,SBM-1_17,0
A13,direct_full_kd_gold_medium,397,E1-2_01,0
A13,direct_full_kd_gold_medium,398,E4-3_14,0
A13,direct_full_kd_gold_medium,399,E3-3_08,0
A13,direct_full_kd_gold_medium,400,E2-2_01,0
A13,direct_full_kd_gold_medium,401,GOV-1_07,0
A13,direct_full_kd_gold_medium,402,S1-6_04,0
A13,direct_full_kd_gold_medium,403,S1-7_02,0
A13,direct_full_kd_gold_medium,404,S1-11_06,0
A13,direct_full_kd_gold_medium,405,S1-14_06,0
A13,direct_full_kd_gold_medium,406,S1-6_09,0
A13,direct_full_kd_gold_medium,407,G1-4_08,0
A13,direct_full_kd_gold_medium,408,S4-1_02,0
A13,direct_full_kd_gold_medium,409,S1-13_05,0
A13,direct_full_kd_gold_medium,410,S1-17_08,0
A13,direct_full_kd_gold_medium,411,E2-3_09,0
A13,direct_full_kd_gold_medium,412,E5-2_06,0
A13,direct_full_kd_gold_medium,413,E5-5_09,0
A13,direct_full_kd_gold_medium,414,S1-16_05,0
A13,direct_full_kd_gold_medium,415,SBM-1_19,0
A13,direct_full_kd_gold_medium,416,S1-2_02,0
A13,direct_full_kd_gold_medium,417,S1-16_04,0
A13,direct_full_kd_gold_medium,418,E1-9_03,0
A13,direct_full_kd_gold_medium,419,S1-17_11,0
A13,direct_full_kd_gold_medium,420,S1-6_18,0
A13,direct_full_kd_gold_medium,421,S1-10_01,0
A13,direct_full_kd_gold_medium,422,E1-9_01,0
A13,direct_full_kd_gold_medium,423,S1-1_03,0
A13,direct_full_kd_gold_medium,424,E2-4_09,0
A13,direct_full_kd_gold_medium,425,E1-6_28,0
A13,direct_full_kd_gold_medium,426,S1-14_08,0
A13,direct_full_kd_gold_medium,427,E4-2_02,0
A13,direct_full_kd_gold_medium,428,S3-3_21,0
A13,direct_full_kd_gold_medium,429,E1-5_18,0
A13,direct_full_kd_gold_medium,430,SBM-1_04,0
A13,direct_full_kd_gold_medium,431,S1-1_10,0
A13,direct_full_kd_gold_medium,432,S1-9_02,0
A13,direct_full_kd_gold_medium,433,S3-4_17,0
A13,direct_full_kd_gold_medium,434,S4-2_05,0
A13,direct_full_kd_gold_medium,435,S1-6_11,0
A13,direct_full_kd_gold_medium,436,E5-2_02,0
A13,direct_full_kd_gold_medium,437,S1-7_01,0
A13,direct_full_kd_gold_medium,438,E4.MDR-A_01-12,0
A13,direct_full_kd_gold_medium,439,G1-4_04,0
A13,direct_full_kd_gold_medium,440,E3-2_02,0
A13,direct_full_kd_gold_medium,441,E1-9_02,0
A13,direct_full_kd_gold_medium,442,E5-2_03,0
A13,direct_full_kd_gold_medium,443,S1-6_10,0
A13,direct_full_kd_gold_medium,444,S1-1_22,0
A13,direct_full_kd_gold_medium,445,G1-4_06,0
A13,direct_full_kd_gold_medium,446,S1-14_04,0
A13,direct_full_kd_gold_medium,447,E5-5_15,0
A13,direct_full_kd_gold_medium,448,S4-2_02,0
A13,direct_full_kd_gold_medium,449,E4-5_14,0
A13,direct_full_kd_gold_medium,450,S1-15_02,0
A13,direct_full_kd_gold_medium,451,S1-14_05,0
A13,direct_full_kd_gold_medium,452,E3-4_12,0
A13,direct_full_kd_gold_medium,453,S1-6_20,0
A13,direct_full_kd_gold_medium,454,S1-14_12,0
A13,direct_full_kd_gold_medium,455,E5-5_08,0
A13,direct_full_kd_gold_medium,456,E1-5_07,0
A13,direct_full_kd_gold_medium,457,SBM-1_03,0
A13,direct_full_kd_gold_medium,458,GOV-1_06,0
A13,direct_full_kd_gold_medium,459,S1-6_02,0
A13,direct_full_kd_gold_medium,460,S1-6_03,0
A13,direct_full_kd_gold_medium,461,E1-6_17,0
A13,direct_full_kd_gold_medium,462,S1-15_01,0
A13,direct_full_kd_gold_medium,463,E1-4_22,0
A13,direct_full_kd_gold_medium,464,S1-6_19,0
A13,direct_full_kd_gold_medium,465,E5-4_05,0
A13,direct_full_kd_gold_medium,466,S3-1_02,0
A13,direct_full_kd_gold_medium,467,S1-14_07,0
A13,direct_full_kd_gold_medium,468,E1-9_41,0
A13,direct_full_kd_gold_medium,469,S1-9_01,0
A13,direct_full_kd_gold_medium,470,E1-3_03,0
A13,direct_full_kd_gold_medium,471,E1.MDR-A_01-12,0
A13,direct_full_kd_gold_medium,472,E3-4_05,0
A13,direct_full_kd_gold_medium,473,S3-2_02,0
A13,direct_full_kd_gold_medium,474,S1-1_08,0
A13,direct_full_kd_gold_medium,475,E1-5_01,0
A13,direct_full_kd_gold_medium,476,GOV-1_02,0
A13,direct_full_kd_gold_medium,477,S1-10_02,0
A13,direct_full_kd_gold_medium,478,E5-5_16,0
A13,direct_full_kd_gold_medium,479,S1-16_01,0
A13,direct_full_kd_gold_medium,480,GOV-1_01,0
A13,direct_full_kd_gold_medium,481,S1-17_01,0
A13,direct_full_kd_gold_medium,482,S1-14_09,0
A13,direct_full_kd_gold_medium,483,S1-17_05,0
A13,direct_full_kd_gold_medium,484,S1-15_03,0
A13,direct_full_kd_gold_medium,485,S1-10_03,0
A13,direct_full_kd_gold_medium,486,S2-1_05,0
A13,direct_full_kd_gold_medium,487,E1-5_14,0
A13,direct_full_kd_gold_medium,488,E2-4_02,0
A13,direct_full_kd_gold_medium,489,E5-5_07,0
A13,direct_full_kd_gold_medium,490,S1-17_02,0
A13,direct_full_kd_gold_medium,491,S1-13_04,0
A13,direct_full_kd_gold_medium,492,G1-4_01,0
A13,direct_full_kd_gold_medium,493,S1-9_03,0
A13,direct_full_kd_gold_medium,494,S1-6_06,0
A13,direct_full_kd_gold_medium,495,S1-6_05,0
A13,direct_full_kd_gold_medium,496,G1-4_02,0
A13,direct_full_kd_gold_medium,497,MDR-T_05,0
A13,direct_full_kd_gold_medium,498,E1-5_11,0
A13,direct_full_kd_gold_medium,499,E3-4_01,0
A13,direct_full_kd_gold_medium,500,S1-9_05,0
A13,direct_full_kd_gold_medium,501,E3-4_11,0
A13,direct_full_kd_gold_medium,502,S1-14_03,0
A13,direct_full_kd_gold_medium,503,S1-14_02,0
A13,direct_full_kd_gold_medium,504,S1-10_04,0
A13,direct_full_kd_gold_medium,505,S1-9_04,0
A13,direct_full_kd_gold_medium,506,E1-9_42,0
A13,direct_full_kd_gold_medium,507,E1-5_05,0
A13,direct_full_kd_gold_medium,508,S1-13_03,0
A13,direct_full_kd_gold_medium,509,S1-13_01,0
A13,direct_full_kd_gold_medium,510,E1-5_06,0
A13,direct_full_kd_gold_medium,511,E1-5_03,0
A13,direct_full_kd_gold_medium,512,E3-4_02,0
A13,direct_full_kd_gold_medium,513,E1-5_10,0
A13,direct_full_kd_gold_medium,514,E1-5_08,0
A13,direct_full_kd_gold_medium,515,E1-5_12,0
A13,direct_full_kd_gold_medium,516,E1-5_02,0
A13,direct_full_kd_gold_medium,517,E1-5_13,0
B6,direct,1,GOV-3_03,0
B6,direct,2,GOV-1_10,0
B6,direct,3,MDR-T_18,0
B6,direct,4,GOV-2_01,0
B6,direct,5,MDR-P_03,0
B6,direct,6,GOV-1_11,0
B6,direct,7,GOV-2_02,0
B6,direct,8,GOV-3_04,0
B6,direct,9,MDR-P_08,0
B6,direct,10,GOV-1_08,0
B6,direct,11,MDR-P_05,0
B6,direct,12,MDR-A_14,0
B6,direct,13,IRO-1_04,0
B6,direct,14,S1-4_13,0
B6,direct,15,MDR-T_17,0
B6,direct,16,S2-5_06,0
B6,direct,17,BP-2_26,0
B6,direct,18,MDR-P_06,0
B6,direct,19,SBM-2_06,0
B6,direct,20,E4-3_10,0
B6,direct,21,MDR-T_13,1
B6,direct,22,S4-5_06,0
B6,direct,23,S1-1_07,0
B6,direct,24,S2-1_08,0
B6,direct,25,S1-4_12,1
B6,direct,26,S1-5_06,0
B6,direct,27,S2-4_18,0
B6,direct,28,MDR-P_02,0
B6,direct,29,S1-4_20,0
B6,direct,30,BP-2_23,0
B6,direct,31,SBM-1_23,0
B6,direct,32,S1-4_09,0
B6,direct,33,G1.MDR-P_01-06,0
B6,direct,34,S4-4_18,0
B6,direct,35,MDR-P_09,0
B6,direct,36,S1-2_14,0
B6,direct,37,MDR-M_01,0
B6,direct,38,S1-5_02,0
B6,direct,39,SBM-3_07,0
B6,direct,40,SBM-2_12,0
B6,direct,41,MDR-T_20,0
B6,direct,42,S3-5_06,0
B6,direct,43,E1.MDR-T_14-19,0
B6,direct,44,S3-4_19,0
B6,direct,45,MDR-A_15,0
B6,direct,46,IRO-1_03,0
B6,direct,47,S3-1_06,0
B6,direct,48,SBM-2_05,0
B6,direct,49,S2-4_07,0
B6,direct,50,BP-1_02,0
B6,direct,51,MDR-P_07,0
B6,direct,52,S2-3_01,0
B6,direct,53,S1-5_03,0
B6,direct,54,S2-4_04,0
B6,direct,55,S4-4_12,0
B6,direct,56,MDR-T_16,0
B6,direct,57,S2-4_12,0
B6,direct,58,E1.MDR-T_01-13,0
B6,direct,59,BP-2_24,0
B6,direct,60,SBM-2_04,0
B6,direct,61,S4-1_06,0
B6,direct,62,GOV-1_04,0
B6,direct,63,E4.MDR-T_14-19,0
B6,direct,64,E3.MDR-T_14-19,0
B6,direct,65,E5.IRO-1_01,0
B6,direct,66,S2-4_03,0
B6,direct,67,E2.MDR-T_14-19,0
B6,direct,68,S2-4_15,0
B6,direct,69,E2.MDR-T_01-13,0
B6,direct,70,S2-4_05,0
B6,direct,71,MDR-T_09,0
B6,direct,72,G1-3_03,0
B6,direct,73,S3-4_02,0
B6,direct,74,IRO-1_06,0
B6,direct,75,IRO-1_05,0
B6,direct,76,S1-3_08,0
B6,direct,77,G1.GOV-1_01,0
B6,direct,78,S2-5_02,0
B6,direct,79,S1-1_14,0
B6,direct,80,S1-2_08,0
B6,direct,81,S2-3_02,0
B6,direct,82,S1-3_10,0
B6,direct,83,S1.MDR-T_14-19,0
B6,direct,84,S3-4_12,0
B6,direct,85,S1-3_07,0
B6,direct,86,E4.MDR-T_01-13,0
B6,direct,87,E4-1_09,0
B6,direct,88,GOV-3_01,0
B6,direct,89,S1-4_11,0
B6,direct,90,BP-2_25,0
B6,direct,91,S2-5_03,0
B6,direct,92,S4-1_09,0
B6,direct,93,IRO-1_01,0
B6,direct,94,S2-2_09,0
B6,direct,95,SBM-2_01,0
B6,direct,96,S1-3_02,0
B6,direct,97,S4-3_04,0
B6,direct,98,S2-3_04,0
B6,direct,99,S1-3_01,0
B6,direct,100,SBM-1_08,0
B6,direct,101,S1.MDR-A_01-12,0
B6,direct,102,E2.MDR-A_13-14,0
B6,direct,103,S1-2_09,0
B6,direct,104,SBM-2_03,0
B6,direct,105,G1.MDR-A_01-12,0
B6,direct,106,MDR-T_21,0
B6,direct,107,G1.GOV-1_02,0
B6,direct,108,S2-2_08,0
B6,direct,109,S2-3_05,0
B6,direct,110,S1-4_10,0
B6,direct,111,E1.GOV-3_01,0
B6,direct,112,E3.MDR-A_13-14,0
B6,direct,113,S2-1_04,0
B6,direct,114,MDR-T_14,0
B6,direct,115,MDR-A_06,0
B6,direct,116,E1.MDR-A_13-14,0
B6,direct,117,E4.MDR-A_13-14,0
B6,direct,118,E3.MDR-T_01-13,0
B6,direct,119,S1.MDR-T_01-13,0
B6,direct,120,E1.GOV-3_03,0
B6,direct,121,E5.MDR-T_14-19,0
B6,direct,122,S1-4_04,0
B6,direct,123,S2-3_07,0
B6,direct,124,GOV-1_12,0
B6,direct,125,G1.MDR-A_13-14,0
B6,direct,126,S1-4_02,0
B6,direct,127,S1.MDR-A_13-14,0
B6,direct,128,BP-2_27,0
B6,direct,129,S2.MDR-T_14-19,0
B6,direct,130,S1-4_03,0
B6,direct,131,SBM-3_11,0
B6,direct,132,E2.MDR-P_07-08,0
B6,direct,133,S1-4_14,0
B6,direct,134,SBM-2_02,0
B6,direct,135,E3.MDR-P_07-08,0
B6,direct,136,S4.MDR-T_14-19,0
B6,direct,137,E1.MDR-P_07-08,0
B6,direct,138,S1-4_16,0
B6,direct,139,S2-1_11,0
B6,direct,140,G1-3_04,0
B6,direct,141,S1-1_06,0
B6,direct,142,S1-4_05,0
B6,direct,143,SBM-1_21,0
B6,direct,144,E4.MDR-P_07-08,0
B6,direct,145,S4-3_08,0
B6,direct,146,S3-2_08,0
B6,direct,147,MDR-A_05,0
B6,direct,148,S4-5_02,0
B6,direct,149,BP-1_01,0
B6,direct,150,S4-1_05,0
B6,direct,151,S3-1_05,0
B6,direct,152,G1.MDR-P_07-08,0
B6,direct,153,S4-4_07,0
B6,direct,154,MDR-P_01,0
B6,direct,155,S2-1_03,0
B6,direct,156,S1.SBM-3_04,0
B6,direct,157,MDR-T_04,0
B6,direct,158,S2.MDR-A_13-14,0
B6,direct,159,S2-4_13,0
B6,direct,160,S1.MDR-P_07-08,0
B6,direct,161,S4.MDR-A_13-14,0
B6,direct,162,S1-3_06,0
B6,direct,163,S2.MDR-P_07-08,0
B6,direct,164,S2.SBM-3_06,0
B6,direct,165,GOV-3_02,0
B6,direct,166,GOV-1_16,0
B6,direct,167,S1-2_01,0
B6,direct,168,S3-1_09,0
B6,direct,169,E5.MDR-T_01-13,0
B6,direct,170,S2-3_03,0
B6,direct,171,S2-4_06,0
B6,direct,172,S4.MDR-P_07-08,0
B6,direct,173,S3-5_02,0
B6,direct,174,S3-5_03,0
B6,direct,175,E5.MDR-A_13-14,0
B6,direct,176,BP-1_04,0
B6,direct,177,S2-4_01,0
B6,direct,178,S4-3_03,0
B6,direct,179,S3-4_07,0
B6,direct,180,S4-3_07,0
B6,direct,181,S3-4_15,0
B6,direct,182,E5.MDR-P_07-08,0
B6,direct,183,IRO-1_02,0
B6,direct,184,S3.MDR-P_07-08,0
B6,direct,185,S2-2_01,0
B6,direct,186,S4-3_01,0
B6,direct,187,S4-2_07,0
B6,direct,188,S3-2_09,0
B6,direct,189,S3-3_13,0
B6,direct,190,S3-4_13,0
B6,direct,191,S2.MDR-T_01-13,0
B6,direct,192,S1-7_10,0
B6,direct,193,S3-3_16,0
B6,direct,194,S3.MDR-T_14-19,0
B6,direct,195,MDR-A_13,0
B6,direct,196,S1-3_05,0
B6,direct,197,S2-4_02,0
B6,direct,198,S1-1_01,0
B6,direct,199,S4-4_02,0
B6,direct,200,S2-2_06,0
B6,direct,201,S4-3_05,0
B6,direct,202,S2-2_07,0
B6,direct,203,S4-4_04,0
B6,direct,204,S1-4_01,0
B6,direct,205,S2.MDR-A_01-12,0
B6,direct,206,S3-4_04,0
B6,direct,207,S3.MDR-A_13-14,0
B6,direct,208,S1-6_08,0
B6,direct,209,S3-3_10,0
B6,direct,210,S4-5_03,0
B6,direct,211,E2-3_09,0
B6,direct,212,S2-3_09,0
B6,direct,213,S4-2_08,0
B6,direct,214,S3-4_03,0
B6,direct,215,MDR-A_04,0
B6,direct,216,S1-1_12,0
B6,direct,217,BP-2_22,0
B6,direct,218,S2-1_01,0
B6,direct,219,G1-1_10,0
B6,direct,220,S3-4_10,0
B6,direct,221,SBM-3_04,0
B6,direct,222,S3-2_01,0
B6,direct,223,GOV-1_17,0
B6,direct,224,E3-3_04,0
B6,direct,225,S1.SBM-3_03,0
B6,direct,226,S4-4_13,0
B6,direct,227,E2-4_17,0
B6,direct,228,S3-3_12,0
B6,direct,229,E4-3_14,0
B6,direct,230,S4-3_02,0
B6,direct,231,E5.MDR-A_01-12,0
B6,direct,232,G1-5_11,0
B6,direct,233,E3-3_08,0
B6,direct,234,S4-4_03,0
B6,direct,235,S1-6_04,0
B6,direct,236,E5-2_05,0
B6,direct,237,S2-4_11,0
B6,direct,238,SBM-3_09,0
B6,direct,239,S4-4_15,0
B6,direct,240,S2-3_08,0
B6,direct,241,S3-3_14,0
B6,direct,242,S3-2_05,0
B6,direct,243,MDR-A_01,0
B6,direct,244,S4-4_01,0
B6,direct,245,S3-4_05,0
B6,direct,246,S3-3_17,0
B6,direct,247,S1-3_11,0
B6,direct,248,E2-3_05,0
B6,direct,249,S1-7_06,0
B6,direct,250,E4-5_06,0
B6,direct,251,S2.SBM-3_05,0
B6,direct,252,S1-6_13,0
B6,direct,253,S1-6_16,0
B6,direct,254,E4-3_15,0
B6,direct,255,S4-2_09,0
B6,direct,256,S1-2_07,0
B6,direct,257,E5-5_03,0
B6,direct,258,S4.MDR-T_01-13,0
B6,direct,259,E4-1_11,0
B6,direct,260,S1-2_11,0
B6,direct,261,S1-17_13,0
B6,direct,262,SBM-1_28,0
B6,direct,263,S3-3_11,0
B6,direct,264,S3-1_01,0
B6,direct,265,E2-4_10,0
B6,direct,266,IRO-1_14,0
B6,direct,267,S3.MDR-T_01-13,0
B6,direct,268,S1-17_07,0
B6,direct,269,SBM-1_17,0
B6,direct,270,S1-2_06,0
B6,direct,271,E1-6_26,0
B6,direct,272,E4-5_18,0
B6,direct,273,SBM-3_08,0
B6,direct,274,S1-6_07,0
B6,direct,275,E2.IRO-1_03,0
B6,direct,276,S2-2_02,0
B6,direct,277,SBM-3_01,0
B6,direct,278,SBM-1_25,0
B6,direct,279,E1-4_06,0
B6,direct,280,E3.IRO-1_02,0
B6,direct,281,S3-4_06,0
B6,direct,282,S3-4_01,0
B6,direct,283,SBM-1_15,0
B6,direct,284,S4-1_01,0
B6,direct,285,E1-4_15,0
B6,direct,286,E2-4_15,0
B6,direct,287,S2-1_06,0
B6,direct,288,S4.MDR-A_01-12,0
B6,direct,289,S4-2_01,0
B6,direct,290,S4-2_03,0
B6,direct,291,S4-4_06,0
B6,direct,292,S1-7_05,0
B6,direct,293,E1-4_01,0
B6,direct,294,S1-3_04,0
B6,direct,295,S1-2_12,0
B6,direct,296,E1-4_09,0
B6,direct,297,S3.MDR-A_01-12,0
B6,direct,298,S1-2_03,0
B6,direct,299,S1-8_04,0
B6,direct,300,E3.IRO-1_01,0
B6,direct,301,S1-1_05,0
B6,direct,302,S3.SBM-3_05,0
B6,direct,303,SBM-3_02,0
B6,direct,304,S4-4_05,0
B6,direct,305,S2-3_12,0
B6,direct,306,S1-1_21,0
B6,direct,307,E4-3_01,0
B6,direct,308,S1-16_03,0
B6,direct,309,G1-2_02,0
B6,direct,310,S3-1_02,0
B6,direct,311,E5-2_07,0
B6,direct,312,SBM-1_09,0
B6,direct,313,S2-2_03,0
B6,direct,314,S3-2_03,0
B6,direct,315,GOV-1_03,0
B6,direct,316,S1-2_10,0
B6,direct,317,S1-3_09,0
B6,direct,318,S4.SBM-3_05,0
B6,direct,319,E4-2_01,0
B6,direct,320,S4-1_02,0
B6,direct,321,E5-2_08,0
B6,direct,322,E3-2_01,0
B6,direct,323,S1-7_09,0
B6,direct,324,S4-3_06,0
B6,direct,325,S2-3_11,0
B6,direct,326,SBM-1_01,0
B6,direct,327,S1-1_03,0
B6,direct,328,MDR-T_07,0
B6,direct,329,S4-3_09,0
B6,direct,330,S3-3_18,0
B6,direct,331,GOV-1_05,0
B6,direct,332,E1-4_12,0
B6,direct,333,S4-3_11,0
B6,direct,334,S2-3_06,0
B6,direct,335,E1-4_25,0
B6,direct,336,S3-3_15,0
B6,direct,337,E5-2_06,0
B6,direct,338,E5-5_18,0
B6,direct,339,GOV-1_02,0
B6,direct,340,G1-4_08,0
B6,direct,341,MDR-T_02,0
B6,direct,342,S1-1_13,0
B6,direct,343,S3-2_06,0
B6,direct,344,SBM-1_02,0
B6,direct,345,S1-2_02,0
B6,direct,346,S1-6_01,0
B6,direct,347,S1-1_09,0
B6,direct,348,S3-1_04,0
B6,direct,349,MDR-T_10,0
B6,direct,350,G1-4_05,0
B6,direct,351,S1-1_10,0
B6,direct,352,S3-3_20,0
B6,direct,353,S1-10_01,0
B6,direct,354,GOV-1_07,0
B6,direct,355,SBM-1_07,0
B6,direct,356,G1-4_06,0
B6,direct,357,E2.MDR-A_01-12,0
B6,direct,358,SBM-1_05,0
B6,direct,359,G1-4_07,0
B6,direct,360,E1-2_01,0
B6,direct,361,BP-2_21,0
B6,direct,362,S4.SBM-3_04,0
B6,direct,363,E3-4_06,0
B6,direct,364,E3.MDR-A_01-12,0
B6,direct,365,E2-2_01,0
B6,direct,366,S4-4_11,0
B6,direct,367,E1-6_07,0
B6,direct,368,S4-1_04,0
B6,direct,369,E1-6_11,0
B6,direct,370,S3.SBM-3_04,0
B6,direct,371,S1-6_14,0
B6,direct,372,E4-2_02,0
B6,direct,373,E3-2_02,0
B6,direct,374,GOV-1_01,0
B6,direct,375,S1-11_06,0
B6,direct,376,S3-2_02,0
B6,direct,377,E5-2_03,0
B6,direct,378,E4-5_09,0
B6,direct,379,S1-17_08,0
B6,direct,380,G1-4_04,0
B6,direct,381,S1-17_11,0
B6,direct,382,S1-13_02,0
B6,direct,383,SBM-1_19,0
B6,direct,384,E4.IRO-1_15,0
B6,direct,385,E4.MDR-A_01-12,0
B6,direct,386,S1-7_07,0
B6,direct,387,E1-9_14,0
B6,direct,388,S1-7_03,0
B6,direct,389,S3-4_11,0
B6,direct,390,S1-11_07,0
B6,direct,391,S3-4_17,0
B6,direct,392,S4-2_06,0
B6,direct,393,S1-7_08,0
B6,direct,394,E4-5_08,0
B6,direct,395,S1-10_02,0
B6,direct,396,E5-5_17,0
B6,direct,397,E1-6_04,0
B6,direct,398,S1-6_11,0
B6,direct,399,E1-6_27,0
B6,direct,400,E4-5_07,0
B6,direct,401,S1-17_03,0
B6,direct,402,E2-3_06,0
B6,direct,403,E1-9_01,0
B6,direct,404,S1-11_11,0
B6,direct,405,S4-2_02,0
B6,direct,406,S1-8_08,0
B6,direct,407,E5-2_02,0
B6,direct,408,S4-2_05,0
B6,direct,409,S1-11_09,0
B6,direct,410,E1.MDR-A_01-12,0
B6,direct,411,SBM-1_06,0
B6,direct,412,E1-6_01,0
B6,direct,413,S1-13_05,0
B6,direct,414,S1-8_03,0
B6,direct,415,S1-6_15,0
B6,direct,416,E1-6_31,0
B6,direct,417,G1-4_02,0
B6,direct,418,E1-5_18,0
B6,direct,419,E1-4_03,0
B6,direct,420,E5-5_09,0
B6,direct,421,S1-13_06,0
B6,direct,422,E1-9_41,0
B6,direct,423,E1-6_28,0
B6,direct,424,S1-11_10,0
B6,direct,425,G1-4_01,0
B6,direct,426,E1.SBM-3_01,0
B6,direct,427,E4-5_14,0
B6,direct,428,S1-12_01,0
B6,direct,429,S4-3_13,0
B6,direct,430,S1-10_03,0
B6,direct,431,E1-9_03,0
B6,direct,432,S1-1_22,0
B6,direct,433,E1-6_30,0
B6,direct,434,E1-9_02,0
B6,direct,435,S1-11_01,0
B6,direct,436,S1-8_02,0
B6,direct,437,SBM-1_04,0
B6,direct,438,S4-3_12,0
B6,direct,439,GOV-1_06,0
B6,direct,440,S1-1_08,0
B6,direct,441,S2-1_05,0
B6,direct,442,E1-4_22,0
B6,direct,443,S1-6_09,0
B6,direct,444,S1-11_05,0
B6,direct,445,E1-6_17,0
B6,direct,446,E2-4_09,0
B6,direct,447,S1-17_05,0
B6,direct,448,S1-9_02,0
B6,direct,449,S1-11_04,0
B6,direct,450,E1-9_42,0
B6,direct,451,S1-8_01,0
B6,direct,452,S1-6_12,0
B6,direct,453,S1-11_03,0
B6,direct,454,E2-4_01,0
B6,direct,455,E5-5_08,0
B6,direct,456,SBM-1_03,0
B6,direct,457,S1-6_05,0
B6,direct,458,E5-5_15,0
B6,direct,459,S1-16_02,0
B6,direct,460,S1-17_01,0
B6,direct,461,S1-7_02,0
B6,direct,462,S1-9_01,0
B6,direct,463,S3-3_21,0
B6,direct,464,S1-6_06,0
B6,direct,465,S1-17_02,0
B6,direct,466,S1-6_20,0
B6,direct,467,S1-6_19,0
B6,direct,468,E1-3_03,0
B6,direct,469,S1-6_02,0
B6,direct,470,S1-7_01,0
B6,direct,471,S1-6_10,0
B6,direct,472,S1-14_06,0
B6,direct,473,E1-5_01,0
B6,direct,474,S1-14_05,0
B6,direct,475,S1-16_05,0
B6,direct,476,S1-16_04,0
B6,direct,477,S1-10_04,0
B6,direct,478,S1-14_04,0
B6,direct,479,S1-14_08,0
B6,direct,480,S1-13_01,0
B6,direct,481,S1-15_02,0
B6,direct,482,S1-6_18,0
B6,direct,483,E5-5_16,0
B6,direct,484,E1-5_07,0
B6,direct,485,E5-5_07,0
B6,direct,486,S1-16_01,0
B6,direct,487,S1-9_03,0
B6,direct,488,S1-14_03,0
B6,direct,489,S1-9_05,0
B6,direct,490,S1-6_03,0
B6,direct,491,S1-15_01,0
B6,direct,492,E5-4_05,0
B6,direct,493,S1-9_04,0
B6,direct,494,S1-15_03,0
B6,direct,495,E1-5_14,0
B6,direct,496,MDR-T_05,0
B6,direct,497,E3-4_05,0
B6,direct,498,E2-4_02,0
B6,direct,499,S1-14_07,0
B6,direct,500,E1-5_11,0
B6,direct,501,E3-4_12,0
B6,direct,502,E3-4_01,0
B6,direct,503,S1-14_09,0
B6,direct,504,S1-14_02,0
B6,direct,505,E3-4_11,0
B6,direct,506,E1-5_08,0
B6,direct,507,E1-5_06,0
B6,direct,508,E1-5_10,0
B6,direct,509,E1-5_03,0
B6,direct,510,S1-13_04,0
B6,direct,511,S1-14_12,0
B6,direct,512,E1-5_13,0
B6,direct,513,E1-5_12,0
B6,direct,514,E3-4_02,0
B6,direct,515,S1-13_03,0
B6,direct,516,E1-5_02,0
B6,direct,517,E1-5_05,0
B6,symbolic_multihop,1,MDR-T_18,0
B6,symbolic_multihop,2,MDR-P_08,0
B6,symbolic_multihop,3,MDR-A_14,0
B6,symbolic_multihop,4,S1-4_13,0
B6,symbolic_multihop,5,MDR-T_17,0
B6,symbolic_multihop,6,S2-5_06,0
B6,symbolic_multihop,7,BP-2_26,0
B6,symbolic_multihop,8,E4-3_10,0
B6,symbolic_multihop,9,MDR-T_13,1
B6,symbolic_multihop,10,S4-5_06,0
B6,symbolic_multihop,11,S1-4_12,1
B6,symbolic_multihop,12,S1-5_06,0
B6,symbolic_multihop,13,S2-4_18,0
B6,symbolic_multihop,14,S1-4_20,0
B6,symbolic_multihop,15,S1-4_09,0
B6,symbolic_multihop,16,S4-4_18,0
B6,symbolic_multihop,17,MDR-P_09,0
B6,symbolic_multihop,18,MDR-M_01,0
B6,symbolic_multihop,19,S1-5_02,0
B6,symbolic_multihop,20,SBM-3_07,0
B6,symbolic_multihop,21,MDR-T_20,0
B6,symbolic_multihop,22,S3-5_06,0
B6,symbolic_multihop,23,E1.MDR-T_14-19,0
B6,symbolic_multihop,24,S3-4_19,0
B6,symbolic_multihop,25,MDR-A_15,0
B6,symbolic_multihop,26,MDR-P_07,0
B6,symbolic_multihop,27,S1-5_03,0
B6,symbolic_multihop,28,S2-4_04,0
B6,symbolic_multihop,29,S4-4_12,0
B6,symbolic_multihop,30,MDR-T_16,0
B6,symbolic_multihop,31,S2-4_12,0
B6,symbolic_multihop,32,E1.MDR-T_01-13,0
B6,symbolic_multihop,33,BP-2_24,0
B6,symbolic_multihop,34,E4.MDR-T_14-19,0
B6,symbolic_multihop,35,E3.MDR-T_14-19,0
B6,symbolic_multihop,36,E5.IRO-1_01,0
B6,symbolic_multihop,37,S2-4_03,0
B6,symbolic_multihop,38,E2.MDR-T_14-19,0
B6,symbolic_multihop,39,S2-4_15,0
B6,symbolic_multihop,40,E2.MDR-T_01-13,0
B6,symbolic_multihop,41,S2-4_05,0
B6,symbolic_multihop,42,MDR-T_09,0
B6,symbolic_multihop,43,S3-4_02,0
B6,symbolic_multihop,44,S2-5_02,0
B6,symbolic_multihop,45,S1-2_08,0
B6,symbolic_multihop,46,S1-3_10,0
B6,symbolic_multihop,47,S1.MDR-T_14-19,0
B6,symbolic_multihop,48,S3-4_12,0
B6,symbolic_multihop,49,E4.MDR-T_01-13,0
B6,symbolic_multihop,50,E4-1_09,0
B6,symbolic_multihop,51,S1-4_11,0
B6,symbolic_multihop,52,BP-2_25,0
B6,symbolic_multihop,53,S2-5_03,0
B6,symbolic_multihop,54,S2-2_09,0
B6,symbolic_multihop,55,S1.MDR-A_01-12,0
B6,symbolic_multihop,56,E2.MDR-A_13-14,0
B6,symbolic_multihop,57,S1-2_09,0
B6,symbolic_multihop,58,G1.MDR-A_01-12,0
B6,symbolic_multihop,59,MDR-T_21,0
B6,symbolic_multihop,60,S2-2_08,0
B6,symbolic_multihop,61,S1-4_10,0
B6,symbolic_multihop,62,E3.MDR-A_13-14,0
B6,symbolic_multihop,63,MDR-T_14,0
B6,symbolic_multihop,64,MDR-A_06,0
B6,symbolic_multihop,65,E1.MDR-A_13-14,0
B6,symbolic_multihop,66,E4.MDR-A_13-14,0
B6,symbolic_multihop,67,E3.MDR-T_01-13,0
B6,symbolic_multihop,68,S1.MDR-T_01-13,0
B6,symbolic_multihop,69,E5.MDR-T_14-19,0
B6,symbolic_multihop,70,S1-4_04,0
B6,symbolic_multihop,71,S2-3_07,0
B6,symbolic_multihop,72,G1.MDR-A_13-14,0
B6,symbolic_multihop,73,S1-4_02,0
B6,symbolic_multihop,74,S1.MDR-A_13-14,0
B6,symbolic_multihop,75,BP-2_27,0
B6,symbolic_multihop,76,S2.MDR-T_14-19,0
B6,symbolic_multihop,77,S1-4_03,0
B6,symbolic_multihop,78,E2.MDR-P_07-08,0
B6,symbolic_multihop,79,E3.MDR-P_07-08,0
B6,symbolic_multihop,80,S4.MDR-T_14-19,0
B6,symbolic_multihop,81,E1.MDR-P_07-08,0
B6,symbolic_multihop,82,S1-4_16,0
B6,symbolic_multihop,83,G1-3_04,0
B6,symbolic_multihop,84,S1-4_05,0
B6,symbolic_multihop,85,SBM-1_21,0
B6,symbolic_multihop,86,E4.MDR-P_07-08,0
B6,symbolic_multihop,87,S4-3_08,0
B6,symbolic_multihop,88,S3-2_08,0
B6,symbolic_multihop,89,MDR-A_05,0
B6,symbolic_multihop,90,S4-5_02,0
B6,symbolic_multihop,91,G1.MDR-P_07-08,0
B6,symbolic_multihop,92,MDR-P_01,0
B6,symbolic_multihop,93,S1.SBM-3_04,0
B6,symbolic_multihop,94,MDR-T_04,0
B6,symbolic_multihop,95,S2.MDR-A_13-14,0
B6,symbolic_multihop,96,S1.MDR-P_07-08,0
B6,symbolic_multihop,97,S4.MDR-A_13-14,0
B6,symbolic_multihop,98,S2.MDR-P_07-08,0
B6,symbolic_multihop,99,S2.SBM-3_06,0
B6,symbolic_multihop,100,S1-2_01,0
B6,symbolic_multihop,101,E5.MDR-T_01-13,0
B6,symbolic_multihop,102,S2-4_06,0
B6,symbolic_multihop,103,S4.MDR-P_07-08,0
B6,symbolic_multihop,104,S3-5_02,0
B6,symbolic_multihop,105,S3-5_03,0
B6,symbolic_multihop,106,E5.MDR-A_13-14,0
B6,symbolic_multihop,107,S2-4_01,0
B6,symbolic_multihop,108,S4-3_07,0
B6,symbolic_multihop,109,S3-4_15,0
B6,symbolic_multihop,110,E5.MDR-P_07-08,0
B6,symbolic_multihop,111,S3.MDR-P_07-08,0
B6,symbolic_multihop,112,S2-2_01,0
B6,symbolic_multihop,113,S4-2_07,0
B6,symbolic_multihop,114,S3-2_09,0
B6,symbolic_multihop,115,S2.MDR-T_01-13,0
B6,symbolic_multihop,116,S3-3_16,0
B6,symbolic_multihop,117,S3.MDR-T_14-19,0
B6,symbolic_multihop,118,MDR-A_13,0
B6,symbolic_multihop,119,S2-4_02,0
B6,symbolic_multihop,120,S4-4_02,0
B6,symbolic_multihop,121,S4-4_04,0
B6,symbolic_multihop,122,S1-4_01,0
B6,symbolic_multihop,123,S2.MDR-A_01-12,0
B6,symbolic_multihop,124,S3-4_04,0
B6,symbolic_multihop,125,S3.MDR-A_13-14,0
B6,symbolic_multihop,126,S4-5_03,0
B6,symbolic_multihop,127,E2-3_09,0
B6,symbolic_multihop,128,S4-2_08,0
B6,symbolic_multihop,129,S3-4_03,0
B6,symbolic_multihop,130,MDR-A_04,0
B6,symbolic_multihop,131,S3-4_10,0
B6,symbolic_multihop,132,SBM-3_04,0
B6,symbolic_multihop,133,S3-2_01,0
B6,symbolic_multihop,134,S1.SBM-3_03,0
B6,symbolic_multihop,135,E5.MDR-A_01-12,0
B6,symbolic_multihop,136,S4-4_03,0
B6,symbolic_multihop,137,S2-4_11,0
B6,symbolic_multihop,138,S4-4_15,0
B6,symbolic_multihop,139,S2-3_08,0
B6,symbolic_multihop,140,MDR-A_01,0
B6,symbolic_multihop,141,S4-4_01,0
B6,symbolic_multihop,142,S3-4_05,0
B6,symbolic_multihop,143,S3-3_17,0
B6,symbolic_multihop,144,S1-3_11,0
B6,symbolic_multihop,145,S2.SBM-3_05,0
B6,symbolic_multihop,146,S4.MDR-T_01-13,0
B6,symbolic_multihop,147,E4-1_11,0
B6,symbolic_multihop,148,S3-1_01,0
B6,symbolic_multihop,149,S3.MDR-T_01-13,0
B6,symbolic_multihop,150,E2.IRO-1_03,0
B6,symbolic_multihop,151,S3-4_06,0
B6,symbolic_multihop,152,S3-4_01,0
B6,symbolic_multihop,153,S4.MDR-A_01-12,0
B6,symbolic_multihop,154,S4-2_01,0
B6,symbolic_multihop,155,S4-4_06,0
B6,symbolic_multihop,156,E1-4_01,0
B6,symbolic_multihop,157,S3.MDR-A_01-12,0
B6,symbolic_multihop,158,S3.SBM-3_05,0
B6,symbolic_multihop,159,S4-4_05,0
B6,symbolic_multihop,160,E4-3_01,0
B6,symbolic_multihop,161,G1-2_02,0
B6,symbolic_multihop,162,S4.SBM-3_05,0
B6,symbolic_multihop,163,E4-2_01,0
B6,symbolic_multihop,164,E3-2_01,0
B6,symbolic_multihop,165,MDR-T_07,0
B6,symbolic_multihop,166,MDR-T_02,0
B6,symbolic_multihop,167,S1-1_13,0
B6,symbolic_multihop,168,MDR-T_10,0
B6,symbolic_multihop,169,S1-1_10,0
B6,symbolic_multihop,170,E2.MDR-A_01-12,0
B6,symbolic_multihop,171,E1-2_01,0
B6,symbolic_multihop,172,S4.SBM-3_04,0
B6,symbolic_multihop,173,E3.MDR-A_01-12,0
B6,symbolic_multihop,174,E2-2_01,0
B6,symbolic_multihop,175,S4-4_11,0
B6,symbolic_multihop,176,S3.SBM-3_04,0
B6,symbolic_multihop,177,E4-2_02,0
B6,symbolic_multihop,178,S1-17_08,0
B6,symbolic_multihop,179,E4.MDR-A_01-12,0
B6,symbolic_multihop,180,S3-4_11,0
B6,symbolic_multihop,181,E1.MDR-A_01-12,0
B6,symbolic_multihop,182,E4-5_14,0
B6,symbolic_multihop,183,S1-1_08,0
B6,symbolic_multihop,184,S2-1_05,0
B6,symbolic_multihop,185,E1-4_22,0
B6,symbolic_multihop,186,MDR-T_05,0
B6,multihop_cross_encoder,1,MDR-T_13,1
B6,multihop_cross_encoder,2,S2.MDR-T_14-19,0
B6,multihop_cross_encoder,3,S3.MDR-T_14-19,0
B6,multihop_cross_encoder,4,S1.MDR-T_14-19,0
B6,multihop_cross_encoder,5,S4.MDR-T_14-19,0
B6,multihop_cross_encoder,6,E3.MDR-T_14-19,0
B6,multihop_cross_encoder,7,E4.MDR-T_14-19,0
B6,multihop_cross_encoder,8,E5.MDR-T_14-19,0
B6,multihop_cross_encoder,9,S1-5_02,0
B6,multihop_cross_encoder,10,MDR-T_21,0
B6,multihop_cross_encoder,11,E2.MDR-T_14-19,0
B6,multihop_cross_encoder,12,E1.MDR-T_14-19,0
B6,multihop_cross_encoder,13,S3-5_02,0
B6,multihop_cross_encoder,14,S3.MDR-P_07-08,0
B6,multihop_cross_encoder,15,S2.MDR-P_07-08,0
B6,multihop_cross_encoder,16,G1.MDR-P_07-08,0
B6,multihop_cross_encoder,17,S2-5_02,0
B6,multihop_cross_encoder,18,S1.MDR-P_07-08,0
B6,multihop_cross_encoder,19,S4.MDR-P_07-08,0
B6,multihop_cross_encoder,20,S1-5_06,0
B6,multihop_cross_encoder,21,E2.MDR-P_07-08,0
B6,multihop_cross_encoder,22,E3.MDR-P_07-08,0
B6,multihop_cross_encoder,23,E4.MDR-P_07-08,0
B6,multihop_cross_encoder,24,E1.MDR-P_07-08,0
B6,multihop_cross_encoder,25,E5.MDR-P_07-08,0
B6,multihop_cross_encoder,26,S2-5_06,0
B6,multihop_cross_encoder,27,S3-5_06,0
B6,multihop_cross_encoder,28,S1-3_10,0
B6,multihop_cross_encoder,29,S1-2_08,0
B6,multihop_cross_encoder,30,S4-5_06,0
B6,multihop_cross_encoder,31,S2-3_07,0
B6,multihop_cross_encoder,32,MDR-T_20,0
B6,multihop_cross_encoder,33,S3-3_16,0
B6,multihop_cross_encoder,34,S4-5_02,0
B6,multihop_cross_encoder,35,S3-2_08,0
B6,multihop_cross_encoder,36,MDR-P_07,0
B6,multihop_cross_encoder,37,S4-3_07,0
B6,multihop_cross_encoder,38,S4-2_07,0
B6,multihop_cross_encoder,39,MDR-A_13,0
B6,multihop_cross_encoder,40,G1.MDR-A_13-14,0
B6,multihop_cross_encoder,41,S2.MDR-A_13-14,0
B6,multihop_cross_encoder,42,S1.MDR-A_13-14,0
B6,multihop_cross_encoder,43,S3.MDR-A_13-14,0
B6,multihop_cross_encoder,44,S4.MDR-A_13-14,0
B6,multihop_cross_encoder,45,E1.MDR-A_13-14,0
B6,multihop_cross_encoder,46,E2.MDR-A_13-14,0
B6,multihop_cross_encoder,47,E5.MDR-A_13-14,0
B6,multihop_cross_encoder,48,E4.MDR-A_13-14,0
B6,multihop_cross_encoder,49,E3.MDR-A_13-14,0
B6,multihop_cross_encoder,50,S1-2_09,0
B6,multihop_cross_encoder,51,E5.MDR-T_01-13,0
B6,multihop_cross_encoder,52,E2.MDR-T_01-13,0
B6,multihop_cross_encoder,53,E1.MDR-T_01-13,0
B6,multihop_cross_encoder,54,E3.MDR-T_01-13,0
B6,multihop_cross_encoder,55,S1-5_03,0
B6,multihop_cross_encoder,56,E4.MDR-T_01-13,0
B6,multihop_cross_encoder,57,S2-2_08,0
B6,multihop_cross_encoder,58,BP-2_24,0
B6,multihop_cross_encoder,59,S3-2_09,0
B6,multihop_cross_encoder,60,MDR-T_10,0
B6,multihop_cross_encoder,61,S3-5_03,0
B6,multihop_cross_encoder,62,MDR-T_04,0
B6,multihop_cross_encoder,63,MDR-A_15,0
B6,multihop_cross_encoder,64,MDR-P_08,0
B6,multihop_cross_encoder,65,S1.MDR-T_01-13,0
B6,multihop_cross_encoder,66,MDR-T_09,0
B6,multihop_cross_encoder,67,S4-2_08,0
B6,multihop_cross_encoder,68,MDR-T_07,0
B6,multihop_cross_encoder,69,MDR-T_02,0
B6,multihop_cross_encoder,70,MDR-A_14,0
B6,multihop_cross_encoder,71,S1-1_10,0
B6,multihop_cross_encoder,72,S3.MDR-T_01-13,0
B6,multihop_cross_encoder,73,E2-3_09,0
B6,multihop_cross_encoder,74,S2-5_03,0
B6,multihop_cross_encoder,75,S2-2_09,0
B6,multihop_cross_encoder,76,MDR-P_09,0
B6,multihop_cross_encoder,77,S4-5_03,0
B6,multihop_cross_encoder,78,MDR-T_14,0
B6,multihop_cross_encoder,79,S1-4_10,0
B6,multihop_cross_encoder,80,S1-4_11,0
B6,multihop_cross_encoder,81,S4.MDR-T_01-13,0
B6,multihop_cross_encoder,82,S3-4_10,0
B6,multihop_cross_encoder,83,S1-4_13,0
B6,multihop_cross_encoder,84,S1-4_12,1
B6,multihop_cross_encoder,85,S4-4_06,0
B6,multihop_cross_encoder,86,MDR-P_01,0
B6,multihop_cross_encoder,87,MDR-A_01,0
B6,multihop_cross_encoder,88,SBM-3_07,0
B6,multihop_cross_encoder,89,S3-4_06,0
B6,multihop_cross_encoder,90,S1-1_13,0
B6,multihop_cross_encoder,91,E5.IRO-1_01,0
B6,multihop_cross_encoder,92,S1-4_04,0
B6,multihop_cross_encoder,93,S1.MDR-A_01-12,0
B6,multihop_cross_encoder,94,MDR-T_16,0
B6,multihop_cross_encoder,95,S1-4_03,0
B6,multihop_cross_encoder,96,S2.MDR-T_01-13,0
B6,multihop_cross_encoder,97,SBM-1_21,0
B6,multihop_cross_encoder,98,S1-2_01,0
B6,multihop_cross_encoder,99,MDR-T_05,0
B6,multihop_cross_encoder,100,MDR-M_01,0
B6,multihop_cross_encoder,101,S2-4_06,0
B6,multihop_cross_encoder,102,E4-3_10,0
B6,multihop_cross_encoder,103,S3-4_02,0
B6,multihop_cross_encoder,104,MDR-A_05,0
B6,multihop_cross_encoder,105,S2-4_12,0
B6,multihop_cross_encoder,106,S1-4_16,0
B6,multihop_cross_encoder,107,S3-4_12,0
B6,multihop_cross_encoder,108,S3-4_04,0
B6,multihop_cross_encoder,109,S4-4_12,0
B6,multihop_cross_encoder,110,S1-4_05,0
B6,multihop_cross_encoder,111,S1-4_09,0
B6,multihop_cross_encoder,112,G1-3_04,0
B6,multihop_cross_encoder,113,MDR-T_18,0
B6,multihop_cross_encoder,114,BP-2_26,0
B6,multihop_cross_encoder,115,S3-4_15,0
B6,multihop_cross_encoder,116,S1-4_01,0
B6,multihop_cross_encoder,117,S3.MDR-A_01-12,0
B6,multihop_cross_encoder,118,S3-1_01,0
B6,multihop_cross_encoder,119,BP-2_25,0
B6,multihop_cross_encoder,120,MDR-T_17,0
B6,multihop_cross_encoder,121,S2-3_08,0
B6,multihop_cross_encoder,122,S4-4_04,0
B6,multihop_cross_encoder,123,G1.MDR-A_01-12,0
B6,multihop_cross_encoder,124,S3-2_01,0
B6,multihop_cross_encoder,125,S1.SBM-3_03,0
B6,multihop_cross_encoder,126,S4-4_05,0
B6,multihop_cross_encoder,127,S1-3_11,0
B6,multihop_cross_encoder,128,S4.MDR-A_01-12,0
B6,multihop_cross_encoder,129,S3-4_05,0
B6,multihop_cross_encoder,130,E4-1_09,0
B6,multihop_cross_encoder,131,E1-2_01,0
B6,multihop_cross_encoder,132,S2-4_15,0
B6,multihop_cross_encoder,133,S4-2_01,0
B6,multihop_cross_encoder,134,S3-4_03,0
B6,multihop_cross_encoder,135,MDR-A_04,0
B6,multihop_cross_encoder,136,S4-4_01,0
B6,multihop_cross_encoder,137,S1-4_02,0
B6,multihop_cross_encoder,138,G1-2_02,0
B6,multihop_cross_encoder,139,S2-4_04,0
B6,multihop_cross_encoder,140,S4-4_03,0
B6,multihop_cross_encoder,141,S3-4_01,0
B6,multihop_cross_encoder,142,S3-3_17,0
B6,multihop_cross_encoder,143,S4-4_15,0
B6,multihop_cross_encoder,144,S1-17_08,0
B6,multihop_cross_encoder,145,S2.SBM-3_05,0
B6,multihop_cross_encoder,146,S4.SBM-3_04,0
B6,multihop_cross_encoder,147,S4-3_08,0
B6,multihop_cross_encoder,148,E2.IRO-1_03,0
B6,multihop_cross_encoder,149,S4-4_02,0
B6,multihop_cross_encoder,150,S2-4_02,0
B6,multihop_cross_encoder,151,S2-2_01,0
B6,multihop_cross_encoder,152,S3.SBM-3_04,0
B6,multihop_cross_encoder,153,S2-4_05,0
B6,multihop_cross_encoder,154,BP-2_27,0
B6,multihop_cross_encoder,155,S1-4_20,0
B6,multihop_cross_encoder,156,S2-4_18,0
B6,multihop_cross_encoder,157,S3-4_19,0
B6,multihop_cross_encoder,158,E2-2_01,0
B6,multihop_cross_encoder,159,S2-4_01,0
B6,multihop_cross_encoder,160,S4-4_18,0
B6,multihop_cross_encoder,161,E5.MDR-A_01-12,0
B6,multihop_cross_encoder,162,E1-4_01,0
B6,multihop_cross_encoder,163,S3-4_11,0
B6,multihop_cross_encoder,164,E2.MDR-A_01-12,0
B6,multihop_cross_encoder,165,MDR-A_06,0
B6,multihop_cross_encoder,166,S2-1_05,0
B6,multihop_cross_encoder,167,S1.SBM-3_04,0
B6,multihop_cross_encoder,168,S2-4_03,0
B6,multihop_cross_encoder,169,S1-1_08,0
B6,multihop_cross_encoder,170,S4-4_11,0
B6,multihop_cross_encoder,171,S2-4_11,0
B6,multihop_cross_encoder,172,S2.MDR-A_01-12,0
B6,multihop_cross_encoder,173,E1.MDR-A_01-12,0
B6,multihop_cross_encoder,174,E4-3_01,0
B6,multihop_cross_encoder,175,E4.MDR-A_01-12,0
B6,multihop_cross_encoder,176,E4-2_01,0
B6,multihop_cross_encoder,177,SBM-3_04,0
B6,multihop_cross_encoder,178,E3.MDR-A_01-12,0
B6,multihop_cross_encoder,179,E4-1_11,0
B6,multihop_cross_encoder,180,E3-2_01,0
B6,multihop_cross_encoder,181,S4.SBM-3_05,0
B6,multihop_cross_encoder,182,S3.SBM-3_05,0
B6,multihop_cross_encoder,183,S2.SBM-3_06,0
B6,multihop_cross_encoder,184,E1-4_22,0
B6,multihop_cross_encoder,185,E4-2_02,0
B6,multihop_cross_encoder,186,E4-5_14,0
B6,multihop_kd_gold,1,MDR-T_18,0
B6,multihop_kd_gold,2,MDR-P_08,0
B6,multihop_kd_gold,3,S1-4_13,0
B6,multihop_kd_gold,4,E4-3_10,0
B6,multihop_kd_gold,5,MDR-A_14,0
B6,multihop_kd_gold,6,S2-5_06,0
B6,multihop_kd_gold,7,S1-5_06,0
B6,multihop_kd_gold,8,S1-4_12,1
B6,multihop_kd_gold,9,MDR-T_13,1
B6,multihop_kd_gold,10,MDR-T_17,0
B6,multihop_kd_gold,11,S4-5_06,0
B6,multihop_kd_gold,12,S2-4_15,0
B6,multihop_kd_gold,13,S1-4_09,0
B6,multihop_kd_gold,14,S2-4_18,0
B6,multihop_kd_gold,15,S2-4_12,0
B6,multihop_kd_gold,16,S4-4_12,0
B6,multihop_kd_gold,17,E4-1_09,0
B6,multihop_kd_gold,18,S1-4_20,0
B6,multihop_kd_gold,19,BP-2_26,0
B6,multihop_kd_gold,20,S4-4_18,0
B6,multihop_kd_gold,21,S1.MDR-A_01-12,0
B6,multihop_kd_gold,22,S3-4_19,0
B6,multihop_kd_gold,23,MDR-M_01,0
B6,multihop_kd_gold,24,MDR-T_16,0
B6,multihop_kd_gold,25,MDR-T_20,0
B6,multihop_kd_gold,26,S1-5_02,0
B6,multihop_kd_gold,27,S3-5_06,0
B6,multihop_kd_gold,28,S3-4_12,0
B6,multihop_kd_gold,29,SBM-3_07,0
B6,multihop_kd_gold,30,E5.IRO-1_01,0
B6,multihop_kd_gold,31,S2-5_03,0
B6,multihop_kd_gold,32,MDR-P_09,0
B6,multihop_kd_gold,33,S2-4_04,0
B6,multihop_kd_gold,34,S2-5_02,0
B6,multihop_kd_gold,35,S2-4_03,0
B6,multihop_kd_gold,36,S1-5_03,0
B6,multihop_kd_gold,37,S1-4_11,0
B6,multihop_kd_gold,38,S1.MDR-T_01-13,0
B6,multihop_kd_gold,39,S2-4_05,0
B6,multihop_kd_gold,40,S2-2_09,0
B6,multihop_kd_gold,41,E1.MDR-T_01-13,0
B6,multihop_kd_gold,42,G1.MDR-A_01-12,0
B6,multihop_kd_gold,43,MDR-T_09,0
B6,multihop_kd_gold,44,MDR-A_15,0
B6,multihop_kd_gold,45,E2.MDR-T_01-13,0
B6,multihop_kd_gold,46,S1-4_10,0
B6,multihop_kd_gold,47,S2-2_08,0
B6,multihop_kd_gold,48,S1-2_08,0
B6,multihop_kd_gold,49,S3-4_02,0
B6,multihop_kd_gold,50,G1-3_04,0
B6,multihop_kd_gold,51,E4.MDR-T_01-13,0
B6,multihop_kd_gold,52,E1.MDR-T_14-19,0
B6,multihop_kd_gold,53,MDR-P_07,0
B6,multihop_kd_gold,54,S1-3_10,0
B6,multihop_kd_gold,55,S1-4_16,0
B6,multihop_kd_gold,56,S1.MDR-T_14-19,0
B6,multihop_kd_gold,57,S1-2_01,0
B6,multihop_kd_gold,58,S1-4_04,0
B6,multihop_kd_gold,59,S1-4_03,0
B6,multihop_kd_gold,60,E3.MDR-T_14-19,0
B6,multihop_kd_gold,61,MDR-A_06,0
B6,multihop_kd_gold,62,S1-2_09,0
B6,multihop_kd_gold,63,E4.MDR-T_14-19,0
B6,multihop_kd_gold,64,S2-2_01,0
B6,multihop_kd_gold,65,S3-5_03,0
B6,multihop_kd_gold,66,S2-3_07,0
B6,multihop_kd_gold,67,S1-4_01,0
B6,multihop_kd_gold,68,S2.MDR-T_14-19,0
B6,multihop_kd_gold,69,S1-4_05,0
B6,multihop_kd_gold,70,S3-2_08,0
B6,multihop_kd_gold,71,E3.MDR-T_01-13,0
B6,multihop_kd_gold,72,S2.MDR-T_01-13,0
B6,multihop_kd_gold,73,S2-4_01,0
B6,multihop_kd_gold,74,BP-2_25,0
B6,multihop_kd_gold,75,BP-2_24,0
B6,multihop_kd_gold,76,S4.MDR-T_14-19,0
B6,multihop_kd_gold,77,S1-4_02,0
B6,multihop_kd_gold,78,E2.MDR-T_14-19,0
B6,multihop_kd_gold,79,MDR-A_05,0
B6,multihop_kd_gold,80,MDR-T_14,0
B6,multihop_kd_gold,81,S2.MDR-A_01-12,0
B6,multihop_kd_gold,82,S4-3_08,0
B6,multihop_kd_gold,83,S4-5_02,0
B6,multihop_kd_gold,84,S3-4_15,0
B6,multihop_kd_gold,85,E5.MDR-T_01-13,0
B6,multihop_kd_gold,86,S3-5_02,0
B6,multihop_kd_gold,87,S2-4_06,0
B6,multihop_kd_gold,88,MDR-P_01,0
B6,multihop_kd_gold,89,MDR-T_21,0
B6,multihop_kd_gold,90,S3-3_16,0
B6,multihop_kd_gold,91,E5.MDR-T_14-19,0
B6,multihop_kd_gold,92,S1.MDR-A_13-14,0
B6,multihop_kd_gold,93,E2.MDR-A_13-14,0
B6,multihop_kd_gold,94,G1.MDR-A_13-14,0
B6,multihop_kd_gold,95,S3.MDR-T_14-19,0
B6,multihop_kd_gold,96,SBM-1_21,0
B6,multihop_kd_gold,97,S3-2_09,0
B6,multihop_kd_gold,98,S4-3_07,0
B6,multihop_kd_gold,99,E3.MDR-A_13-14,0
B6,multihop_kd_gold,100,BP-2_27,0
B6,multihop_kd_gold,101,S2.MDR-A_13-14,0
B6,multihop_kd_gold,102,S4-2_07,0
B6,multihop_kd_gold,103,S4.MDR-T_01-13,0
B6,multihop_kd_gold,104,E4.MDR-A_13-14,0
B6,multihop_kd_gold,105,S2.SBM-3_06,0
B6,multihop_kd_gold,106,E1.MDR-A_13-14,0
B6,multihop_kd_gold,107,S2-4_11,0
B6,multihop_kd_gold,108,S4.MDR-A_13-14,0
B6,multihop_kd_gold,109,S3-2_01,0
B6,multihop_kd_gold,110,S4-4_04,0
B6,multihop_kd_gold,111,S1.SBM-3_03,0
B6,multihop_kd_gold,112,S4-5_03,0
B6,multihop_kd_gold,113,E2.MDR-P_07-08,0
B6,multihop_kd_gold,114,S2.SBM-3_05,0
B6,multihop_kd_gold,115,E1.MDR-P_07-08,0
B6,multihop_kd_gold,116,G1.MDR-P_07-08,0
B6,multihop_kd_gold,117,S3.MDR-T_01-13,0
B6,multihop_kd_gold,118,S1.SBM-3_04,0
B6,multihop_kd_gold,119,S2.MDR-P_07-08,0
B6,multihop_kd_gold,120,S1.MDR-P_07-08,0
B6,multihop_kd_gold,121,S3-4_04,0
B6,multihop_kd_gold,122,MDR-T_04,0
B6,multihop_kd_gold,123,S4-4_01,0
B6,multihop_kd_gold,124,E3.MDR-P_07-08,0
B6,multihop_kd_gold,125,E4.MDR-P_07-08,0
B6,multihop_kd_gold,126,S3.MDR-A_13-14,0
B6,multihop_kd_gold,127,S4-4_15,0
B6,multihop_kd_gold,128,S4.MDR-P_07-08,0
B6,multihop_kd_gold,129,S2-4_02,0
B6,multihop_kd_gold,130,S4-4_03,0
B6,multihop_kd_gold,131,S3-4_03,0
B6,multihop_kd_gold,132,S3.MDR-A_01-12,0
B6,multihop_kd_gold,133,S4.MDR-A_01-12,0
B6,multihop_kd_gold,134,S3-4_10,0
B6,multihop_kd_gold,135,S3.MDR-P_07-08,0
B6,multihop_kd_gold,136,S4-4_02,0
B6,multihop_kd_gold,137,E5.MDR-A_13-14,0
B6,multihop_kd_gold,138,SBM-3_04,0
B6,multihop_kd_gold,139,MDR-A_04,0
B6,multihop_kd_gold,140,S3-4_05,0
B6,multihop_kd_gold,141,S4-2_08,0
B6,multihop_kd_gold,142,S3-3_17,0
B6,multihop_kd_gold,143,S1-3_11,0
B6,multihop_kd_gold,144,E5.MDR-P_07-08,0
B6,multihop_kd_gold,145,E5.MDR-A_01-12,0
B6,multihop_kd_gold,146,S2-3_08,0
B6,multihop_kd_gold,147,E4-1_11,0
B6,multihop_kd_gold,148,S3-4_01,0
B6,multihop_kd_gold,149,S3-4_06,0
B6,multihop_kd_gold,150,E2-3_09,0
B6,multihop_kd_gold,151,S4-2_01,0
B6,multihop_kd_gold,152,MDR-A_13,0
B6,multihop_kd_gold,153,E1-4_01,0
B6,multihop_kd_gold,154,MDR-A_01,0
B6,multihop_kd_gold,155,E2.IRO-1_03,0
B6,multihop_kd_gold,156,S4-4_06,0
B6,multihop_kd_gold,157,S3-1_01,0
B6,multihop_kd_gold,158,G1-2_02,0
B6,multihop_kd_gold,159,S4-4_05,0
B6,multihop_kd_gold,160,S3.SBM-3_05,0
B6,multihop_kd_gold,161,S4.SBM-3_05,0
B6,multihop_kd_gold,162,E3-2_01,0
B6,multihop_kd_gold,163,S4.SBM-3_04,0
B6,multihop_kd_gold,164,E4-2_01,0
B6,multihop_kd_gold,165,S1-1_13,0
B6,multihop_kd_gold,166,S3.SBM-3_04,0
B6,multihop_kd_gold,167,MDR-T_10,0
B6,multihop_kd_gold,168,E4-3_01,0
B6,multihop_kd_gold,169,S1-1_10,0
B6,multihop_kd_gold,170,E1-2_01,0
B6,multihop_kd_gold,171,S4-4_11,0
B6,multihop_kd_gold,172,MDR-T_07,0
B6,multihop_kd_gold,173,E2.MDR-A_01-12,0
B6,multihop_kd_gold,174,E2-2_01,0
B6,multihop_kd_gold,175,S1-17_08,0
B6,multihop_kd_gold,176,E3.MDR-A_01-12,0
B6,multihop_kd_gold,177,E4-2_02,0
B6,multihop_kd_gold,178,MDR-T_02,0
B6,multihop_kd_gold,179,S3-4_11,0
B6,multihop_kd_gold,180,E1.MDR-A_01-12,0
B6,multihop_kd_gold,181,E4.MDR-A_01-12,0
B6,multihop_kd_gold,182,E1-4_22,0
B6,multihop_kd_gold,183,E4-5_14,0
B6,multihop_kd_gold,184,S2-1_05,0
B6,multihop_kd_gold,185,S1-1_08,0
B6,multihop_kd_gold,186,MDR-T_05,0
B6,multihop_kd_gold_medium,1,MDR-T_18,0
B6,multihop_kd_gold_medium,2,MDR-P_08,0
B6,multihop_kd_gold_medium,3,S1-4_13,0
B6,multihop_kd_gold_medium,4,E4-3_10,0
B6,multihop_kd_gold_medium,5,S2-5_06,0
B6,multihop_kd_gold_medium,6,MDR-A_14,0
B6,multihop_kd_gold_medium,7,S1-5_06,0
B6,multihop_kd_gold_medium,8,S4-5_06,0
B6,multihop_kd_gold_medium,9,MDR-T_13,1
B6,multihop_kd_gold_medium,10,S1-4_12,1
B6,multihop_kd_gold_medium,11,S2-4_15,0
B6,multihop_kd_gold_medium,12,MDR-T_17,0
B6,multihop_kd_gold_medium,13,S1-4_09,0
B6,multihop_kd_gold_medium,14,S2-4_18,0
B6,multihop_kd_gold_medium,15,S4-4_12,0
B6,multihop_kd_gold_medium,16,E4-1_09,0
B6,multihop_kd_gold_medium,17,S2-4_12,0
B6,multihop_kd_gold_medium,18,S1-4_20,0
B6,multihop_kd_gold_medium,19,S4-4_18,0
B6,multihop_kd_gold_medium,20,S3-5_06,0
B6,multihop_kd_gold_medium,21,BP-2_26,0
B6,multihop_kd_gold_medium,22,S3-4_19,0
B6,multihop_kd_gold_medium,23,MDR-M_01,0
B6,multihop_kd_gold_medium,24,S1.MDR-A_01-12,0
B6,multihop_kd_gold_medium,25,S3-4_12,0
B6,multihop_kd_gold_medium,26,S1-5_02,0
B6,multihop_kd_gold_medium,27,MDR-T_20,0
B6,multihop_kd_gold_medium,28,SBM-3_07,0
B6,multihop_kd_gold_medium,29,E5.IRO-1_01,0
B6,multihop_kd_gold_medium,30,S2-5_03,0
B6,multihop_kd_gold_medium,31,MDR-T_16,0
B6,multihop_kd_gold_medium,32,S2-4_03,0
B6,multihop_kd_gold_medium,33,S2-5_02,0
B6,multihop_kd_gold_medium,34,S2-4_04,0
B6,multihop_kd_gold_medium,35,E1.MDR-T_01-13,0
B6,multihop_kd_gold_medium,36,S1.MDR-T_01-13,0
B6,multihop_kd_gold_medium,37,S1-4_11,0
B6,multihop_kd_gold_medium,38,S2-4_05,0
B6,multihop_kd_gold_medium,39,MDR-P_09,0
B6,multihop_kd_gold_medium,40,E2.MDR-T_01-13,0
B6,multihop_kd_gold_medium,41,S1-5_03,0
B6,multihop_kd_gold_medium,42,MDR-T_09,0
B6,multihop_kd_gold_medium,43,S2-2_09,0
B6,multihop_kd_gold_medium,44,S3-4_02,0
B6,multihop_kd_gold_medium,45,G1.MDR-A_01-12,0
B6,multihop_kd_gold_medium,46,E4.MDR-T_01-13,0
B6,multihop_kd_gold_medium,47,MDR-A_15,0
B6,multihop_kd_gold_medium,48,S1-4_10,0
B6,multihop_kd_gold_medium,49,S2-2_08,0
B6,multihop_kd_gold_medium,50,S1-4_16,0
B6,multihop_kd_gold_medium,51,S1-2_08,0
B6,multihop_kd_gold_medium,52,E1.MDR-T_14-19,0
B6,multihop_kd_gold_medium,53,S1-4_03,0
B6,multihop_kd_gold_medium,54,E3.MDR-T_01-13,0
B6,multihop_kd_gold_medium,55,S1.MDR-T_14-19,0
B6,multihop_kd_gold_medium,56,S2.MDR-T_01-13,0
B6,multihop_kd_gold_medium,57,E3.MDR-T_14-19,0
B6,multihop_kd_gold_medium,58,S1-3_10,0
B6,multihop_kd_gold_medium,59,S1-4_04,0
B6,multihop_kd_gold_medium,60,S3-5_03,0
B6,multihop_kd_gold_medium,61,E4.MDR-T_14-19,0
B6,multihop_kd_gold_medium,62,S1-4_01,0
B6,multihop_kd_gold_medium,63,S2-2_01,0
B6,multihop_kd_gold_medium,64,S1-4_05,0
B6,multihop_kd_gold_medium,65,MDR-P_07,0
B6,multihop_kd_gold_medium,66,G1-3_04,0
B6,multihop_kd_gold_medium,67,S1-2_01,0
B6,multihop_kd_gold_medium,68,S2.MDR-T_14-19,0
B6,multihop_kd_gold_medium,69,MDR-A_06,0
B6,multihop_kd_gold_medium,70,S2-4_01,0
B6,multihop_kd_gold_medium,71,S3-2_08,0
B6,multihop_kd_gold_medium,72,S3-5_02,0
B6,multihop_kd_gold_medium,73,E5.MDR-T_01-13,0
B6,multihop_kd_gold_medium,74,S1-2_09,0
B6,multihop_kd_gold_medium,75,S2-3_07,0
B6,multihop_kd_gold_medium,76,S4.MDR-T_14-19,0
B6,multihop_kd_gold_medium,77,E2.MDR-T_14-19,0
B6,multihop_kd_gold_medium,78,S4-5_02,0
B6,multihop_kd_gold_medium,79,BP-2_24,0
B6,multihop_kd_gold_medium,80,S2.MDR-A_01-12,0
B6,multihop_kd_gold_medium,81,S1-4_02,0
B6,multihop_kd_gold_medium,82,MDR-T_14,0
B6,multihop_kd_gold_medium,83,S3-4_15,0
B6,multihop_kd_gold_medium,84,MDR-A_05,0
B6,multihop_kd_gold_medium,85,S4-3_08,0
B6,multihop_kd_gold_medium,86,BP-2_25,0
B6,multihop_kd_gold_medium,87,S2-4_06,0
B6,multihop_kd_gold_medium,88,S3-3_16,0
B6,multihop_kd_gold_medium,89,MDR-T_21,0
B6,multihop_kd_gold_medium,90,MDR-P_01,0
B6,multihop_kd_gold_medium,91,E5.MDR-T_14-19,0
B6,multihop_kd_gold_medium,92,S3.MDR-T_14-19,0
B6,multihop_kd_gold_medium,93,S4.MDR-T_01-13,0
B6,multihop_kd_gold_medium,94,E2.MDR-A_13-14,0
B6,multihop_kd_gold_medium,95,S1.MDR-A_13-14,0
B6,multihop_kd_gold_medium,96,S3-2_09,0
B6,multihop_kd_gold_medium,97,SBM-1_21,0
B6,multihop_kd_gold_medium,98,S2.SBM-3_06,0
B6,multihop_kd_gold_medium,99,G1.MDR-A_13-14,0
B6,multihop_kd_gold_medium,100,S4-3_07,0
B6,multihop_kd_gold_medium,101,S3.MDR-T_01-13,0
B6,multihop_kd_gold_medium,102,S3-2_01,0
B6,multihop_kd_gold_medium,103,BP-2_27,0
B6,multihop_kd_gold_medium,104,S1.SBM-3_03,0
B6,multihop_kd_gold_medium,105,E3.MDR-A_13-14,0
B6,multihop_kd_gold_medium,106,S4-4_04,0
B6,multihop_kd_gold_medium,107,S2.SBM-3_05,0
B6,multihop_kd_gold_medium,108,S2.MDR-A_13-14,0
B6,multihop_kd_gold_medium,109,S4-2_07,0
B6,multihop_kd_gold_medium,110,E4.MDR-A_13-14,0
B6,multihop_kd_gold_medium,111,E1.MDR-A_13-14,0
B6,multihop_kd_gold_medium,112,S2-4_11,0
B6,multihop_kd_gold_medium,113,S4-5_03,0
B6,multihop_kd_gold_medium,114,S4.MDR-A_13-14,0
B6,multihop_kd_gold_medium,115,S3-4_04,0
B6,multihop_kd_gold_medium,116,MDR-T_04,0
B6,multihop_kd_gold_medium,117,S4-4_01,0
B6,multihop_kd_gold_medium,118,S1.SBM-3_04,0
B6,multihop_kd_gold_medium,119,S3-4_03,0
B6,multihop_kd_gold_medium,120,S2-4_02,0
B6,multihop_kd_gold_medium,121,S3.MDR-A_01-12,0
B6,multihop_kd_gold_medium,122,S4-4_03,0
B6,multihop_kd_gold_medium,123,S4-4_15,0
B6,multihop_kd_gold_medium,124,S4-4_02,0
B6,multihop_kd_gold_medium,125,S4.MDR-A_01-12,0
B6,multihop_kd_gold_medium,126,E2.MDR-P_07-08,0
B6,multihop_kd_gold_medium,127,S3-4_10,0
B6,multihop_kd_gold_medium,128,E1.MDR-P_07-08,0
B6,multihop_kd_gold_medium,129,G1.MDR-P_07-08,0
B6,multihop_kd_gold_medium,130,S3.MDR-A_13-14,0
B6,multihop_kd_gold_medium,131,S2.MDR-P_07-08,0
B6,multihop_kd_gold_medium,132,S1.MDR-P_07-08,0
B6,multihop_kd_gold_medium,133,E3.MDR-P_07-08,0
B6,multihop_kd_gold_medium,134,MDR-A_04,0
B6,multihop_kd_gold_medium,135,E4.MDR-P_07-08,0
B6,multihop_kd_gold_medium,136,S4.MDR-P_07-08,0
B6,multihop_kd_gold_medium,137,SBM-3_04,0
B6,multihop_kd_gold_medium,138,S3-4_05,0
B6,multihop_kd_gold_medium,139,S3-3_17,0
B6,multihop_kd_gold_medium,140,S3.MDR-P_07-08,0
B6,multihop_kd_gold_medium,141,E5.MDR-A_13-14,0
B6,multihop_kd_gold_medium,142,E5.MDR-A_01-12,0
B6,multihop_kd_gold_medium,143,S4-2_08,0
B6,multihop_kd_gold_medium,144,S1-3_11,0
B6,multihop_kd_gold_medium,145,E5.MDR-P_07-08,0
B6,multihop_kd_gold_medium,146,S3-4_01,0
B6,multihop_kd_gold_medium,147,S2-3_08,0
B6,multihop_kd_gold_medium,148,E4-1_11,0
B6,multihop_kd_gold_medium,149,S3-4_06,0
B6,multihop_kd_gold_medium,150,E2-3_09,0
B6,multihop_kd_gold_medium,151,S4-2_01,0
B6,multihop_kd_gold_medium,152,E1-4_01,0
B6,multihop_kd_gold_medium,153,MDR-A_13,0
B6,multihop_kd_gold_medium,154,MDR-A_01,0
B6,multihop_kd_gold_medium,155,S4-4_06,0
B6,multihop_kd_gold_medium,156,E2.IRO-1_03,0
B6,multihop_kd_gold_medium,157,S3-1_01,0
B6,multihop_kd_gold_medium,158,S4-4_05,0
B6,multihop_kd_gold_medium,159,G1-2_02,0
B6,multihop_kd_gold_medium,160,S3.SBM-3_05,0
B6,multihop_kd_gold_medium,161,E3-2_01,0
B6,multihop_kd_gold_medium,162,S4.SBM-3_05,0
B6,multihop_kd_gold_medium,163,S4.SBM-3_04,0
B6,multihop_kd_gold_medium,164,S3.SBM-3_04,0
B6,multihop_kd_gold_medium,165,S1-1_13,0
B6,multihop_kd_gold_medium,166,E4-3_01,0
B6,multihop_kd_gold_medium,167,MDR-T_10,0
B6,multihop_kd_gold_medium,168,E4-2_01,0
B6,multihop_kd_gold_medium,169,MDR-T_07,0
B6,multihop_kd_gold_medium,170,S1-1_10,0
B6,multihop_kd_gold_medium,171,S4-4_11,0
B6,multihop_kd_gold_medium,172,E1-2_01,0
B6,multihop_kd_gold_medium,173,E2-2_01,0
B6,multihop_kd_gold_medium,174,E2.MDR-A_01-12,0
B6,multihop_kd_gold_medium,175,S1-17_08,0
B6,multihop_kd_gold_medium,176,E3.MDR-A_01-12,0
B6,multihop_kd_gold_medium,177,MDR-T_02,0
B6,multihop_kd_gold_medium,178,S3-4_11,0
B6,multihop_kd_gold_medium,179,E4-2_02,0
B6,multihop_kd_gold_medium,180,E1.MDR-A_01-12,0
B6,multihop_kd_gold_medium,181,E4.MDR-A_01-12,0
B6,multihop_kd_gold_medium,182,E1-4_22,0
B6,multihop_kd_gold_medium,183,S2-1_05,0
B6,multihop_kd_gold_medium,184,E4-5_14,0
B6,multihop_kd_gold_medium,185,S1-1_08,0
B6,multihop_kd_gold_medium,186,MDR-T_05,0
B6,direct_full_cross_encoder,1,MDR-T_13,1
B6,direct_full_cross_encoder,2,S2.MDR-T_14-19,0
B6,direct_full_cross_encoder,3,S3.MDR-T_14-19,0
B6,direct_full_cross_encoder,4,S1.MDR-T_14-19,0
B6,direct_full_cross_encoder,5,S4.MDR-T_14-19,0
B6,direct_full_cross_encoder,6,E3.MDR-T_14-19,0
B6,direct_full_cross_encoder,7,E4.MDR-T_14-19,0
B6,direct_full_cross_encoder,8,E5.MDR-T_14-19,0
B6,direct_full_cross_encoder,9,S1-5_02,0
B6,direct_full_cross_encoder,10,MDR-T_21,0
B6,direct_full_cross_encoder,11,E2.MDR-T_14-19,0
B6,direct_full_cross_encoder,12,GOV-3_03,0
B6,direct_full_cross_encoder,13,E1.MDR-T_14-19,0
B6,direct_full_cross_encoder,14,S3-5_02,0
B6,direct_full_cross_encoder,15,S3.MDR-P_07-08,0
B6,direct_full_cross_encoder,16,S2.MDR-P_07-08,0
B6,direct_full_cross_encoder,17,G1.MDR-P_07-08,0
B6,direct_full_cross_encoder,18,S2-5_02,0
B6,direct_full_cross_encoder,19,S1.MDR-P_07-08,0
B6,direct_full_cross_encoder,20,S4.MDR-P_07-08,0
B6,direct_full_cross_encoder,21,GOV-2_01,0
B6,direct_full_cross_encoder,22,S1-5_06,0
B6,direct_full_cross_encoder,23,E2.MDR-P_07-08,0
B6,direct_full_cross_encoder,24,E3.MDR-P_07-08,0
B6,direct_full_cross_encoder,25,E4.MDR-P_07-08,0
B6,direct_full_cross_encoder,26,E1.MDR-P_07-08,0
B6,direct_full_cross_encoder,27,E5.MDR-P_07-08,0
B6,direct_full_cross_encoder,28,S2-5_06,0
B6,direct_full_cross_encoder,29,S1-1_12,0
B6,direct_full_cross_encoder,30,S3-5_06,0
B6,direct_full_cross_encoder,31,S1-3_10,0
B6,direct_full_cross_encoder,32,S1-2_08,0
B6,direct_full_cross_encoder,33,S4-5_06,0
B6,direct_full_cross_encoder,34,S2-3_07,0
B6,direct_full_cross_encoder,35,E2-3_05,0
B6,direct_full_cross_encoder,36,MDR-T_20,0
B6,direct_full_cross_encoder,37,S3-3_16,0
B6,direct_full_cross_encoder,38,S4-5_02,0
B6,direct_full_cross_encoder,39,S3-2_08,0
B6,direct_full_cross_encoder,40,MDR-P_07,0
B6,direct_full_cross_encoder,41,S4-3_07,0
B6,direct_full_cross_encoder,42,S4-2_07,0
B6,direct_full_cross_encoder,43,MDR-A_13,0
B6,direct_full_cross_encoder,44,G1.MDR-A_13-14,0
B6,direct_full_cross_encoder,45,S2.MDR-A_13-14,0
B6,direct_full_cross_encoder,46,S1.MDR-A_13-14,0
B6,direct_full_cross_encoder,47,S3.MDR-A_13-14,0
B6,direct_full_cross_encoder,48,S4.MDR-A_13-14,0
B6,direct_full_cross_encoder,49,E1.MDR-A_13-14,0
B6,direct_full_cross_encoder,50,E2.MDR-A_13-14,0
B6,direct_full_cross_encoder,51,E5.MDR-A_13-14,0
B6,direct_full_cross_encoder,52,E4.MDR-A_13-14,0
B6,direct_full_cross_encoder,53,E3.MDR-A_13-14,0
B6,direct_full_cross_encoder,54,S1-3_02,0
B6,direct_full_cross_encoder,55,E3-3_04,0
B6,direct_full_cross_encoder,56,GOV-1_08,0
B6,direct_full_cross_encoder,57,S3-3_11,0
B6,direct_full_cross_encoder,58,S1-2_09,0
B6,direct_full_cross_encoder,59,E5.MDR-T_01-13,0
B6,direct_full_cross_encoder,60,E2.MDR-T_01-13,0
B6,direct_full_cross_encoder,61,E1.MDR-T_01-13,0
B6,direct_full_cross_encoder,62,E3.MDR-T_01-13,0
B6,direct_full_cross_encoder,63,S1-5_03,0
B6,direct_full_cross_encoder,64,E4.MDR-T_01-13,0
B6,direct_full_cross_encoder,65,S2-2_08,0
B6,direct_full_cross_encoder,66,GOV-1_10,0
B6,direct_full_cross_encoder,67,S4-3_02,0
B6,direct_full_cross_encoder,68,BP-2_24,0
B6,direct_full_cross_encoder,69,S3-2_09,0
B6,direct_full_cross_encoder,70,S2-1_06,0
B6,direct_full_cross_encoder,71,GOV-1_11,0
B6,direct_full_cross_encoder,72,MDR-T_10,0
B6,direct_full_cross_encoder,73,S3-5_03,0
B6,direct_full_cross_encoder,74,MDR-T_04,0
B6,direct_full_cross_encoder,75,MDR-A_15,0
B6,direct_full_cross_encoder,76,MDR-P_08,0
B6,direct_full_cross_encoder,77,S1.MDR-T_01-13,0
B6,direct_full_cross_encoder,78,S1-1_03,0
B6,direct_full_cross_encoder,79,MDR-T_09,0
B6,direct_full_cross_encoder,80,S4-2_08,0
B6,direct_full_cross_encoder,81,S1-2_14,0
B6,direct_full_cross_encoder,82,MDR-T_07,0
B6,direct_full_cross_encoder,83,GOV-2_02,0
B6,direct_full_cross_encoder,84,MDR-T_02,0
B6,direct_full_cross_encoder,85,MDR-A_14,0
B6,direct_full_cross_encoder,86,MDR-P_05,0
B6,direct_full_cross_encoder,87,SBM-2_03,0
B6,direct_full_cross_encoder,88,S4-1_02,0
B6,direct_full_cross_encoder,89,S1-1_10,0
B6,direct_full_cross_encoder,90,SBM-2_12,0
B6,direct_full_cross_encoder,91,S2-3_02,0
B6,direct_full_cross_encoder,92,S3.MDR-T_01-13,0
B6,direct_full_cross_encoder,93,S3-1_02,0
B6,direct_full_cross_encoder,94,SBM-2_02,0
B6,direct_full_cross_encoder,95,S2-1_11,0
B6,direct_full_cross_encoder,96,S3-1_09,0
B6,direct_full_cross_encoder,97,S1-1_14,0
B6,direct_full_cross_encoder,98,G1.GOV-1_01,0
B6,direct_full_cross_encoder,99,S4-1_09,0
B6,direct_full_cross_encoder,100,E2-3_09,0
B6,direct_full_cross_encoder,101,S2-5_03,0
B6,direct_full_cross_encoder,102,G1-1_10,0
B6,direct_full_cross_encoder,103,S2-2_09,0
B6,direct_full_cross_encoder,104,MDR-P_09,0
B6,direct_full_cross_encoder,105,S4-5_03,0
B6,direct_full_cross_encoder,106,G1.GOV-1_02,0
B6,direct_full_cross_encoder,107,MDR-T_14,0
B6,direct_full_cross_encoder,108,S1-4_10,0
B6,direct_full_cross_encoder,109,S1-4_11,0
B6,direct_full_cross_encoder,110,S4.MDR-T_01-13,0
B6,direct_full_cross_encoder,111,S3-4_10,0
B6,direct_full_cross_encoder,112,S3-2_05,0
B6,direct_full_cross_encoder,113,SBM-1_17,0
B6,direct_full_cross_encoder,114,G1.MDR-P_01-06,0
B6,direct_full_cross_encoder,115,G1-3_03,0
B6,direct_full_cross_encoder,116,S1-4_13,0
B6,direct_full_cross_encoder,117,G1-4_07,0
B6,direct_full_cross_encoder,118,S2-1_01,0
B6,direct_full_cross_encoder,119,S1-2_10,0
B6,direct_full_cross_encoder,120,S1-4_12,1
B6,direct_full_cross_encoder,121,IRO-1_03,0
B6,direct_full_cross_encoder,122,IRO-1_04,0
B6,direct_full_cross_encoder,123,MDR-P_02,0
B6,direct_full_cross_encoder,124,S1-6_11,0
B6,direct_full_cross_encoder,125,S4-4_06,0
B6,direct_full_cross_encoder,126,E1-4_25,0
B6,direct_full_cross_encoder,127,MDR-P_01,0
B6,direct_full_cross_encoder,128,MDR-A_01,0
B6,direct_full_cross_encoder,129,SBM-2_05,0
B6,direct_full_cross_encoder,130,SBM-3_07,0
B6,direct_full_cross_encoder,131,GOV-1_12,0
B6,direct_full_cross_encoder,132,S3-4_06,0
B6,direct_full_cross_encoder,133,S1-3_01,0
B6,direct_full_cross_encoder,134,SBM-2_06,0
B6,direct_full_cross_encoder,135,E1.GOV-3_01,0
B6,direct_full_cross_encoder,136,G1-4_08,0
B6,direct_full_cross_encoder,137,GOV-1_04,0
B6,direct_full_cross_encoder,138,S1-2_06,0
B6,direct_full_cross_encoder,139,S1-1_13,0
B6,direct_full_cross_encoder,140,S1-1_01,0
B6,direct_full_cross_encoder,141,GOV-3_01,0
B6,direct_full_cross_encoder,142,E5.IRO-1_01,0
B6,direct_full_cross_encoder,143,S1-4_04,0
B6,direct_full_cross_encoder,144,S1-6_08,0
B6,direct_full_cross_encoder,145,S1-4_14,0
B6,direct_full_cross_encoder,146,SBM-2_01,0
B6,direct_full_cross_encoder,147,S4-4_13,0
B6,direct_full_cross_encoder,148,S3-4_13,0
B6,direct_full_cross_encoder,149,S1-3_08,0
B6,direct_full_cross_encoder,150,S3-1_06,0
B6,direct_full_cross_encoder,151,S1-1_07,0
B6,direct_full_cross_encoder,152,S1.MDR-A_01-12,0
B6,direct_full_cross_encoder,153,MDR-T_16,0
B6,direct_full_cross_encoder,154,SBM-1_08,0
B6,direct_full_cross_encoder,155,S1-4_03,0
B6,direct_full_cross_encoder,156,E1.GOV-3_03,0
B6,direct_full_cross_encoder,157,GOV-1_02,0
B6,direct_full_cross_encoder,158,S2.MDR-T_01-13,0
B6,direct_full_cross_encoder,159,S1-8_04,0
B6,direct_full_cross_encoder,160,S1-7_10,0
B6,direct_full_cross_encoder,161,E3-3_08,0
B6,direct_full_cross_encoder,162,S2-1_08,0
B6,direct_full_cross_encoder,163,GOV-3_04,0
B6,direct_full_cross_encoder,164,SBM-1_21,0
B6,direct_full_cross_encoder,165,S1-2_01,0
B6,direct_full_cross_encoder,166,GOV-1_07,0
B6,direct_full_cross_encoder,167,S1-2_02,0
B6,direct_full_cross_encoder,168,IRO-1_05,0
B6,direct_full_cross_encoder,169,S1-13_02,0
B6,direct_full_cross_encoder,170,MDR-T_05,0
B6,direct_full_cross_encoder,171,MDR-M_01,0
B6,direct_full_cross_encoder,172,S3-3_10,0
B6,direct_full_cross_encoder,173,S4-1_06,0
B6,direct_full_cross_encoder,174,IRO-1_01,0
B6,direct_full_cross_encoder,175,S2-4_06,0
B6,direct_full_cross_encoder,176,E4-3_10,0
B6,direct_full_cross_encoder,177,E4-3_14,0
B6,direct_full_cross_encoder,178,S1-1_05,0
B6,direct_full_cross_encoder,179,E5-2_07,0
B6,direct_full_cross_encoder,180,SBM-2_04,0
B6,direct_full_cross_encoder,181,S1-3_05,0
B6,direct_full_cross_encoder,182,S3-4_02,0
B6,direct_full_cross_encoder,183,MDR-A_05,0
B6,direct_full_cross_encoder,184,S2-4_12,0
B6,direct_full_cross_encoder,185,S1-4_16,0
B6,direct_full_cross_encoder,186,S4-3_01,0
B6,direct_full_cross_encoder,187,S3-4_12,0
B6,direct_full_cross_encoder,188,S3-4_04,0
B6,direct_full_cross_encoder,189,S1-17_01,0
B6,direct_full_cross_encoder,190,SBM-3_02,0
B6,direct_full_cross_encoder,191,S4-4_12,0
B6,direct_full_cross_encoder,192,S1-11_07,0
B6,direct_full_cross_encoder,193,S1-4_05,0
B6,direct_full_cross_encoder,194,S1-4_09,0
B6,direct_full_cross_encoder,195,G1-3_04,0
B6,direct_full_cross_encoder,196,S1-8_01,0
B6,direct_full_cross_encoder,197,MDR-T_18,0
B6,direct_full_cross_encoder,198,S1-11_11,0
B6,direct_full_cross_encoder,199,S1-3_06,0
B6,direct_full_cross_encoder,200,S3-1_04,0
B6,direct_full_cross_encoder,201,E5-5_03,0
B6,direct_full_cross_encoder,202,MDR-P_03,0
B6,direct_full_cross_encoder,203,BP-2_26,0
B6,direct_full_cross_encoder,204,S1-11_09,0
B6,direct_full_cross_encoder,205,GOV-3_02,0
B6,direct_full_cross_encoder,206,S3-3_12,0
B6,direct_full_cross_encoder,207,GOV-1_01,0
B6,direct_full_cross_encoder,208,S2-3_03,0
B6,direct_full_cross_encoder,209,MDR-P_06,0
B6,direct_full_cross_encoder,210,S3-4_15,0
B6,direct_full_cross_encoder,211,S3-3_13,0
B6,direct_full_cross_encoder,212,S1-4_01,0
B6,direct_full_cross_encoder,213,SBM-3_01,0
B6,direct_full_cross_encoder,214,S2-3_04,0
B6,direct_full_cross_encoder,215,BP-1_01,0
B6,direct_full_cross_encoder,216,S1-3_07,0
B6,direct_full_cross_encoder,217,GOV-1_16,0
B6,direct_full_cross_encoder,218,S1-2_11,0
B6,direct_full_cross_encoder,219,S4-3_03,0
B6,direct_full_cross_encoder,220,S1-17_02,0
B6,direct_full_cross_encoder,221,E3-2_02,0
B6,direct_full_cross_encoder,222,E2-4_17,0
B6,direct_full_cross_encoder,223,S1-17_13,0
B6,direct_full_cross_encoder,224,S1-6_18,0
B6,direct_full_cross_encoder,225,S4-3_04,0
B6,direct_full_cross_encoder,226,S3.MDR-A_01-12,0
B6,direct_full_cross_encoder,227,S3-3_20,0
B6,direct_full_cross_encoder,228,S3-2_02,0
B6,direct_full_cross_encoder,229,S2-4_13,0
B6,direct_full_cross_encoder,230,S2-3_11,0
B6,direct_full_cross_encoder,231,S3-1_01,0
B6,direct_full_cross_encoder,232,BP-2_25,0
B6,direct_full_cross_encoder,233,SBM-1_23,0
B6,direct_full_cross_encoder,234,S1-6_07,0
B6,direct_full_cross_encoder,235,SBM-1_06,0
B6,direct_full_cross_encoder,236,MDR-T_17,0
B6,direct_full_cross_encoder,237,S3-3_14,0
B6,direct_full_cross_encoder,238,SBM-3_09,0
B6,direct_full_cross_encoder,239,S4-3_11,0
B6,direct_full_cross_encoder,240,S2-3_08,0
B6,direct_full_cross_encoder,241,S1-16_02,0
B6,direct_full_cross_encoder,242,S4-4_04,0
B6,direct_full_cross_encoder,243,G1.MDR-A_01-12,0
B6,direct_full_cross_encoder,244,S3-3_18,0
B6,direct_full_cross_encoder,245,S3-2_01,0
B6,direct_full_cross_encoder,246,S1-8_03,0
B6,direct_full_cross_encoder,247,S1-8_08,0
B6,direct_full_cross_encoder,248,S1.SBM-3_03,0
B6,direct_full_cross_encoder,249,S4-4_05,0
B6,direct_full_cross_encoder,250,S1-7_05,0
B6,direct_full_cross_encoder,251,S1-3_09,0
B6,direct_full_cross_encoder,252,S1-6_12,0
B6,direct_full_cross_encoder,253,S1-3_11,0
B6,direct_full_cross_encoder,254,S1-6_01,0
B6,direct_full_cross_encoder,255,S2-3_06,0
B6,direct_full_cross_encoder,256,G1-5_11,0
B6,direct_full_cross_encoder,257,S4.MDR-A_01-12,0
B6,direct_full_cross_encoder,258,SBM-1_15,0
B6,direct_full_cross_encoder,259,S2-3_01,0
B6,direct_full_cross_encoder,260,BP-2_21,0
B6,direct_full_cross_encoder,261,S3-4_05,0
B6,direct_full_cross_encoder,262,S1-13_05,0
B6,direct_full_cross_encoder,263,S1-11_10,0
B6,direct_full_cross_encoder,264,GOV-1_05,0
B6,direct_full_cross_encoder,265,E4-1_09,0
B6,direct_full_cross_encoder,266,E1-2_01,0
B6,direct_full_cross_encoder,267,S1-2_07,0
B6,direct_full_cross_encoder,268,S4-3_06,0
B6,direct_full_cross_encoder,269,S4-1_01,0
B6,direct_full_cross_encoder,270,S3-3_15,0
B6,direct_full_cross_encoder,271,S1-17_03,0
B6,direct_full_cross_encoder,272,SBM-3_11,0
B6,direct_full_cross_encoder,273,S1-6_02,0
B6,direct_full_cross_encoder,274,S2-4_15,0
B6,direct_full_cross_encoder,275,S4-2_01,0
B6,direct_full_cross_encoder,276,S3-4_03,0
B6,direct_full_cross_encoder,277,BP-1_02,0
B6,direct_full_cross_encoder,278,S4-3_05,0
B6,direct_full_cross_encoder,279,S1-7_01,0
B6,direct_full_cross_encoder,280,S3-4_07,0
B6,direct_full_cross_encoder,281,MDR-A_04,0
B6,direct_full_cross_encoder,282,S4-1_04,0
B6,direct_full_cross_encoder,283,S4-4_01,0
B6,direct_full_cross_encoder,284,S1-13_06,0
B6,direct_full_cross_encoder,285,E4-3_15,0
B6,direct_full_cross_encoder,286,S1-4_02,0
B6,direct_full_cross_encoder,287,G1-2_02,0
B6,direct_full_cross_encoder,288,GOV-1_03,0
B6,direct_full_cross_encoder,289,BP-2_22,0
B6,direct_full_cross_encoder,290,SBM-1_01,0
B6,direct_full_cross_encoder,291,S2-4_04,0
B6,direct_full_cross_encoder,292,S4-4_03,0
B6,direct_full_cross_encoder,293,S3-4_01,0
B6,direct_full_cross_encoder,294,SBM-3_08,0
B6,direct_full_cross_encoder,295,S1-1_21,0
B6,direct_full_cross_encoder,296,SBM-1_25,0
B6,direct_full_cross_encoder,297,SBM-1_07,0
B6,direct_full_cross_encoder,298,S1-7_03,0
B6,direct_full_cross_encoder,299,S4-3_09,0
B6,direct_full_cross_encoder,300,E4-5_06,0
B6,direct_full_cross_encoder,301,S1-6_03,0
B6,direct_full_cross_encoder,302,SBM-1_19,0
B6,direct_full_cross_encoder,303,BP-2_23,0
B6,direct_full_cross_encoder,304,E4-5_09,0
B6,direct_full_cross_encoder,305,S1-6_16,0
B6,direct_full_cross_encoder,306,S3-3_17,0
B6,direct_full_cross_encoder,307,S1-6_04,0
B6,direct_full_cross_encoder,308,S4-4_15,0
B6,direct_full_cross_encoder,309,S1-17_08,0
B6,direct_full_cross_encoder,310,S1-13_01,0
B6,direct_full_cross_encoder,311,S4-4_07,0
B6,direct_full_cross_encoder,312,S2.SBM-3_05,0
B6,direct_full_cross_encoder,313,IRO-1_06,0
B6,direct_full_cross_encoder,314,GOV-1_17,0
B6,direct_full_cross_encoder,315,S4.SBM-3_04,0
B6,direct_full_cross_encoder,316,IRO-1_02,0
B6,direct_full_cross_encoder,317,S4-2_05,0
B6,direct_full_cross_encoder,318,S1-7_06,0
B6,direct_full_cross_encoder,319,S4-3_08,0
B6,direct_full_cross_encoder,320,S1-1_06,0
B6,direct_full_cross_encoder,321,E2.IRO-1_03,0
B6,direct_full_cross_encoder,322,S3-1_05,0
B6,direct_full_cross_encoder,323,S2-1_03,0
B6,direct_full_cross_encoder,324,S2-1_04,0
B6,direct_full_cross_encoder,325,S4-4_02,0
B6,direct_full_cross_encoder,326,S2-4_02,0
B6,direct_full_cross_encoder,327,S1-16_01,0
B6,direct_full_cross_encoder,328,S1-9_03,0
B6,direct_full_cross_encoder,329,S2-2_01,0
B6,direct_full_cross_encoder,330,S4-2_09,0
B6,direct_full_cross_encoder,331,S4-1_05,0
B6,direct_full_cross_encoder,332,G1-4_01,0
B6,direct_full_cross_encoder,333,G1-4_04,0
B6,direct_full_cross_encoder,334,SBM-1_09,0
B6,direct_full_cross_encoder,335,S3.SBM-3_04,0
B6,direct_full_cross_encoder,336,E1-9_14,0
B6,direct_full_cross_encoder,337,IRO-1_14,0
B6,direct_full_cross_encoder,338,S1-6_13,0
B6,direct_full_cross_encoder,339,S1-9_05,0
B6,direct_full_cross_encoder,340,S1-7_08,0
B6,direct_full_cross_encoder,341,S2-4_05,0
B6,direct_full_cross_encoder,342,BP-2_27,0
B6,direct_full_cross_encoder,343,E5-5_07,0
B6,direct_full_cross_encoder,344,E5-2_06,0
B6,direct_full_cross_encoder,345,S3-3_21,0
B6,direct_full_cross_encoder,346,S1-4_20,0
B6,direct_full_cross_encoder,347,S2-4_18,0
B6,direct_full_cross_encoder,348,S3-4_19,0
B6,direct_full_cross_encoder,349,E2-2_01,0
B6,direct_full_cross_encoder,350,S1-3_04,0
B6,direct_full_cross_encoder,351,S2-4_01,0
B6,direct_full_cross_encoder,352,S4-4_18,0
B6,direct_full_cross_encoder,353,S1-8_02,0
B6,direct_full_cross_encoder,354,E5-2_05,0
B6,direct_full_cross_encoder,355,S1-7_09,0
B6,direct_full_cross_encoder,356,E5.MDR-A_01-12,0
B6,direct_full_cross_encoder,357,E5-2_08,0
B6,direct_full_cross_encoder,358,S2-3_05,0
B6,direct_full_cross_encoder,359,E1-4_01,0
B6,direct_full_cross_encoder,360,S2-2_07,0
B6,direct_full_cross_encoder,361,G1-4_05,0
B6,direct_full_cross_encoder,362,E5-5_18,0
B6,direct_full_cross_encoder,363,S3-2_06,0
B6,direct_full_cross_encoder,364,S3-4_11,0
B6,direct_full_cross_encoder,365,S1-6_15,0
B6,direct_full_cross_encoder,366,SBM-1_05,0
B6,direct_full_cross_encoder,367,S2-2_02,0
B6,direct_full_cross_encoder,368,E2.MDR-A_01-12,0
B6,direct_full_cross_encoder,369,E1-5_01,0
B6,direct_full_cross_encoder,370,MDR-A_06,0
B6,direct_full_cross_encoder,371,S2-1_05,0
B6,direct_full_cross_encoder,372,S1.SBM-3_04,0
B6,direct_full_cross_encoder,373,S1-11_05,0
B6,direct_full_cross_encoder,374,S2-4_07,0
B6,direct_full_cross_encoder,375,E1-9_02,0
B6,direct_full_cross_encoder,376,E4-5_08,0
B6,direct_full_cross_encoder,377,S1-2_12,0
B6,direct_full_cross_encoder,378,E2-4_15,0
B6,direct_full_cross_encoder,379,S2-4_03,0
B6,direct_full_cross_encoder,380,GOV-1_06,0
B6,direct_full_cross_encoder,381,S1-11_01,0
B6,direct_full_cross_encoder,382,E1-9_03,0
B6,direct_full_cross_encoder,383,S1-1_08,0
B6,direct_full_cross_encoder,384,E3-4_11,0
B6,direct_full_cross_encoder,385,S4-4_11,0
B6,direct_full_cross_encoder,386,S1-6_09,0
B6,direct_full_cross_encoder,387,S2-4_11,0
B6,direct_full_cross_encoder,388,S4-3_12,0
B6,direct_full_cross_encoder,389,E1-9_01,0
B6,direct_full_cross_encoder,390,S1-7_02,0
B6,direct_full_cross_encoder,391,E5-2_03,0
B6,direct_full_cross_encoder,392,S1-1_09,0
B6,direct_full_cross_encoder,393,SBM-1_02,0
B6,direct_full_cross_encoder,394,SBM-1_28,0
B6,direct_full_cross_encoder,395,S2-2_06,0
B6,direct_full_cross_encoder,396,S1-14_08,0
B6,direct_full_cross_encoder,397,S1-7_07,0
B6,direct_full_cross_encoder,398,SBM-1_03,0
B6,direct_full_cross_encoder,399,SBM-1_04,0
B6,direct_full_cross_encoder,400,G1-4_06,0
B6,direct_full_cross_encoder,401,S1-11_03,0
B6,direct_full_cross_encoder,402,S1-12_01,0
B6,direct_full_cross_encoder,403,S1-11_04,0
B6,direct_full_cross_encoder,404,S2.MDR-A_01-12,0
B6,direct_full_cross_encoder,405,S4-2_02,0
B6,direct_full_cross_encoder,406,S1-10_04,0
B6,direct_full_cross_encoder,407,S1-9_04,0
B6,direct_full_cross_encoder,408,E1-6_26,0
B6,direct_full_cross_encoder,409,S4-2_06,0
B6,direct_full_cross_encoder,410,E3.IRO-1_02,0
B6,direct_full_cross_encoder,411,E1.MDR-A_01-12,0
B6,direct_full_cross_encoder,412,S1-6_10,0
B6,direct_full_cross_encoder,413,S1-14_06,0
B6,direct_full_cross_encoder,414,S3-4_17,0
B6,direct_full_cross_encoder,415,E4-3_01,0
B6,direct_full_cross_encoder,416,S4-3_13,0
B6,direct_full_cross_encoder,417,S1-6_14,0
B6,direct_full_cross_encoder,418,E4-5_18,0
B6,direct_full_cross_encoder,419,S1-15_02,0
B6,direct_full_cross_encoder,420,E4.MDR-A_01-12,0
B6,direct_full_cross_encoder,421,BP-1_04,0
B6,direct_full_cross_encoder,422,E4-2_01,0
B6,direct_full_cross_encoder,423,E1-6_11,0
B6,direct_full_cross_encoder,424,E3-4_05,0
B6,direct_full_cross_encoder,425,E1-9_41,0
B6,direct_full_cross_encoder,426,S1-9_02,0
B6,direct_full_cross_encoder,427,E1.SBM-3_01,0
B6,direct_full_cross_encoder,428,E3-4_01,0
B6,direct_full_cross_encoder,429,E1-3_03,0
B6,direct_full_cross_encoder,430,SBM-3_04,0
B6,direct_full_cross_encoder,431,E1-6_07,0
B6,direct_full_cross_encoder,432,S1-13_03,0
B6,direct_full_cross_encoder,433,E1-5_05,0
B6,direct_full_cross_encoder,434,E1-5_06,0
B6,direct_full_cross_encoder,435,E3-4_12,0
B6,direct_full_cross_encoder,436,S1-1_22,0
B6,direct_full_cross_encoder,437,E1-4_06,0
B6,direct_full_cross_encoder,438,E1-9_42,0
B6,direct_full_cross_encoder,439,E1-4_15,0
B6,direct_full_cross_encoder,440,E3.MDR-A_01-12,0
B6,direct_full_cross_encoder,441,E1-5_08,0
B6,direct_full_cross_encoder,442,E1-5_11,0
B6,direct_full_cross_encoder,443,S2-2_03,0
B6,direct_full_cross_encoder,444,S1-17_07,0
B6,direct_full_cross_encoder,445,E4-1_11,0
B6,direct_full_cross_encoder,446,E3-2_01,0
B6,direct_full_cross_encoder,447,S1-2_03,0
B6,direct_full_cross_encoder,448,E5-2_02,0
B6,direct_full_cross_encoder,449,S3-2_03,0
B6,direct_full_cross_encoder,450,G1-4_02,0
B6,direct_full_cross_encoder,451,S1-17_11,0
B6,direct_full_cross_encoder,452,S1-15_01,0
B6,direct_full_cross_encoder,453,S4.SBM-3_05,0
B6,direct_full_cross_encoder,454,S2-3_12,0
B6,direct_full_cross_encoder,455,S3.SBM-3_05,0
B6,direct_full_cross_encoder,456,S1-14_04,0
B6,direct_full_cross_encoder,457,S4-2_03,0
B6,direct_full_cross_encoder,458,S1-13_04,0
B6,direct_full_cross_encoder,459,S1-11_06,0
B6,direct_full_cross_encoder,460,E5-5_15,0
B6,direct_full_cross_encoder,461,S1-14_05,0
B6,direct_full_cross_encoder,462,E1-5_12,0
B6,direct_full_cross_encoder,463,S1-6_19,0
B6,direct_full_cross_encoder,464,S1-9_01,0
B6,direct_full_cross_encoder,465,S1-10_01,0
B6,direct_full_cross_encoder,466,E1-4_12,0
B6,direct_full_cross_encoder,467,E5-4_05,0
B6,direct_full_cross_encoder,468,S1-6_20,0
B6,direct_full_cross_encoder,469,E1-5_03,0
B6,direct_full_cross_encoder,470,E4-5_07,0
B6,direct_full_cross_encoder,471,E5-5_17,0
B6,direct_full_cross_encoder,472,S2-3_09,0
B6,direct_full_cross_encoder,473,S1-10_03,0
B6,direct_full_cross_encoder,474,E1-5_02,0
B6,direct_full_cross_encoder,475,E1-5_10,0
B6,direct_full_cross_encoder,476,E2-3_06,0
B6,direct_full_cross_encoder,477,S2.SBM-3_06,0
B6,direct_full_cross_encoder,478,S1-14_12,0
B6,direct_full_cross_encoder,479,E5-5_16,0
B6,direct_full_cross_encoder,480,E2-4_02,0
B6,direct_full_cross_encoder,481,E1-4_03,0
B6,direct_full_cross_encoder,482,E3-4_06,0
B6,direct_full_cross_encoder,483,E1-5_13,0
B6,direct_full_cross_encoder,484,E1-4_09,0
B6,direct_full_cross_encoder,485,S1-6_05,0
B6,direct_full_cross_encoder,486,S1-15_03,0
B6,direct_full_cross_encoder,487,S1-17_05,0
B6,direct_full_cross_encoder,488,S1-10_02,0
B6,direct_full_cross_encoder,489,E1-5_18,0
B6,direct_full_cross_encoder,490,S1-16_03,0
B6,direct_full_cross_encoder,491,E1-4_22,0
B6,direct_full_cross_encoder,492,S1-6_06,0
B6,direct_full_cross_encoder,493,E1-6_31,0
B6,direct_full_cross_encoder,494,S1-14_03,0
B6,direct_full_cross_encoder,495,E1-6_27,0
B6,direct_full_cross_encoder,496,S1-16_04,0
B6,direct_full_cross_encoder,497,E3.IRO-1_01,0
B6,direct_full_cross_encoder,498,E2-4_10,0
B6,direct_full_cross_encoder,499,E1-6_30,0
B6,direct_full_cross_encoder,500,E4-2_02,0
B6,direct_full_cross_encoder,501,E2-4_09,0
B6,direct_full_cross_encoder,502,E1-6_01,0
B6,direct_full_cross_encoder,503,E1-5_07,0
B6,direct_full_cross_encoder,504,E5-5_09,0
B6,direct_full_cross_encoder,505,S1-16_05,0
B6,direct_full_cross_encoder,506,E1-5_14,0
B6,direct_full_cross_encoder,507,S1-14_02,0
B6,direct_full_cross_encoder,508,E1-6_04,0
B6,direct_full_cross_encoder,509,E1-6_28,0
B6,direct_full_cross_encoder,510,E4.IRO-1_15,0
B6,direct_full_cross_encoder,511,E5-5_08,0
B6,direct_full_cross_encoder,512,E1-6_17,0
B6,direct_full_cross_encoder,513,E3-4_02,0
B6,direct_full_cross_encoder,514,E2-4_01,0
B6,direct_full_cross_encoder,515,E4-5_14,0
B6,direct_full_cross_encoder,516,S1-14_09,0
B6,direct_full_cross_encoder,517,S1-14_07,0
B6,direct_full_kd_gold,1,GOV-3_03,0
B6,direct_full_kd_gold,2,GOV-1_10,0
B6,direct_full_kd_gold,3,GOV-2_01,0
B6,direct_full_kd_gold,4,MDR-P_03,0
B6,direct_full_kd_gold,5,GOV-2_02,0
B6,direct_full_kd_gold,6,MDR-P_05,0
B6,direct_full_kd_gold,7,MDR-T_18,0
B6,direct_full_kd_gold,8,MDR-P_08,0
B6,direct_full_kd_gold,9,S1-1_07,0
B6,direct_full_kd_gold,10,GOV-1_08,0
B6,direct_full_kd_gold,11,S1-4_13,0
B6,direct_full_kd_gold,12,S2-1_08,0
B6,direct_full_kd_gold,13,GOV-1_11,0
B6,direct_full_kd_gold,14,E4-3_10,0
B6,direct_full_kd_gold,15,G1.MDR-P_01-06,0
B6,direct_full_kd_gold,16,MDR-A_14,0
B6,direct_full_kd_gold,17,GOV-3_04,0
B6,direct_full_kd_gold,18,IRO-1_04,0
B6,direct_full_kd_gold,19,SBM-2_06,0
B6,direct_full_kd_gold,20,S2-5_06,0
B6,direct_full_kd_gold,21,S1-5_06,0
B6,direct_full_kd_gold,22,S1-4_12,1
B6,direct_full_kd_gold,23,MDR-P_06,0
B6,direct_full_kd_gold,24,MDR-T_13,1
B6,direct_full_kd_gold,25,MDR-T_17,0
B6,direct_full_kd_gold,26,S4-5_06,0
B6,direct_full_kd_gold,27,S2-4_15,0
B6,direct_full_kd_gold,28,S3-1_06,0
B6,direct_full_kd_gold,29,S1-4_09,0
B6,direct_full_kd_gold,30,S2-4_18,0
B6,direct_full_kd_gold,31,IRO-1_03,0
B6,direct_full_kd_gold,32,SBM-1_23,0
B6,direct_full_kd_gold,33,S2-4_12,0
B6,direct_full_kd_gold,34,G1.GOV-1_01,0
B6,direct_full_kd_gold,35,S4-4_12,0
B6,direct_full_kd_gold,36,E4-1_09,0
B6,direct_full_kd_gold,37,S1-4_20,0
B6,direct_full_kd_gold,38,BP-2_26,0
B6,direct_full_kd_gold,39,SBM-2_12,0
B6,direct_full_kd_gold,40,S4-4_18,0
B6,direct_full_kd_gold,41,G1-3_03,0
B6,direct_full_kd_gold,42,S4-1_06,0
B6,direct_full_kd_gold,43,MDR-P_02,0
B6,direct_full_kd_gold,44,IRO-1_01,0
B6,direct_full_kd_gold,45,S1.MDR-A_01-12,0
B6,direct_full_kd_gold,46,S3-4_19,0
B6,direct_full_kd_gold,47,SBM-2_05,0
B6,direct_full_kd_gold,48,MDR-M_01,0
B6,direct_full_kd_gold,49,SBM-2_02,0
B6,direct_full_kd_gold,50,MDR-T_16,0
B6,direct_full_kd_gold,51,MDR-T_20,0
B6,direct_full_kd_gold,52,S1-5_02,0
B6,direct_full_kd_gold,53,G1.GOV-1_02,0
B6,direct_full_kd_gold,54,S3-5_06,0
B6,direct_full_kd_gold,55,S3-4_12,0
B6,direct_full_kd_gold,56,S1-2_14,0
B6,direct_full_kd_gold,57,SBM-3_07,0
B6,direct_full_kd_gold,58,E5.IRO-1_01,0
B6,direct_full_kd_gold,59,S2-5_03,0
B6,direct_full_kd_gold,60,BP-2_23,0
B6,direct_full_kd_gold,61,S2-3_01,0
B6,direct_full_kd_gold,62,SBM-2_04,0
B6,direct_full_kd_gold,63,MDR-P_09,0
B6,direct_full_kd_gold,64,SBM-2_01,0
B6,direct_full_kd_gold,65,S2-3_04,0
B6,direct_full_kd_gold,66,S1-3_07,0
B6,direct_full_kd_gold,67,S2-4_04,0
B6,direct_full_kd_gold,68,S2-5_02,0
B6,direct_full_kd_gold,69,S1-3_02,0
B6,direct_full_kd_gold,70,S2-4_03,0
B6,direct_full_kd_gold,71,S2-4_07,0
B6,direct_full_kd_gold,72,S1-5_03,0
B6,direct_full_kd_gold,73,S1-4_11,0
B6,direct_full_kd_gold,74,S1.MDR-T_01-13,0
B6,direct_full_kd_gold,75,S1-3_08,0
B6,direct_full_kd_gold,76,S2-4_05,0
B6,direct_full_kd_gold,77,S2-2_09,0
B6,direct_full_kd_gold,78,E1.MDR-T_01-13,0
B6,direct_full_kd_gold,79,S2-3_02,0
B6,direct_full_kd_gold,80,E1.GOV-3_01,0
B6,direct_full_kd_gold,81,S4-3_04,0
B6,direct_full_kd_gold,82,G1.MDR-A_01-12,0
B6,direct_full_kd_gold,83,MDR-T_09,0
B6,direct_full_kd_gold,84,MDR-A_15,0
B6,direct_full_kd_gold,85,E2.MDR-T_01-13,0
B6,direct_full_kd_gold,86,S1-3_01,0
B6,direct_full_kd_gold,87,SBM-1_08,0
B6,direct_full_kd_gold,88,GOV-1_04,0
B6,direct_full_kd_gold,89,S1-4_10,0
B6,direct_full_kd_gold,90,S2-2_08,0
B6,direct_full_kd_gold,91,S1-2_08,0
B6,direct_full_kd_gold,92,S4-1_09,0
B6,direct_full_kd_gold,93,S3-4_02,0
B6,direct_full_kd_gold,94,IRO-1_05,0
B6,direct_full_kd_gold,95,E1.GOV-3_03,0
B6,direct_full_kd_gold,96,G1-3_04,0
B6,direct_full_kd_gold,97,E4.MDR-T_01-13,0
B6,direct_full_kd_gold,98,E1.MDR-T_14-19,0
B6,direct_full_kd_gold,99,S2-3_05,0
B6,direct_full_kd_gold,100,MDR-P_07,0
B6,direct_full_kd_gold,101,SBM-2_03,0
B6,direct_full_kd_gold,102,S1-1_14,0
B6,direct_full_kd_gold,103,S2-1_11,0
B6,direct_full_kd_gold,104,SBM-3_11,0
B6,direct_full_kd_gold,105,S1-3_10,0
B6,direct_full_kd_gold,106,S1-4_16,0
B6,direct_full_kd_gold,107,S1.MDR-T_14-19,0
B6,direct_full_kd_gold,108,S1-2_01,0
B6,direct_full_kd_gold,109,S1-4_04,0
B6,direct_full_kd_gold,110,S1-4_03,0
B6,direct_full_kd_gold,111,E3.MDR-T_14-19,0
B6,direct_full_kd_gold,112,MDR-A_06,0
B6,direct_full_kd_gold,113,S1-4_14,0
B6,direct_full_kd_gold,114,S1-2_09,0
B6,direct_full_kd_gold,115,E4.MDR-T_14-19,0
B6,direct_full_kd_gold,116,S2-2_01,0
B6,direct_full_kd_gold,117,IRO-1_06,0
B6,direct_full_kd_gold,118,S3-5_03,0
B6,direct_full_kd_gold,119,BP-1_02,0
B6,direct_full_kd_gold,120,GOV-3_01,0
B6,direct_full_kd_gold,121,IRO-1_02,0
B6,direct_full_kd_gold,122,S2-1_03,0
B6,direct_full_kd_gold,123,S2-3_07,0
B6,direct_full_kd_gold,124,S1-4_01,0
B6,direct_full_kd_gold,125,S2.MDR-T_14-19,0
B6,direct_full_kd_gold,126,S1-1_01,0
B6,direct_full_kd_gold,127,S1-4_05,0
B6,direct_full_kd_gold,128,S1-3_06,0
B6,direct_full_kd_gold,129,S3-2_08,0
B6,direct_full_kd_gold,130,E3.MDR-T_01-13,0
B6,direct_full_kd_gold,131,S2.MDR-T_01-13,0
B6,direct_full_kd_gold,132,S2-3_03,0
B6,direct_full_kd_gold,133,S3-1_09,0
B6,direct_full_kd_gold,134,S2-4_01,0
B6,direct_full_kd_gold,135,BP-2_25,0
B6,direct_full_kd_gold,136,BP-2_24,0
B6,direct_full_kd_gold,137,S4.MDR-T_14-19,0
B6,direct_full_kd_gold,138,S3-4_13,0
B6,direct_full_kd_gold,139,S1-4_02,0
B6,direct_full_kd_gold,140,E2.MDR-T_14-19,0
B6,direct_full_kd_gold,141,GOV-1_12,0
B6,direct_full_kd_gold,142,MDR-A_05,0
B6,direct_full_kd_gold,143,S2-4_13,0
B6,direct_full_kd_gold,144,MDR-T_14,0
B6,direct_full_kd_gold,145,S2.MDR-A_01-12,0
B6,direct_full_kd_gold,146,S4-3_08,0
B6,direct_full_kd_gold,147,BP-1_01,0
B6,direct_full_kd_gold,148,S2-1_04,0
B6,direct_full_kd_gold,149,S4-5_02,0
B6,direct_full_kd_gold,150,S3-4_15,0
B6,direct_full_kd_gold,151,E5.MDR-T_01-13,0
B6,direct_full_kd_gold,152,S3-5_02,0
B6,direct_full_kd_gold,153,S3-3_13,0
B6,direct_full_kd_gold,154,S2-4_06,0
B6,direct_full_kd_gold,155,MDR-P_01,0
B6,direct_full_kd_gold,156,MDR-T_21,0
B6,direct_full_kd_gold,157,S3-3_16,0
B6,direct_full_kd_gold,158,S4-3_03,0
B6,direct_full_kd_gold,159,S4-4_07,0
B6,direct_full_kd_gold,160,E5.MDR-T_14-19,0
B6,direct_full_kd_gold,161,S3-4_07,0
B6,direct_full_kd_gold,162,S3-1_05,0
B6,direct_full_kd_gold,163,BP-1_04,0
B6,direct_full_kd_gold,164,S1.MDR-A_13-14,0
B6,direct_full_kd_gold,165,E2.MDR-A_13-14,0
B6,direct_full_kd_gold,166,G1.MDR-A_13-14,0
B6,direct_full_kd_gold,167,S3.MDR-T_14-19,0
B6,direct_full_kd_gold,168,SBM-1_21,0
B6,direct_full_kd_gold,169,S3-2_09,0
B6,direct_full_kd_gold,170,S4-3_01,0
B6,direct_full_kd_gold,171,S3-3_10,0
B6,direct_full_kd_gold,172,S4-3_07,0
B6,direct_full_kd_gold,173,S1-1_06,0
B6,direct_full_kd_gold,174,S4-1_05,0
B6,direct_full_kd_gold,175,E3.MDR-A_13-14,0
B6,direct_full_kd_gold,176,BP-2_27,0
B6,direct_full_kd_gold,177,S2.MDR-A_13-14,0
B6,direct_full_kd_gold,178,S4-2_07,0
B6,direct_full_kd_gold,179,S4.MDR-T_01-13,0
B6,direct_full_kd_gold,180,S3-2_05,0
B6,direct_full_kd_gold,181,E4.MDR-A_13-14,0
B6,direct_full_kd_gold,182,S2.SBM-3_06,0
B6,direct_full_kd_gold,183,E1.MDR-A_13-14,0
B6,direct_full_kd_gold,184,S1-7_10,0
B6,direct_full_kd_gold,185,S2-4_11,0
B6,direct_full_kd_gold,186,S4.MDR-A_13-14,0
B6,direct_full_kd_gold,187,S2-2_06,0
B6,direct_full_kd_gold,188,S2-2_07,0
B6,direct_full_kd_gold,189,S3-2_01,0
B6,direct_full_kd_gold,190,S4-4_04,0
B6,direct_full_kd_gold,191,S1.SBM-3_03,0
B6,direct_full_kd_gold,192,S4-4_13,0
B6,direct_full_kd_gold,193,S4-5_03,0
B6,direct_full_kd_gold,194,E2.MDR-P_07-08,0
B6,direct_full_kd_gold,195,S2.SBM-3_05,0
B6,direct_full_kd_gold,196,E1.MDR-P_07-08,0
B6,direct_full_kd_gold,197,G1.MDR-P_07-08,0
B6,direct_full_kd_gold,198,S3.MDR-T_01-13,0
B6,direct_full_kd_gold,199,G1-5_11,0
B6,direct_full_kd_gold,200,S1.SBM-3_04,0
B6,direct_full_kd_gold,201,S2.MDR-P_07-08,0
B6,direct_full_kd_gold,202,S1.MDR-P_07-08,0
B6,direct_full_kd_gold,203,S3-4_04,0
B6,direct_full_kd_gold,204,MDR-T_04,0
B6,direct_full_kd_gold,205,S4-4_01,0
B6,direct_full_kd_gold,206,E3.MDR-P_07-08,0
B6,direct_full_kd_gold,207,S2-3_09,0
B6,direct_full_kd_gold,208,E4.MDR-P_07-08,0
B6,direct_full_kd_gold,209,S3.MDR-A_13-14,0
B6,direct_full_kd_gold,210,S4-4_15,0
B6,direct_full_kd_gold,211,S4.MDR-P_07-08,0
B6,direct_full_kd_gold,212,S2-4_02,0
B6,direct_full_kd_gold,213,S1-1_12,0
B6,direct_full_kd_gold,214,S4-4_03,0
B6,direct_full_kd_gold,215,S3-4_03,0
B6,direct_full_kd_gold,216,E5-2_05,0
B6,direct_full_kd_gold,217,S3.MDR-A_01-12,0
B6,direct_full_kd_gold,218,S4.MDR-A_01-12,0
B6,direct_full_kd_gold,219,S1-3_05,0
B6,direct_full_kd_gold,220,G1-1_10,0
B6,direct_full_kd_gold,221,S3-4_10,0
B6,direct_full_kd_gold,222,S3.MDR-P_07-08,0
B6,direct_full_kd_gold,223,S4-4_02,0
B6,direct_full_kd_gold,224,S4-3_05,0
B6,direct_full_kd_gold,225,E5.MDR-A_13-14,0
B6,direct_full_kd_gold,226,GOV-1_16,0
B6,direct_full_kd_gold,227,SBM-3_04,0
B6,direct_full_kd_gold,228,S3-3_12,0
B6,direct_full_kd_gold,229,SBM-1_28,0
B6,direct_full_kd_gold,230,MDR-A_04,0
B6,direct_full_kd_gold,231,S2-1_01,0
B6,direct_full_kd_gold,232,S3-4_05,0
B6,direct_full_kd_gold,233,S4-2_08,0
B6,direct_full_kd_gold,234,S3-3_17,0
B6,direct_full_kd_gold,235,GOV-3_02,0
B6,direct_full_kd_gold,236,IRO-1_14,0
B6,direct_full_kd_gold,237,S2-2_02,0
B6,direct_full_kd_gold,238,S1-3_11,0
B6,direct_full_kd_gold,239,E5.MDR-P_07-08,0
B6,direct_full_kd_gold,240,SBM-3_09,0
B6,direct_full_kd_gold,241,S1-2_07,0
B6,direct_full_kd_gold,242,S3-3_14,0
B6,direct_full_kd_gold,243,E5.MDR-A_01-12,0
B6,direct_full_kd_gold,244,S2-3_08,0
B6,direct_full_kd_gold,245,E5-5_03,0
B6,direct_full_kd_gold,246,E4-1_11,0
B6,direct_full_kd_gold,247,S4-3_02,0
B6,direct_full_kd_gold,248,S1-2_11,0
B6,direct_full_kd_gold,249,GOV-1_17,0
B6,direct_full_kd_gold,250,S1-6_08,0
B6,direct_full_kd_gold,251,SBM-1_15,0
B6,direct_full_kd_gold,252,SBM-3_01,0
B6,direct_full_kd_gold,253,S4-1_01,0
B6,direct_full_kd_gold,254,S1-7_06,0
B6,direct_full_kd_gold,255,S3-4_01,0
B6,direct_full_kd_gold,256,S3-3_11,0
B6,direct_full_kd_gold,257,BP-2_22,0
B6,direct_full_kd_gold,258,S1-17_13,0
B6,direct_full_kd_gold,259,E3-3_08,0
B6,direct_full_kd_gold,260,SBM-1_25,0
B6,direct_full_kd_gold,261,S3-4_06,0
B6,direct_full_kd_gold,262,E4-3_14,0
B6,direct_full_kd_gold,263,S1-17_07,0
B6,direct_full_kd_gold,264,E2-3_09,0
B6,direct_full_kd_gold,265,S1-6_16,0
B6,direct_full_kd_gold,266,E4-5_06,0
B6,direct_full_kd_gold,267,S4-2_01,0
B6,direct_full_kd_gold,268,MDR-A_13,0
B6,direct_full_kd_gold,269,S4-2_09,0
B6,direct_full_kd_gold,270,S1-2_06,0
B6,direct_full_kd_gold,271,S1-6_13,0
B6,direct_full_kd_gold,272,S1-1_05,0
B6,direct_full_kd_gold,273,S2-3_12,0
B6,direct_full_kd_gold,274,S1-2_12,0
B6,direct_full_kd_gold,275,E3-3_04,0
B6,direct_full_kd_gold,276,S2-1_06,0
B6,direct_full_kd_gold,277,E1-4_01,0
B6,direct_full_kd_gold,278,MDR-A_01,0
B6,direct_full_kd_gold,279,E1-4_25,0
B6,direct_full_kd_gold,280,E2-4_10,0
B6,direct_full_kd_gold,281,SBM-3_02,0
B6,direct_full_kd_gold,282,SBM-1_09,0
B6,direct_full_kd_gold,283,E1-6_26,0
B6,direct_full_kd_gold,284,E2.IRO-1_03,0
B6,direct_full_kd_gold,285,SBM-1_17,0
B6,direct_full_kd_gold,286,S4-4_06,0
B6,direct_full_kd_gold,287,SBM-3_08,0
B6,direct_full_kd_gold,288,S1-16_03,0
B6,direct_full_kd_gold,289,E1-4_09,0
B6,direct_full_kd_gold,290,E4-3_15,0
B6,direct_full_kd_gold,291,S1-3_04,0
B6,direct_full_kd_gold,292,E2-3_05,0
B6,direct_full_kd_gold,293,E3.IRO-1_02,0
B6,direct_full_kd_gold,294,S3-1_01,0
B6,direct_full_kd_gold,295,G1-2_02,0
B6,direct_full_kd_gold,296,E1-4_06,0
B6,direct_full_kd_gold,297,S4-4_05,0
B6,direct_full_kd_gold,298,E2-4_17,0
B6,direct_full_kd_gold,299,S1-1_21,0
B6,direct_full_kd_gold,300,E5-5_18,0
B6,direct_full_kd_gold,301,E5-2_07,0
B6,direct_full_kd_gold,302,E1-4_15,0
B6,direct_full_kd_gold,303,E1-4_12,0
B6,direct_full_kd_gold,304,E4-5_18,0
B6,direct_full_kd_gold,305,E2-4_15,0
B6,direct_full_kd_gold,306,S3-1_04,0
B6,direct_full_kd_gold,307,S1-6_04,0
B6,direct_full_kd_gold,308,S2-2_03,0
B6,direct_full_kd_gold,309,S3.SBM-3_05,0
B6,direct_full_kd_gold,310,S3-2_06,0
B6,direct_full_kd_gold,311,S1-2_03,0
B6,direct_full_kd_gold,312,S4-2_03,0
B6,direct_full_kd_gold,313,S1-3_09,0
B6,direct_full_kd_gold,314,S3-1_02,0
B6,direct_full_kd_gold,315,S1-7_09,0
B6,direct_full_kd_gold,316,S4.SBM-3_05,0
B6,direct_full_kd_gold,317,S3-3_18,0
B6,direct_full_kd_gold,318,E3-2_01,0
B6,direct_full_kd_gold,319,E3.IRO-1_01,0
B6,direct_full_kd_gold,320,E5-2_08,0
B6,direct_full_kd_gold,321,S2-3_11,0
B6,direct_full_kd_gold,322,S4-1_02,0
B6,direct_full_kd_gold,323,SBM-1_02,0
B6,direct_full_kd_gold,324,SBM-1_01,0
B6,direct_full_kd_gold,325,S4.SBM-3_04,0
B6,direct_full_kd_gold,326,SBM-1_07,0
B6,direct_full_kd_gold,327,S3-2_03,0
B6,direct_full_kd_gold,328,S1-2_02,0
B6,direct_full_kd_gold,329,S1-2_10,0
B6,direct_full_kd_gold,330,S1-6_07,0
B6,direct_full_kd_gold,331,BP-2_21,0
B6,direct_full_kd_gold,332,S1-1_03,0
B6,direct_full_kd_gold,333,E4-2_01,0
B6,direct_full_kd_gold,334,S1-1_13,0
B6,direct_full_kd_gold,335,S3.SBM-3_04,0
B6,direct_full_kd_gold,336,S4-3_11,0
B6,direct_full_kd_gold,337,S1-8_04,0
B6,direct_full_kd_gold,338,E5-2_06,0
B6,direct_full_kd_gold,339,MDR-T_10,0
B6,direct_full_kd_gold,340,S4-3_06,0
B6,direct_full_kd_gold,341,S2-3_06,0
B6,direct_full_kd_gold,342,E4-3_01,0
B6,direct_full_kd_gold,343,GOV-1_03,0
B6,direct_full_kd_gold,344,S1-1_09,0
B6,direct_full_kd_gold,345,S3-3_15,0
B6,direct_full_kd_gold,346,S4-3_09,0
B6,direct_full_kd_gold,347,G1-4_05,0
B6,direct_full_kd_gold,348,S1-1_10,0
B6,direct_full_kd_gold,349,GOV-1_05,0
B6,direct_full_kd_gold,350,E1-2_01,0
B6,direct_full_kd_gold,351,S3-3_20,0
B6,direct_full_kd_gold,352,G1-4_08,0
B6,direct_full_kd_gold,353,S4-4_11,0
B6,direct_full_kd_gold,354,MDR-T_07,0
B6,direct_full_kd_gold,355,S1-7_05,0
B6,direct_full_kd_gold,356,E3-4_06,0
B6,direct_full_kd_gold,357,E4-5_09,0
B6,direct_full_kd_gold,358,E2.MDR-A_01-12,0
B6,direct_full_kd_gold,359,E2-2_01,0
B6,direct_full_kd_gold,360,G1-4_07,0
B6,direct_full_kd_gold,361,GOV-1_07,0
B6,direct_full_kd_gold,362,S4-1_04,0
B6,direct_full_kd_gold,363,S3-4_17,0
B6,direct_full_kd_gold,364,G1-4_06,0
B6,direct_full_kd_gold,365,S1-6_01,0
B6,direct_full_kd_gold,366,GOV-1_02,0
B6,direct_full_kd_gold,367,S1-10_01,0
B6,direct_full_kd_gold,368,E1-9_14,0
B6,direct_full_kd_gold,369,SBM-1_05,0
B6,direct_full_kd_gold,370,S1-6_14,0
B6,direct_full_kd_gold,371,S4-2_06,0
B6,direct_full_kd_gold,372,S3-2_02,0
B6,direct_full_kd_gold,373,S1-17_08,0
B6,direct_full_kd_gold,374,E1-6_07,0
B6,direct_full_kd_gold,375,E3.MDR-A_01-12,0
B6,direct_full_kd_gold,376,SBM-1_19,0
B6,direct_full_kd_gold,377,S1-7_03,0
B6,direct_full_kd_gold,378,S1-7_08,0
B6,direct_full_kd_gold,379,S1-17_03,0
B6,direct_full_kd_gold,380,E4-5_08,0
B6,direct_full_kd_gold,381,S1-17_11,0
B6,direct_full_kd_gold,382,E4-2_02,0
B6,direct_full_kd_gold,383,S1-13_02,0
B6,direct_full_kd_gold,384,E1-6_27,0
B6,direct_full_kd_gold,385,E5-5_17,0
B6,direct_full_kd_gold,386,MDR-T_02,0
B6,direct_full_kd_gold,387,S1-7_07,0
B6,direct_full_kd_gold,388,E1-6_11,0
B6,direct_full_kd_gold,389,G1-4_04,0
B6,direct_full_kd_gold,390,E4-5_07,0
B6,direct_full_kd_gold,391,S3-4_11,0
B6,direct_full_kd_gold,392,E5-2_02,0
B6,direct_full_kd_gold,393,E1-9_01,0
B6,direct_full_kd_gold,394,E3-2_02,0
B6,direct_full_kd_gold,395,S1-11_07,0
B6,direct_full_kd_gold,396,E4.IRO-1_15,0
B6,direct_full_kd_gold,397,E1.SBM-3_01,0
B6,direct_full_kd_gold,398,E5-2_03,0
B6,direct_full_kd_gold,399,E2-3_06,0
B6,direct_full_kd_gold,400,S1-8_08,0
B6,direct_full_kd_gold,401,E1.MDR-A_01-12,0
B6,direct_full_kd_gold,402,S1-6_15,0
B6,direct_full_kd_gold,403,GOV-1_01,0
B6,direct_full_kd_gold,404,E1-6_04,0
B6,direct_full_kd_gold,405,S4-2_05,0
B6,direct_full_kd_gold,406,S1-11_11,0
B6,direct_full_kd_gold,407,S4-2_02,0
B6,direct_full_kd_gold,408,E4.MDR-A_01-12,0
B6,direct_full_kd_gold,409,S1-1_22,0
B6,direct_full_kd_gold,410,E1-9_41,0
B6,direct_full_kd_gold,411,S1-11_06,0
B6,direct_full_kd_gold,412,S1-8_03,0
B6,direct_full_kd_gold,413,E1-9_03,0
B6,direct_full_kd_gold,414,E1-6_31,0
B6,direct_full_kd_gold,415,S1-11_09,0
B6,direct_full_kd_gold,416,E1-9_02,0
B6,direct_full_kd_gold,417,E1-5_18,0
B6,direct_full_kd_gold,418,E1-6_28,0
B6,direct_full_kd_gold,419,S1-6_11,0
B6,direct_full_kd_gold,420,E1-4_03,0
B6,direct_full_kd_gold,421,SBM-1_06,0
B6,direct_full_kd_gold,422,E1-6_01,0
B6,direct_full_kd_gold,423,S1-13_05,0
B6,direct_full_kd_gold,424,S4-3_13,0
B6,direct_full_kd_gold,425,S1-13_06,0
B6,direct_full_kd_gold,426,S1-11_01,0
B6,direct_full_kd_gold,427,E1-6_30,0
B6,direct_full_kd_gold,428,G1-4_02,0
B6,direct_full_kd_gold,429,S1-10_02,0
B6,direct_full_kd_gold,430,S1-11_10,0
B6,direct_full_kd_gold,431,S1-12_01,0
B6,direct_full_kd_gold,432,E1-4_22,0
B6,direct_full_kd_gold,433,E2-4_09,0
B6,direct_full_kd_gold,434,S1-11_05,0
B6,direct_full_kd_gold,435,S1-8_02,0
B6,direct_full_kd_gold,436,S4-3_12,0
B6,direct_full_kd_gold,437,G1-4_01,0
B6,direct_full_kd_gold,438,E1-9_42,0
B6,direct_full_kd_gold,439,S1-11_03,0
B6,direct_full_kd_gold,440,S1-16_02,0
B6,direct_full_kd_gold,441,S1-11_04,0
B6,direct_full_kd_gold,442,S1-8_01,0
B6,direct_full_kd_gold,443,GOV-1_06,0
B6,direct_full_kd_gold,444,E5-5_09,0
B6,direct_full_kd_gold,445,E4-5_14,0
B6,direct_full_kd_gold,446,S1-6_12,0
B6,direct_full_kd_gold,447,E1-6_17,0
B6,direct_full_kd_gold,448,S2-1_05,0
B6,direct_full_kd_gold,449,E1-3_03,0
B6,direct_full_kd_gold,450,SBM-1_04,0
B6,direct_full_kd_gold,451,S1-1_08,0
B6,direct_full_kd_gold,452,E2-4_01,0
B6,direct_full_kd_gold,453,S1-10_03,0
B6,direct_full_kd_gold,454,S1-9_02,0
B6,direct_full_kd_gold,455,S1-6_09,0
B6,direct_full_kd_gold,456,S3-3_21,0
B6,direct_full_kd_gold,457,S1-14_05,0
B6,direct_full_kd_gold,458,SBM-1_03,0
B6,direct_full_kd_gold,459,E5-5_08,0
B6,direct_full_kd_gold,460,E5-5_15,0
B6,direct_full_kd_gold,461,S1-17_01,0
B6,direct_full_kd_gold,462,S1-7_02,0
B6,direct_full_kd_gold,463,S1-17_05,0
B6,direct_full_kd_gold,464,S1-9_01,0
B6,direct_full_kd_gold,465,E1-5_07,0
B6,direct_full_kd_gold,466,S1-14_04,0
B6,direct_full_kd_gold,467,S1-13_01,0
B6,direct_full_kd_gold,468,S1-14_06,0
B6,direct_full_kd_gold,469,E1-5_01,0
B6,direct_full_kd_gold,470,S1-17_02,0
B6,direct_full_kd_gold,471,S1-14_08,0
B6,direct_full_kd_gold,472,S1-7_01,0
B6,direct_full_kd_gold,473,S1-6_20,0
B6,direct_full_kd_gold,474,S1-15_02,0
B6,direct_full_kd_gold,475,S1-6_05,0
B6,direct_full_kd_gold,476,S1-6_18,0
B6,direct_full_kd_gold,477,S1-6_10,0
B6,direct_full_kd_gold,478,S1-6_19,0
B6,direct_full_kd_gold,479,S1-6_02,0
B6,direct_full_kd_gold,480,S1-14_03,0
B6,direct_full_kd_gold,481,S1-16_05,0
B6,direct_full_kd_gold,482,E1-5_14,0
B6,direct_full_kd_gold,483,S1-6_06,0
B6,direct_full_kd_gold,484,S1-16_04,0
B6,direct_full_kd_gold,485,S1-15_01,0
B6,direct_full_kd_gold,486,S1-9_03,0
B6,direct_full_kd_gold,487,E5-4_05,0
B6,direct_full_kd_gold,488,S1-10_04,0
B6,direct_full_kd_gold,489,S1-16_01,0
B6,direct_full_kd_gold,490,E5-5_16,0
B6,direct_full_kd_gold,491,S1-9_05,0
B6,direct_full_kd_gold,492,S1-14_07,0
B6,direct_full_kd_gold,493,S1-14_02,0
B6,direct_full_kd_gold,494,S1-6_03,0
B6,direct_full_kd_gold,495,E5-5_07,0
B6,direct_full_kd_gold,496,E1-5_11,0
B6,direct_full_kd_gold,497,S1-15_03,0
B6,direct_full_kd_gold,498,S1-9_04,0
B6,direct_full_kd_gold,499,S1-14_09,0
B6,direct_full_kd_gold,500,E1-5_08,0
B6,direct_full_kd_gold,501,E2-4_02,0
B6,direct_full_kd_gold,502,E3-4_05,0
B6,direct_full_kd_gold,503,E1-5_06,0
B6,direct_full_kd_gold,504,E3-4_01,0
B6,direct_full_kd_gold,505,E1-5_10,0
B6,direct_full_kd_gold,506,S1-14_12,0
B6,direct_full_kd_gold,507,E3-4_12,0
B6,direct_full_kd_gold,508,E1-5_13,0
B6,direct_full_kd_gold,509,S1-13_04,0
B6,direct_full_kd_gold,510,E3-4_11,0
B6,direct_full_kd_gold,511,E1-5_03,0
B6,direct_full_kd_gold,512,E1-5_12,0
B6,direct_full_kd_gold,513,E3-4_02,0
B6,direct_full_kd_gold,514,MDR-T_05,0
B6,direct_full_kd_gold,515,E1-5_02,0
B6,direct_full_kd_gold,516,E1-5_05,0
B6,direct_full_kd_gold,517,S1-13_03,0
B6,direct_full_kd_gold_medium,1,GOV-3_03,0
B6,direct_full_kd_gold_medium,2,GOV-1_10,0
B6,direct_full_kd_gold_medium,3,GOV-2_01,0
B6,direct_full_kd_gold_medium,4,MDR-P_03,0
B6,direct_full_kd_gold_medium,5,MDR-T_18,0
B6,direct_full_kd_gold_medium,6,MDR-P_05,0
B6,direct_full_kd_gold_medium,7,GOV-2_02,0
B6,direct_full_kd_gold_medium,8,MDR-P_08,0
B6,direct_full_kd_gold_medium,9,S1-1_07,0
B6,direct_full_kd_gold_medium,10,S1-4_13,0
B6,direct_full_kd_gold_medium,11,S2-1_08,0
B6,direct_full_kd_gold_medium,12,E4-3_10,0
B6,direct_full_kd_gold_medium,13,IRO-1_04,0
B6,direct_full_kd_gold_medium,14,S2-5_06,0
B6,direct_full_kd_gold_medium,15,GOV-1_08,0
B6,direct_full_kd_gold_medium,16,MDR-A_14,0
B6,direct_full_kd_gold_medium,17,S1-5_06,0
B6,direct_full_kd_gold_medium,18,SBM-2_06,0
B6,direct_full_kd_gold_medium,19,S4-5_06,0
B6,direct_full_kd_gold_medium,20,GOV-3_04,0
B6,direct_full_kd_gold_medium,21,MDR-T_13,1
B6,direct_full_kd_gold_medium,22,GOV-1_11,0
B6,direct_full_kd_gold_medium,23,G1.MDR-P_01-06,0
B6,direct_full_kd_gold_medium,24,MDR-P_06,0
B6,direct_full_kd_gold_medium,25,S1-4_12,1
B6,direct_full_kd_gold_medium,26,S3-1_06,0
B6,direct_full_kd_gold_medium,27,S2-4_15,0
B6,direct_full_kd_gold_medium,28,MDR-T_17,0
B6,direct_full_kd_gold_medium,29,S1-4_09,0
B6,direct_full_kd_gold_medium,30,S2-4_18,0
B6,direct_full_kd_gold_medium,31,IRO-1_03,0
B6,direct_full_kd_gold_medium,32,S4-4_12,0
B6,direct_full_kd_gold_medium,33,E4-1_09,0
B6,direct_full_kd_gold_medium,34,S2-4_12,0
B6,direct_full_kd_gold_medium,35,S1-4_20,0
B6,direct_full_kd_gold_medium,36,S4-4_18,0
B6,direct_full_kd_gold_medium,37,SBM-1_23,0
B6,direct_full_kd_gold_medium,38,S3-5_06,0
B6,direct_full_kd_gold_medium,39,S4-1_06,0
B6,direct_full_kd_gold_medium,40,BP-2_26,0
B6,direct_full_kd_gold_medium,41,S3-4_19,0
B6,direct_full_kd_gold_medium,42,MDR-M_01,0
B6,direct_full_kd_gold_medium,43,S1.MDR-A_01-12,0
B6,direct_full_kd_gold_medium,44,IRO-1_01,0
B6,direct_full_kd_gold_medium,45,MDR-P_02,0
B6,direct_full_kd_gold_medium,46,S3-4_12,0
B6,direct_full_kd_gold_medium,47,SBM-2_12,0
B6,direct_full_kd_gold_medium,48,S1-5_02,0
B6,direct_full_kd_gold_medium,49,G1-3_03,0
B6,direct_full_kd_gold_medium,50,MDR-T_20,0
B6,direct_full_kd_gold_medium,51,SBM-2_05,0
B6,direct_full_kd_gold_medium,52,G1.GOV-1_01,0
B6,direct_full_kd_gold_medium,53,SBM-3_07,0
B6,direct_full_kd_gold_medium,54,E5.IRO-1_01,0
B6,direct_full_kd_gold_medium,55,SBM-2_02,0
B6,direct_full_kd_gold_medium,56,S2-3_01,0
B6,direct_full_kd_gold_medium,57,S2-5_03,0
B6,direct_full_kd_gold_medium,58,S1-2_14,0
B6,direct_full_kd_gold_medium,59,MDR-T_16,0
B6,direct_full_kd_gold_medium,60,S2-4_03,0
B6,direct_full_kd_gold_medium,61,SBM-2_04,0
B6,direct_full_kd_gold_medium,62,S2-5_02,0
B6,direct_full_kd_gold_medium,63,S2-4_04,0
B6,direct_full_kd_gold_medium,64,S2-4_07,0
B6,direct_full_kd_gold_medium,65,BP-2_23,0
B6,direct_full_kd_gold_medium,66,E1.MDR-T_01-13,0
B6,direct_full_kd_gold_medium,67,S1.MDR-T_01-13,0
B6,direct_full_kd_gold_medium,68,S2-3_04,0
B6,direct_full_kd_gold_medium,69,SBM-2_01,0
B6,direct_full_kd_gold_medium,70,S1-4_11,0
B6,direct_full_kd_gold_medium,71,G1.GOV-1_02,0
B6,direct_full_kd_gold_medium,72,S2-4_05,0
B6,direct_full_kd_gold_medium,73,MDR-P_09,0
B6,direct_full_kd_gold_medium,74,S1-3_07,0
B6,direct_full_kd_gold_medium,75,E2.MDR-T_01-13,0
B6,direct_full_kd_gold_medium,76,S1-3_02,0
B6,direct_full_kd_gold_medium,77,S1-5_03,0
B6,direct_full_kd_gold_medium,78,S4-3_04,0
B6,direct_full_kd_gold_medium,79,S1-3_08,0
B6,direct_full_kd_gold_medium,80,S2-3_02,0
B6,direct_full_kd_gold_medium,81,MDR-T_09,0
B6,direct_full_kd_gold_medium,82,S2-2_09,0
B6,direct_full_kd_gold_medium,83,S1-3_01,0
B6,direct_full_kd_gold_medium,84,S3-4_02,0
B6,direct_full_kd_gold_medium,85,G1.MDR-A_01-12,0
B6,direct_full_kd_gold_medium,86,E4.MDR-T_01-13,0
B6,direct_full_kd_gold_medium,87,SBM-1_08,0
B6,direct_full_kd_gold_medium,88,MDR-A_15,0
B6,direct_full_kd_gold_medium,89,S1-4_10,0
B6,direct_full_kd_gold_medium,90,S2-2_08,0
B6,direct_full_kd_gold_medium,91,S1-4_16,0
B6,direct_full_kd_gold_medium,92,S1-2_08,0
B6,direct_full_kd_gold_medium,93,S4-1_09,0
B6,direct_full_kd_gold_medium,94,IRO-1_05,0
B6,direct_full_kd_gold_medium,95,S2-3_05,0
B6,direct_full_kd_gold_medium,96,E1.MDR-T_14-19,0
B6,direct_full_kd_gold_medium,97,S1-4_03,0
B6,direct_full_kd_gold_medium,98,S1-1_14,0
B6,direct_full_kd_gold_medium,99,E3.MDR-T_01-13,0
B6,direct_full_kd_gold_medium,100,S1.MDR-T_14-19,0
B6,direct_full_kd_gold_medium,101,S2.MDR-T_01-13,0
B6,direct_full_kd_gold_medium,102,E1.GOV-3_01,0
B6,direct_full_kd_gold_medium,103,S2-1_11,0
B6,direct_full_kd_gold_medium,104,SBM-3_11,0
B6,direct_full_kd_gold_medium,105,E3.MDR-T_14-19,0
B6,direct_full_kd_gold_medium,106,SBM-2_03,0
B6,direct_full_kd_gold_medium,107,S1-3_10,0
B6,direct_full_kd_gold_medium,108,S1-4_04,0
B6,direct_full_kd_gold_medium,109,S3-5_03,0
B6,direct_full_kd_gold_medium,110,E4.MDR-T_14-19,0
B6,direct_full_kd_gold_medium,111,S1-4_01,0
B6,direct_full_kd_gold_medium,112,S2-2_01,0
B6,direct_full_kd_gold_medium,113,IRO-1_06,0
B6,direct_full_kd_gold_medium,114,S1-4_05,0
B6,direct_full_kd_gold_medium,115,MDR-P_07,0
B6,direct_full_kd_gold_medium,116,G1-3_04,0
B6,direct_full_kd_gold_medium,117,S1-2_01,0
B6,direct_full_kd_gold_medium,118,S2.MDR-T_14-19,0
B6,direct_full_kd_gold_medium,119,S1-4_14,0
B6,direct_full_kd_gold_medium,120,IRO-1_02,0
B6,direct_full_kd_gold_medium,121,MDR-A_06,0
B6,direct_full_kd_gold_medium,122,S2-4_01,0
B6,direct_full_kd_gold_medium,123,S1-3_06,0
B6,direct_full_kd_gold_medium,124,S2-3_03,0
B6,direct_full_kd_gold_medium,125,S2-1_03,0
B6,direct_full_kd_gold_medium,126,S3-2_08,0
B6,direct_full_kd_gold_medium,127,S3-5_02,0
B6,direct_full_kd_gold_medium,128,E5.MDR-T_01-13,0
B6,direct_full_kd_gold_medium,129,S1-2_09,0
B6,direct_full_kd_gold_medium,130,E1.GOV-3_03,0
B6,direct_full_kd_gold_medium,131,GOV-1_04,0
B6,direct_full_kd_gold_medium,132,S2-3_07,0
B6,direct_full_kd_gold_medium,133,S3-1_09,0
B6,direct_full_kd_gold_medium,134,S1-1_01,0
B6,direct_full_kd_gold_medium,135,S4.MDR-T_14-19,0
B6,direct_full_kd_gold_medium,136,E2.MDR-T_14-19,0
B6,direct_full_kd_gold_medium,137,S4-5_02,0
B6,direct_full_kd_gold_medium,138,BP-2_24,0
B6,direct_full_kd_gold_medium,139,S3-4_13,0
B6,direct_full_kd_gold_medium,140,S2.MDR-A_01-12,0
B6,direct_full_kd_gold_medium,141,S1-4_02,0
B6,direct_full_kd_gold_medium,142,BP-1_02,0
B6,direct_full_kd_gold_medium,143,MDR-T_14,0
B6,direct_full_kd_gold_medium,144,S3-4_15,0
B6,direct_full_kd_gold_medium,145,MDR-A_05,0
B6,direct_full_kd_gold_medium,146,GOV-3_01,0
B6,direct_full_kd_gold_medium,147,S3-3_13,0
B6,direct_full_kd_gold_medium,148,S4-3_08,0
B6,direct_full_kd_gold_medium,149,S2-4_13,0
B6,direct_full_kd_gold_medium,150,BP-2_25,0
B6,direct_full_kd_gold_medium,151,S2-4_06,0
B6,direct_full_kd_gold_medium,152,S2-1_04,0
B6,direct_full_kd_gold_medium,153,S4-3_03,0
B6,direct_full_kd_gold_medium,154,S3-3_16,0
B6,direct_full_kd_gold_medium,155,MDR-T_21,0
B6,direct_full_kd_gold_medium,156,S4-4_07,0
B6,direct_full_kd_gold_medium,157,S3-4_07,0
B6,direct_full_kd_gold_medium,158,GOV-1_12,0
B6,direct_full_kd_gold_medium,159,MDR-P_01,0
B6,direct_full_kd_gold_medium,160,E5.MDR-T_14-19,0
B6,direct_full_kd_gold_medium,161,S3-1_05,0
B6,direct_full_kd_gold_medium,162,S3.MDR-T_14-19,0
B6,direct_full_kd_gold_medium,163,S3-3_10,0
B6,direct_full_kd_gold_medium,164,S4.MDR-T_01-13,0
B6,direct_full_kd_gold_medium,165,S4-3_01,0
B6,direct_full_kd_gold_medium,166,BP-1_01,0
B6,direct_full_kd_gold_medium,167,S1-1_06,0
B6,direct_full_kd_gold_medium,168,S4-1_05,0
B6,direct_full_kd_gold_medium,169,E2.MDR-A_13-14,0
B6,direct_full_kd_gold_medium,170,S1.MDR-A_13-14,0
B6,direct_full_kd_gold_medium,171,S3-2_09,0
B6,direct_full_kd_gold_medium,172,SBM-1_21,0
B6,direct_full_kd_gold_medium,173,S2.SBM-3_06,0
B6,direct_full_kd_gold_medium,174,G1.MDR-A_13-14,0
B6,direct_full_kd_gold_medium,175,BP-1_04,0
B6,direct_full_kd_gold_medium,176,S4-3_07,0
B6,direct_full_kd_gold_medium,177,S3.MDR-T_01-13,0
B6,direct_full_kd_gold_medium,178,S3-2_05,0
B6,direct_full_kd_gold_medium,179,S3-2_01,0
B6,direct_full_kd_gold_medium,180,BP-2_27,0
B6,direct_full_kd_gold_medium,181,S1.SBM-3_03,0
B6,direct_full_kd_gold_medium,182,E3.MDR-A_13-14,0
B6,direct_full_kd_gold_medium,183,S4-4_04,0
B6,direct_full_kd_gold_medium,184,S2.SBM-3_05,0
B6,direct_full_kd_gold_medium,185,S2.MDR-A_13-14,0
B6,direct_full_kd_gold_medium,186,S2-2_07,0
B6,direct_full_kd_gold_medium,187,S4-2_07,0
B6,direct_full_kd_gold_medium,188,S2-2_06,0
B6,direct_full_kd_gold_medium,189,E4.MDR-A_13-14,0
B6,direct_full_kd_gold_medium,190,E1.MDR-A_13-14,0
B6,direct_full_kd_gold_medium,191,S2-4_11,0
B6,direct_full_kd_gold_medium,192,S4-5_03,0
B6,direct_full_kd_gold_medium,193,S1-7_10,0
B6,direct_full_kd_gold_medium,194,S4.MDR-A_13-14,0
B6,direct_full_kd_gold_medium,195,S3-4_04,0
B6,direct_full_kd_gold_medium,196,S4-4_13,0
B6,direct_full_kd_gold_medium,197,MDR-T_04,0
B6,direct_full_kd_gold_medium,198,S4-4_01,0
B6,direct_full_kd_gold_medium,199,S1.SBM-3_04,0
B6,direct_full_kd_gold_medium,200,E5-2_05,0
B6,direct_full_kd_gold_medium,201,S3-4_03,0
B6,direct_full_kd_gold_medium,202,S2-4_02,0
B6,direct_full_kd_gold_medium,203,S3.MDR-A_01-12,0
B6,direct_full_kd_gold_medium,204,S4-4_03,0
B6,direct_full_kd_gold_medium,205,S4-4_15,0
B6,direct_full_kd_gold_medium,206,S4-4_02,0
B6,direct_full_kd_gold_medium,207,S4.MDR-A_01-12,0
B6,direct_full_kd_gold_medium,208,E2.MDR-P_07-08,0
B6,direct_full_kd_gold_medium,209,S3-4_10,0
B6,direct_full_kd_gold_medium,210,E1.MDR-P_07-08,0
B6,direct_full_kd_gold_medium,211,G1.MDR-P_07-08,0
B6,direct_full_kd_gold_medium,212,S3-3_12,0
B6,direct_full_kd_gold_medium,213,S3.MDR-A_13-14,0
B6,direct_full_kd_gold_medium,214,S2.MDR-P_07-08,0
B6,direct_full_kd_gold_medium,215,S1-3_05,0
B6,direct_full_kd_gold_medium,216,S1.MDR-P_07-08,0
B6,direct_full_kd_gold_medium,217,S2-3_09,0
B6,direct_full_kd_gold_medium,218,E3.MDR-P_07-08,0
B6,direct_full_kd_gold_medium,219,S1-1_12,0
B6,direct_full_kd_gold_medium,220,IRO-1_14,0
B6,direct_full_kd_gold_medium,221,MDR-A_04,0
B6,direct_full_kd_gold_medium,222,S2-1_01,0
B6,direct_full_kd_gold_medium,223,E4.MDR-P_07-08,0
B6,direct_full_kd_gold_medium,224,S4-3_05,0
B6,direct_full_kd_gold_medium,225,S4.MDR-P_07-08,0
B6,direct_full_kd_gold_medium,226,SBM-3_04,0
B6,direct_full_kd_gold_medium,227,S3-4_05,0
B6,direct_full_kd_gold_medium,228,S3-3_17,0
B6,direct_full_kd_gold_medium,229,GOV-3_02,0
B6,direct_full_kd_gold_medium,230,S3.MDR-P_07-08,0
B6,direct_full_kd_gold_medium,231,SBM-1_28,0
B6,direct_full_kd_gold_medium,232,E5.MDR-A_13-14,0
B6,direct_full_kd_gold_medium,233,S3-3_14,0
B6,direct_full_kd_gold_medium,234,G1-1_10,0
B6,direct_full_kd_gold_medium,235,E5.MDR-A_01-12,0
B6,direct_full_kd_gold_medium,236,S2-2_02,0
B6,direct_full_kd_gold_medium,237,S4-2_08,0
B6,direct_full_kd_gold_medium,238,S1-3_11,0
B6,direct_full_kd_gold_medium,239,G1-5_11,0
B6,direct_full_kd_gold_medium,240,GOV-1_16,0
B6,direct_full_kd_gold_medium,241,S1-2_07,0
B6,direct_full_kd_gold_medium,242,E5.MDR-P_07-08,0
B6,direct_full_kd_gold_medium,243,E5-5_03,0
B6,direct_full_kd_gold_medium,244,S3-4_01,0
B6,direct_full_kd_gold_medium,245,S2-3_08,0
B6,direct_full_kd_gold_medium,246,SBM-3_09,0
B6,direct_full_kd_gold_medium,247,E4-1_11,0
B6,direct_full_kd_gold_medium,248,SBM-3_01,0
B6,direct_full_kd_gold_medium,249,S1-7_06,0
B6,direct_full_kd_gold_medium,250,S4-3_02,0
B6,direct_full_kd_gold_medium,251,S4-1_01,0
B6,direct_full_kd_gold_medium,252,S3-3_11,0
B6,direct_full_kd_gold_medium,253,SBM-1_15,0
B6,direct_full_kd_gold_medium,254,S3-4_06,0
B6,direct_full_kd_gold_medium,255,S1-2_11,0
B6,direct_full_kd_gold_medium,256,S1-6_08,0
B6,direct_full_kd_gold_medium,257,E1-4_25,0
B6,direct_full_kd_gold_medium,258,SBM-1_25,0
B6,direct_full_kd_gold_medium,259,S1-17_13,0
B6,direct_full_kd_gold_medium,260,E4-3_14,0
B6,direct_full_kd_gold_medium,261,E2-3_09,0
B6,direct_full_kd_gold_medium,262,E3-3_04,0
B6,direct_full_kd_gold_medium,263,S1-6_13,0
B6,direct_full_kd_gold_medium,264,GOV-1_17,0
B6,direct_full_kd_gold_medium,265,E3-3_08,0
B6,direct_full_kd_gold_medium,266,S4-2_01,0
B6,direct_full_kd_gold_medium,267,BP-2_22,0
B6,direct_full_kd_gold_medium,268,E1-4_01,0
B6,direct_full_kd_gold_medium,269,S2-3_12,0
B6,direct_full_kd_gold_medium,270,S1-17_07,0
B6,direct_full_kd_gold_medium,271,S1-6_16,0
B6,direct_full_kd_gold_medium,272,E4-5_06,0
B6,direct_full_kd_gold_medium,273,S4-2_09,0
B6,direct_full_kd_gold_medium,274,MDR-A_13,0
B6,direct_full_kd_gold_medium,275,E2-4_10,0
B6,direct_full_kd_gold_medium,276,MDR-A_01,0
B6,direct_full_kd_gold_medium,277,S4-4_06,0
B6,direct_full_kd_gold_medium,278,E2-3_05,0
B6,direct_full_kd_gold_medium,279,S1-2_06,0
B6,direct_full_kd_gold_medium,280,SBM-3_02,0
B6,direct_full_kd_gold_medium,281,S1-1_05,0
B6,direct_full_kd_gold_medium,282,S2-1_06,0
B6,direct_full_kd_gold_medium,283,S1-2_12,0
B6,direct_full_kd_gold_medium,284,E1-6_26,0
B6,direct_full_kd_gold_medium,285,E2.IRO-1_03,0
B6,direct_full_kd_gold_medium,286,E1-4_09,0
B6,direct_full_kd_gold_medium,287,SBM-1_17,0
B6,direct_full_kd_gold_medium,288,S1-16_03,0
B6,direct_full_kd_gold_medium,289,SBM-3_08,0
B6,direct_full_kd_gold_medium,290,E4-3_15,0
B6,direct_full_kd_gold_medium,291,S3-1_01,0
B6,direct_full_kd_gold_medium,292,E5-5_18,0
B6,direct_full_kd_gold_medium,293,SBM-1_09,0
B6,direct_full_kd_gold_medium,294,S4-4_05,0
B6,direct_full_kd_gold_medium,295,E1-4_06,0
B6,direct_full_kd_gold_medium,296,E3.IRO-1_02,0
B6,direct_full_kd_gold_medium,297,E1-4_15,0
B6,direct_full_kd_gold_medium,298,S1-3_04,0
B6,direct_full_kd_gold_medium,299,E5-2_07,0
B6,direct_full_kd_gold_medium,300,G1-2_02,0
B6,direct_full_kd_gold_medium,301,S1-1_21,0
B6,direct_full_kd_gold_medium,302,E2-4_15,0
B6,direct_full_kd_gold_medium,303,E4-5_18,0
B6,direct_full_kd_gold_medium,304,E2-4_17,0
B6,direct_full_kd_gold_medium,305,S3-1_02,0
B6,direct_full_kd_gold_medium,306,E1-4_12,0
B6,direct_full_kd_gold_medium,307,S3-1_04,0
B6,direct_full_kd_gold_medium,308,S3.SBM-3_05,0
B6,direct_full_kd_gold_medium,309,E5-2_06,0
B6,direct_full_kd_gold_medium,310,S1-6_04,0
B6,direct_full_kd_gold_medium,311,S3-2_06,0
B6,direct_full_kd_gold_medium,312,E3-2_01,0
B6,direct_full_kd_gold_medium,313,S2-2_03,0
B6,direct_full_kd_gold_medium,314,S4-1_02,0
B6,direct_full_kd_gold_medium,315,S4.SBM-3_05,0
B6,direct_full_kd_gold_medium,316,S3-3_18,0
B6,direct_full_kd_gold_medium,317,S1-7_09,0
B6,direct_full_kd_gold_medium,318,S1-3_09,0
B6,direct_full_kd_gold_medium,319,E3.IRO-1_01,0
B6,direct_full_kd_gold_medium,320,E5-2_08,0
B6,direct_full_kd_gold_medium,321,S4-2_03,0
B6,direct_full_kd_gold_medium,322,S1-2_03,0
B6,direct_full_kd_gold_medium,323,S4.SBM-3_04,0
B6,direct_full_kd_gold_medium,324,S1-1_03,0
B6,direct_full_kd_gold_medium,325,S3.SBM-3_04,0
B6,direct_full_kd_gold_medium,326,S2-3_11,0
B6,direct_full_kd_gold_medium,327,S3-2_03,0
B6,direct_full_kd_gold_medium,328,SBM-1_01,0
B6,direct_full_kd_gold_medium,329,SBM-1_02,0
B6,direct_full_kd_gold_medium,330,S1-6_07,0
B6,direct_full_kd_gold_medium,331,S1-2_02,0
B6,direct_full_kd_gold_medium,332,SBM-1_07,0
B6,direct_full_kd_gold_medium,333,S1-2_10,0
B6,direct_full_kd_gold_medium,334,BP-2_21,0
B6,direct_full_kd_gold_medium,335,S4-3_11,0
B6,direct_full_kd_gold_medium,336,S4-3_06,0
B6,direct_full_kd_gold_medium,337,S3-3_15,0
B6,direct_full_kd_gold_medium,338,S1-1_13,0
B6,direct_full_kd_gold_medium,339,S2-3_06,0
B6,direct_full_kd_gold_medium,340,E4-3_01,0
B6,direct_full_kd_gold_medium,341,MDR-T_10,0
B6,direct_full_kd_gold_medium,342,S1-8_04,0
B6,direct_full_kd_gold_medium,343,S1-1_09,0
B6,direct_full_kd_gold_medium,344,E4-2_01,0
B6,direct_full_kd_gold_medium,345,MDR-T_07,0
B6,direct_full_kd_gold_medium,346,S4-3_09,0
B6,direct_full_kd_gold_medium,347,GOV-1_03,0
B6,direct_full_kd_gold_medium,348,S1-7_05,0
B6,direct_full_kd_gold_medium,349,S1-1_10,0
B6,direct_full_kd_gold_medium,350,S3-3_20,0
B6,direct_full_kd_gold_medium,351,S4-4_11,0
B6,direct_full_kd_gold_medium,352,G1-4_05,0
B6,direct_full_kd_gold_medium,353,G1-4_08,0
B6,direct_full_kd_gold_medium,354,E1-2_01,0
B6,direct_full_kd_gold_medium,355,E2-2_01,0
B6,direct_full_kd_gold_medium,356,E2.MDR-A_01-12,0
B6,direct_full_kd_gold_medium,357,E3-4_06,0
B6,direct_full_kd_gold_medium,358,E4-5_09,0
B6,direct_full_kd_gold_medium,359,S3-4_17,0
B6,direct_full_kd_gold_medium,360,GOV-1_05,0
B6,direct_full_kd_gold_medium,361,G1-4_06,0
B6,direct_full_kd_gold_medium,362,G1-4_07,0
B6,direct_full_kd_gold_medium,363,S4-1_04,0
B6,direct_full_kd_gold_medium,364,S1-6_01,0
B6,direct_full_kd_gold_medium,365,S1-10_01,0
B6,direct_full_kd_gold_medium,366,E5-5_17,0
B6,direct_full_kd_gold_medium,367,E1-9_14,0
B6,direct_full_kd_gold_medium,368,S1-17_08,0
B6,direct_full_kd_gold_medium,369,GOV-1_07,0
B6,direct_full_kd_gold_medium,370,S4-2_06,0
B6,direct_full_kd_gold_medium,371,SBM-1_05,0
B6,direct_full_kd_gold_medium,372,GOV-1_02,0
B6,direct_full_kd_gold_medium,373,E3.MDR-A_01-12,0
B6,direct_full_kd_gold_medium,374,MDR-T_02,0
B6,direct_full_kd_gold_medium,375,S1-6_14,0
B6,direct_full_kd_gold_medium,376,S3-2_02,0
B6,direct_full_kd_gold_medium,377,S1-17_03,0
B6,direct_full_kd_gold_medium,378,S1-7_08,0
B6,direct_full_kd_gold_medium,379,E1-6_07,0
B6,direct_full_kd_gold_medium,380,S1-7_03,0
B6,direct_full_kd_gold_medium,381,S1-17_11,0
B6,direct_full_kd_gold_medium,382,E1-6_27,0
B6,direct_full_kd_gold_medium,383,E5-2_03,0
B6,direct_full_kd_gold_medium,384,E4-5_08,0
B6,direct_full_kd_gold_medium,385,SBM-1_19,0
B6,direct_full_kd_gold_medium,386,S3-4_11,0
B6,direct_full_kd_gold_medium,387,E5-2_02,0
B6,direct_full_kd_gold_medium,388,S1-7_07,0
B6,direct_full_kd_gold_medium,389,E1-6_11,0
B6,direct_full_kd_gold_medium,390,S1-13_02,0
B6,direct_full_kd_gold_medium,391,G1-4_04,0
B6,direct_full_kd_gold_medium,392,E4-2_02,0
B6,direct_full_kd_gold_medium,393,E3-2_02,0
B6,direct_full_kd_gold_medium,394,E1-9_01,0
B6,direct_full_kd_gold_medium,395,E4-5_07,0
B6,direct_full_kd_gold_medium,396,E2-3_06,0
B6,direct_full_kd_gold_medium,397,S1-6_15,0
B6,direct_full_kd_gold_medium,398,E1-6_04,0
B6,direct_full_kd_gold_medium,399,E1.MDR-A_01-12,0
B6,direct_full_kd_gold_medium,400,E4.IRO-1_15,0
B6,direct_full_kd_gold_medium,401,S1-11_07,0
B6,direct_full_kd_gold_medium,402,E1.SBM-3_01,0
B6,direct_full_kd_gold_medium,403,S1-8_08,0
B6,direct_full_kd_gold_medium,404,S4-2_05,0
B6,direct_full_kd_gold_medium,405,GOV-1_01,0
B6,direct_full_kd_gold_medium,406,S4-2_02,0
B6,direct_full_kd_gold_medium,407,S1-11_11,0
B6,direct_full_kd_gold_medium,408,E1-6_31,0
B6,direct_full_kd_gold_medium,409,E1-9_41,0
B6,direct_full_kd_gold_medium,410,E4.MDR-A_01-12,0
B6,direct_full_kd_gold_medium,411,S1-11_06,0
B6,direct_full_kd_gold_medium,412,E1-5_18,0
B6,direct_full_kd_gold_medium,413,S1-6_11,0
B6,direct_full_kd_gold_medium,414,S1-1_22,0
B6,direct_full_kd_gold_medium,415,E1-9_03,0
B6,direct_full_kd_gold_medium,416,S4-3_13,0
B6,direct_full_kd_gold_medium,417,E1-9_02,0
B6,direct_full_kd_gold_medium,418,E1-4_03,0
B6,direct_full_kd_gold_medium,419,S1-8_03,0
B6,direct_full_kd_gold_medium,420,E1-6_01,0
B6,direct_full_kd_gold_medium,421,E1-6_28,0
B6,direct_full_kd_gold_medium,422,S1-11_09,0
B6,direct_full_kd_gold_medium,423,SBM-1_06,0
B6,direct_full_kd_gold_medium,424,S1-13_05,0
B6,direct_full_kd_gold_medium,425,S1-13_06,0
B6,direct_full_kd_gold_medium,426,E1-6_30,0
B6,direct_full_kd_gold_medium,427,S1-11_01,0
B6,direct_full_kd_gold_medium,428,S1-10_02,0
B6,direct_full_kd_gold_medium,429,G1-4_02,0
B6,direct_full_kd_gold_medium,430,E2-4_09,0
B6,direct_full_kd_gold_medium,431,S1-12_01,0
B6,direct_full_kd_gold_medium,432,E5-5_09,0
B6,direct_full_kd_gold_medium,433,E1-4_22,0
B6,direct_full_kd_gold_medium,434,S4-3_12,0
B6,direct_full_kd_gold_medium,435,E1-9_42,0
B6,direct_full_kd_gold_medium,436,S1-11_10,0
B6,direct_full_kd_gold_medium,437,S1-11_05,0
B6,direct_full_kd_gold_medium,438,S1-16_02,0
B6,direct_full_kd_gold_medium,439,G1-4_01,0
B6,direct_full_kd_gold_medium,440,S1-11_03,0
B6,direct_full_kd_gold_medium,441,S1-8_02,0
B6,direct_full_kd_gold_medium,442,E1-3_03,0
B6,direct_full_kd_gold_medium,443,S1-11_04,0
B6,direct_full_kd_gold_medium,444,SBM-1_04,0
B6,direct_full_kd_gold_medium,445,S1-6_12,0
B6,direct_full_kd_gold_medium,446,S1-8_01,0
B6,direct_full_kd_gold_medium,447,GOV-1_06,0
B6,direct_full_kd_gold_medium,448,S2-1_05,0
B6,direct_full_kd_gold_medium,449,E4-5_14,0
B6,direct_full_kd_gold_medium,450,S1-1_08,0
B6,direct_full_kd_gold_medium,451,E1-6_17,0
B6,direct_full_kd_gold_medium,452,S1-10_03,0
B6,direct_full_kd_gold_medium,453,S3-3_21,0
B6,direct_full_kd_gold_medium,454,E2-4_01,0
B6,direct_full_kd_gold_medium,455,S1-9_02,0
B6,direct_full_kd_gold_medium,456,S1-6_09,0
B6,direct_full_kd_gold_medium,457,E5-5_15,0
B6,direct_full_kd_gold_medium,458,E5-5_08,0
B6,direct_full_kd_gold_medium,459,SBM-1_03,0
B6,direct_full_kd_gold_medium,460,S1-17_01,0
B6,direct_full_kd_gold_medium,461,S1-14_05,0
B6,direct_full_kd_gold_medium,462,S1-7_02,0
B6,direct_full_kd_gold_medium,463,S1-9_01,0
B6,direct_full_kd_gold_medium,464,S1-17_05,0
B6,direct_full_kd_gold_medium,465,S1-14_04,0
B6,direct_full_kd_gold_medium,466,S1-14_06,0
B6,direct_full_kd_gold_medium,467,S1-17_02,0
B6,direct_full_kd_gold_medium,468,E1-5_01,0
B6,direct_full_kd_gold_medium,469,S1-7_01,0
B6,direct_full_kd_gold_medium,470,S1-14_08,0
B6,direct_full_kd_gold_medium,471,S1-13_01,0
B6,direct_full_kd_gold_medium,472,S1-6_05,0
B6,direct_full_kd_gold_medium,473,E1-5_07,0
B6,direct_full_kd_gold_medium,474,S1-6_18,0
B6,direct_full_kd_gold_medium,475,S1-6_10,0
B6,direct_full_kd_gold_medium,476,S1-6_20,0
B6,direct_full_kd_gold_medium,477,S1-15_02,0
B6,direct_full_kd_gold_medium,478,S1-14_03,0
B6,direct_full_kd_gold_medium,479,S1-6_19,0
B6,direct_full_kd_gold_medium,480,S1-6_02,0
B6,direct_full_kd_gold_medium,481,S1-6_06,0
B6,direct_full_kd_gold_medium,482,S1-16_05,0
B6,direct_full_kd_gold_medium,483,S1-16_04,0
B6,direct_full_kd_gold_medium,484,E1-5_14,0
B6,direct_full_kd_gold_medium,485,E5-5_07,0
B6,direct_full_kd_gold_medium,486,S1-15_01,0
B6,direct_full_kd_gold_medium,487,S1-9_03,0
B6,direct_full_kd_gold_medium,488,S1-10_04,0
B6,direct_full_kd_gold_medium,489,E5-5_16,0
B6,direct_full_kd_gold_medium,490,S1-16_01,0
B6,direct_full_kd_gold_medium,491,S1-9_05,0
B6,direct_full_kd_gold_medium,492,S1-6_03,0
B6,direct_full_kd_gold_medium,493,S1-14_02,0
B6,direct_full_kd_gold_medium,494,S1-14_07,0
B6,direct_full_kd_gold_medium,495,E5-4_05,0
B6,direct_full_kd_gold_medium,496,S1-15_03,0
B6,direct_full_kd_gold_medium,497,S1-9_04,0
B6,direct_full_kd_gold_medium,498,S1-14_09,0
B6,direct_full_kd_gold_medium,499,E1-5_11,0
B6,direct_full_kd_gold_medium,500,E2-4_02,0
B6,direct_full_kd_gold_medium,501,E1-5_08,0
B6,direct_full_kd_gold_medium,502,E3-4_05,0
B6,direct_full_kd_gold_medium,503,E1-5_06,0
B6,direct_full_kd_gold_medium,504,E3-4_01,0
B6,direct_full_kd_gold_medium,505,S1-14_12,0
B6,direct_full_kd_gold_medium,506,E1-5_10,0
B6,direct_full_kd_gold_medium,507,S1-13_04,0
B6,direct_full_kd_gold_medium,508,E3-4_12,0
B6,direct_full_kd_gold_medium,509,E3-4_11,0
B6,direct_full_kd_gold_medium,510,E1-5_03,0
B6,direct_full_kd_gold_medium,511,E1-5_13,0
B6,direct_full_kd_gold_medium,512,E1-5_12,0
B6,direct_full_kd_gold_medium,513,MDR-T_05,0
B6,direct_full_kd_gold_medium,514,E3-4_02,0
B6,direct_full_kd_gold_medium,515,E1-5_02,0
B6,direct_full_kd_gold_medium,516,E1-5_05,0
B6,direct_full_kd_gold_medium,517,S1-13_03,0
P1-E7,direct,1,G1-4_08,1
P1-E7,direct,2,G1-4_02,0
P1-E7,direct,3,G1-4_05,0
P1-E7,direct,4,G1.MDR-A_01-12,0
P1-E7,direct,5,S1-17_05,0
P1-E7,direct,6,S1-17_11,0
P1-E7,direct,7,S1-17_13,0
P1-E7,direct,8,G1-3_04,0
P1-E7,direct,9,G1-4_07,0
P1-E7,direct,10,G1-4_04,0
P1-E7,direct,11,G1-4_06,0
P1-E7,direct,12,GOV-2_02,0
P1-E7,direct,13,GOV-2_01,0
P1-E7,direct,14,G1-4_01,0
P1-E7,direct,15,S1-17_07,0
P1-E7,direct,16,GOV-1_08,0
P1-E7,direct,17,S1-4_02,0
P1-E7,direct,18,S1-3_07,0
P1-E7,direct,19,S1-3_05,0
P1-E7,direct,20,E2-4_17,0
P1-E7,direct,21,S1-3_01,0
P1-E7,direct,22,S3-4_05,0
P1-E7,direct,23,GOV-1_11,0
P1-E7,direct,24,S2-3_04,0
P1-E7,direct,25,S1-1_06,0
P1-E7,direct,26,S4-4_02,0
P1-E7,direct,27,S1-3_09,0
P1-E7,direct,28,S4-3_04,0
P1-E7,direct,29,GOV-1_12,0
P1-E7,direct,30,S3-4_02,0
P1-E7,direct,31,S2-1_04,0
P1-E7,direct,32,S1-5_06,0
P1-E7,direct,33,GOV-1_10,0
P1-E7,direct,34,S3-1_05,0
P1-E7,direct,35,MDR-A_04,0
P1-E7,direct,36,S1-4_10,0
P1-E7,direct,37,S1-4_20,0
P1-E7,direct,38,S4-3_08,0
P1-E7,direct,39,S4-1_05,0
P1-E7,direct,40,S2-4_02,0
P1-E7,direct,41,S2-4_05,0
P1-E7,direct,42,S2-4_11,0
P1-E7,direct,43,S2-4_18,0
P1-E7,direct,44,S1-17_03,0
P1-E7,direct,45,S2-3_06,0
P1-E7,direct,46,S3-4_07,0
P1-E7,direct,47,S4-3_06,0
P1-E7,direct,48,S3-3_10,0
P1-E7,direct,49,G1.GOV-1_02,0
P1-E7,direct,50,S3-4_06,0
P1-E7,direct,51,S3-4_19,0
P1-E7,direct,52,S3-4_01,0
P1-E7,direct,53,S4-4_18,0
P1-E7,direct,54,S2-3_11,0
P1-E7,direct,55,IRO-1_03,0
P1-E7,direct,56,S1-16_03,0
P1-E7,direct,57,S2-3_01,0
P1-E7,direct,58,MDR-P_07,0
P1-E7,direct,59,MDR-A_05,0
P1-E7,direct,60,S4-3_11,0
P1-E7,direct,61,S3-3_13,0
P1-E7,direct,62,S2-5_06,0
P1-E7,direct,63,S1-1_14,0
P1-E7,direct,64,MDR-P_05,0
P1-E7,direct,65,S3-4_10,0
P1-E7,direct,66,S1-1_21,0
P1-E7,direct,67,S1-4_09,0
P1-E7,direct,68,S4-5_06,0
P1-E7,direct,69,MDR-P_06,0
P1-E7,direct,70,S1-4_05,0
P1-E7,direct,71,S2-3_02,0
P1-E7,direct,72,S1-3_11,0
P1-E7,direct,73,S4-1_09,0
P1-E7,direct,74,E4-3_10,0
P1-E7,direct,75,S3-3_15,0
P1-E7,direct,76,S3-4_04,0
P1-E7,direct,77,G1.GOV-1_01,0
P1-E7,direct,78,S2-4_01,0
P1-E7,direct,79,S3-5_06,0
P1-E7,direct,80,S4-3_01,0
P1-E7,direct,81,S1-17_01,0
P1-E7,direct,82,S4-4_01,0
P1-E7,direct,83,S1-3_02,0
P1-E7,direct,84,S1-17_08,0
P1-E7,direct,85,S1-4_12,0
P1-E7,direct,86,S1-4_11,0
P1-E7,direct,87,S1-1_07,0
P1-E7,direct,88,S2-3_08,0
P1-E7,direct,89,S3-3_11,0
P1-E7,direct,90,S3-3_17,0
P1-E7,direct,91,S3.SBM-3_05,0
P1-E7,direct,92,S2-4_12,0
P1-E7,direct,93,S2-1_11,0
P1-E7,direct,94,S1-4_01,0
P1-E7,direct,95,S3-4_11,0
P1-E7,direct,96,G1-3_03,0
P1-E7,direct,97,S1.MDR-A_13-14,0
P1-E7,direct,98,IRO-1_04,0
P1-E7,direct,99,S3-1_09,0
P1-E7,direct,100,S2-4_06,0
P1-E7,direct,101,MDR-P_02,0
P1-E7,direct,102,S1-2_14,0
P1-E7,direct,103,S3-4_12,0
P1-E7,direct,104,S2-4_15,0
P1-E7,direct,105,BP-2_26,0
P1-E7,direct,106,S1.MDR-P_07-08,0
P1-E7,direct,107,SBM-3_11,0
P1-E7,direct,108,S3-3_14,0
P1-E7,direct,109,S1-3_10,0
P1-E7,direct,110,S4-4_11,0
P1-E7,direct,111,S3.MDR-P_07-08,0
P1-E7,direct,112,S4-4_07,0
P1-E7,direct,113,S4.MDR-P_07-08,0
P1-E7,direct,114,S3-2_01,0
P1-E7,direct,115,IRO-1_05,0
P1-E7,direct,116,S2-5_02,0
P1-E7,direct,117,S4-4_12,0
P1-E7,direct,118,GOV-3_02,0
P1-E7,direct,119,S2.MDR-P_07-08,0
P1-E7,direct,120,S3-1_06,0
P1-E7,direct,121,S2-4_07,0
P1-E7,direct,122,MDR-P_01,0
P1-E7,direct,123,E1.MDR-P_07-08,0
P1-E7,direct,124,S3-3_20,0
P1-E7,direct,125,E4.MDR-A_13-14,0
P1-E7,direct,126,S2-1_08,0
P1-E7,direct,127,S4.MDR-A_13-14,0
P1-E7,direct,128,MDR-P_03,0
P1-E7,direct,129,E4.MDR-P_07-08,0
P1-E7,direct,130,SBM-2_06,0
P1-E7,direct,131,S2-3_07,0
P1-E7,direct,132,E1.GOV-3_03,0
P1-E7,direct,133,S2.SBM-3_06,0
P1-E7,direct,134,S2.MDR-A_13-14,0
P1-E7,direct,135,SBM-3_07,0
P1-E7,direct,136,GOV-1_03,0
P1-E7,direct,137,S4-3_02,0
P1-E7,direct,138,MDR-A_13,0
P1-E7,direct,139,G1.MDR-A_13-14,0
P1-E7,direct,140,S1-17_02,0
P1-E7,direct,141,S1-3_06,0
P1-E7,direct,142,S2-3_05,0
P1-E7,direct,143,G1.MDR-P_07-08,0
P1-E7,direct,144,E2.MDR-A_13-14,0
P1-E7,direct,145,S3-1_01,0
P1-E7,direct,146,E3.MDR-P_07-08,0
P1-E7,direct,147,E2.MDR-P_07-08,0
P1-E7,direct,148,S1.SBM-3_04,0
P1-E7,direct,149,E3.MDR-A_13-14,0
P1-E7,direct,150,S2-3_03,0
P1-E7,direct,151,S4-4_05,0
P1-E7,direct,152,E2-4_10,0
P1-E7,direct,153,IRO-1_01,0
P1-E7,direct,154,E1.GOV-3_01,0
P1-E7,direct,155,S3.MDR-A_01-12,0
P1-E7,direct,156,SBM-3_04,0
P1-E7,direct,157,E1.MDR-A_13-14,0
P1-E7,direct,158,S3-2_08,0
P1-E7,direct,159,E5.MDR-P_07-08,0
P1-E7,direct,160,S3.MDR-A_13-14,0
P1-E7,direct,161,S2-5_03,0
P1-E7,direct,162,E5.MDR-A_13-14,0
P1-E7,direct,163,S4-3_03,0
P1-E7,direct,164,S3-4_13,0
P1-E7,direct,165,S1-6_16,0
P1-E7,direct,166,S2-4_04,0
P1-E7,direct,167,MDR-P_08,0
P1-E7,direct,168,GOV-1_04,0
P1-E7,direct,169,S3-4_03,0
P1-E7,direct,170,SBM-1_05,0
P1-E7,direct,171,S1-7_09,0
P1-E7,direct,172,S2-3_09,0
P1-E7,direct,173,S3-3_16,0
P1-E7,direct,174,MDR-A_14,0
P1-E7,direct,175,S1-14_06,0
P1-E7,direct,176,S1.MDR-A_01-12,0
P1-E7,direct,177,E4-1_09,0
P1-E7,direct,178,S1-3_08,0
P1-E7,direct,179,S1-14_05,0
P1-E7,direct,180,GOV-3_03,0
P1-E7,direct,181,S1-12_01,0
P1-E7,direct,182,S2-3_12,0
P1-E7,direct,183,S3-4_15,0
P1-E7,direct,184,S1-1_09,0
P1-E7,direct,185,E3.IRO-1_02,0
P1-E7,direct,186,S1-7_06,0
P1-E7,direct,187,S3-1_02,0
P1-E7,direct,188,S3-2_09,0
P1-E7,direct,189,S3-3_12,0
P1-E7,direct,190,S1-14_04,0
P1-E7,direct,191,MDR-A_01,0
P1-E7,direct,192,S4-4_06,0
P1-E7,direct,193,S2-2_02,0
P1-E7,direct,194,S1-2_10,0
P1-E7,direct,195,S4-4_04,0
P1-E7,direct,196,S3-2_06,0
P1-E7,direct,197,SBM-3_09,0
P1-E7,direct,198,MDR-A_15,0
P1-E7,direct,199,S1-11_07,0
P1-E7,direct,200,S4.SBM-3_05,0
P1-E7,direct,201,S4-3_05,0
P1-E7,direct,202,S3-2_02,0
P1-E7,direct,203,S1-6_13,0
P1-E7,direct,204,S3-3_18,0
P1-E7,direct,205,G1.MDR-P_01-06,0
P1-E7,direct,206,MDR-T_17,0
P1-E7,direct,207,S1-5_02,0
P1-E7,direct,208,S4-1_06,0
P1-E7,direct,209,S3-5_03,0
P1-E7,direct,210,S1-2_12,0
P1-E7,direct,211,MDR-A_06,0
P1-E7,direct,212,S3-2_05,0
P1-E7,direct,213,S1-14_08,0
P1-E7,direct,214,S1-1_10,0
P1-E7,direct,215,S1-5_03,0
P1-E7,direct,216,S2-4_03,0
P1-E7,direct,217,S3.SBM-3_04,0
P1-E7,direct,218,S3-5_02,0
P1-E7,direct,219,S1-3_04,0
P1-E7,direct,220,S1.SBM-3_03,0
P1-E7,direct,221,S1-11_09,0
P1-E7,direct,222,S4-3_13,0
P1-E7,direct,223,S4-1_01,0
P1-E7,direct,224,S2-1_03,0
P1-E7,direct,225,S2-2_07,0
P1-E7,direct,226,S4-3_07,0
P1-E7,direct,227,S4-2_09,0
P1-E7,direct,228,S4-3_09,0
P1-E7,direct,229,S1-1_01,0
P1-E7,direct,230,IRO-1_02,0
P1-E7,direct,231,IRO-1_06,0
P1-E7,direct,232,G1-5_11,0
P1-E7,direct,233,SBM-2_03,0
P1-E7,direct,234,S1-4_03,0
P1-E7,direct,235,S1-4_16,0
P1-E7,direct,236,S2.SBM-3_05,0
P1-E7,direct,237,SBM-3_08,0
P1-E7,direct,238,E3-4_06,0
P1-E7,direct,239,S1-2_03,0
P1-E7,direct,240,S1-4_04,0
P1-E7,direct,241,S1-4_13,0
P1-E7,direct,242,S2-2_09,0
P1-E7,direct,243,S3-1_04,0
P1-E7,direct,244,S4-1_02,0
P1-E7,direct,245,E2-3_09,0
P1-E7,direct,246,S1-6_08,0
P1-E7,direct,247,S2-2_08,0
P1-E7,direct,248,S2.MDR-A_01-12,0
P1-E7,direct,249,S2-2_06,0
P1-E7,direct,250,S2-2_01,0
P1-E7,direct,251,SBM-2_05,0
P1-E7,direct,252,SBM-1_08,0
P1-E7,direct,253,S4-2_03,0
P1-E7,direct,254,MDR-M_01,0
P1-E7,direct,255,S1-1_13,0
P1-E7,direct,256,S1-4_14,0
P1-E7,direct,257,S4.MDR-A_01-12,0
P1-E7,direct,258,E2.IRO-1_03,0
P1-E7,direct,259,MDR-P_09,0
P1-E7,direct,260,S4-2_07,0
P1-E7,direct,261,S3-2_03,0
P1-E7,direct,262,E4-5_06,0
P1-E7,direct,263,S2-1_06,0
P1-E7,direct,264,S2-1_01,0
P1-E7,direct,265,E1.MDR-T_01-13,0
P1-E7,direct,266,S1-1_12,0
P1-E7,direct,267,SBM-2_01,0
P1-E7,direct,268,S2-4_13,0
P1-E7,direct,269,SBM-2_04,0
P1-E7,direct,270,E4.MDR-T_01-13,0
P1-E7,direct,271,S2-2_03,0
P1-E7,direct,272,E1.MDR-T_14-19,0
P1-E7,direct,273,E5.IRO-1_01,0
P1-E7,direct,274,S1-2_09,0
P1-E7,direct,275,S1-2_08,0
P1-E7,direct,276,E5-5_03,0
P1-E7,direct,277,S4-5_02,0
P1-E7,direct,278,S1-2_01,0
P1-E7,direct,279,S4-4_03,0
P1-E7,direct,280,S4-4_13,0
P1-E7,direct,281,G1-1_10,0
P1-E7,direct,282,GOV-1_16,0
P1-E7,direct,283,E5.MDR-T_01-13,0
P1-E7,direct,284,S1-11_11,0
P1-E7,direct,285,S1-2_07,0
P1-E7,direct,286,E2.MDR-T_01-13,0
P1-E7,direct,287,S1-6_07,0
P1-E7,direct,288,SBM-2_12,0
P1-E7,direct,289,GOV-3_04,0
P1-E7,direct,290,SBM-3_02,0
P1-E7,direct,291,E5-2_05,0
P1-E7,direct,292,E3-2_02,0
P1-E7,direct,293,E3.MDR-T_01-13,0
P1-E7,direct,294,S1.MDR-T_14-19,0
P1-E7,direct,295,S4-4_15,0
P1-E7,direct,296,S4-2_01,0
P1-E7,direct,297,E3.IRO-1_01,0
P1-E7,direct,298,S3.MDR-T_01-13,0
P1-E7,direct,299,GOV-3_01,0
P1-E7,direct,300,MDR-T_21,0
P1-E7,direct,301,S1-14_07,0
P1-E7,direct,302,E2.MDR-A_01-12,0
P1-E7,direct,303,S1-1_03,0
P1-E7,direct,304,MDR-T_14,0
P1-E7,direct,305,S1-14_03,0
P1-E7,direct,306,E3-3_08,0
P1-E7,direct,307,E2.MDR-T_14-19,0
P1-E7,direct,308,S1-1_05,0
P1-E7,direct,309,S3-3_21,0
P1-E7,direct,310,IRO-1_14,0
P1-E7,direct,311,E4.MDR-T_14-19,0
P1-E7,direct,312,SBM-3_01,0
P1-E7,direct,313,S1-7_10,0
P1-E7,direct,314,S4.SBM-3_04,0
P1-E7,direct,315,S2.MDR-T_14-19,0
P1-E7,direct,316,S4-2_08,0
P1-E7,direct,317,S1-14_09,0
P1-E7,direct,318,E4-2_01,0
P1-E7,direct,319,GOV-1_17,0
P1-E7,direct,320,E5.MDR-T_14-19,0
P1-E7,direct,321,E4-5_07,0
P1-E7,direct,322,BP-2_25,0
P1-E7,direct,323,S4.MDR-T_14-19,0
P1-E7,direct,324,S1-1_08,0
P1-E7,direct,325,E3.MDR-T_14-19,0
P1-E7,direct,326,S4-5_03,0
P1-E7,direct,327,S1-7_05,0
P1-E7,direct,328,S1-2_06,0
P1-E7,direct,329,E2-4_01,0
P1-E7,direct,330,S3.MDR-T_14-19,0
P1-E7,direct,331,BP-2_23,0
P1-E7,direct,332,MDR-T_09,0
P1-E7,direct,333,S4-3_12,0
P1-E7,direct,334,MDR-T_16,0
P1-E7,direct,335,S1-2_02,0
P1-E7,direct,336,S1-11_10,0
P1-E7,direct,337,SBM-2_02,0
P1-E7,direct,338,S1-8_04,0
P1-E7,direct,339,S1-11_06,0
P1-E7,direct,340,S1-2_11,0
P1-E7,direct,341,E2-4_09,0
P1-E7,direct,342,S4-2_02,0
P1-E7,direct,343,MDR-T_13,0
P1-E7,direct,344,SBM-1_23,0
P1-E7,direct,345,E4-5_18,0
P1-E7,direct,346,E5-5_17,0
P1-E7,direct,347,SBM-1_28,0
P1-E7,direct,348,S2-1_05,0
P1-E7,direct,349,S3-4_17,0
P1-E7,direct,350,BP-2_21,0
P1-E7,direct,351,E2-4_15,0
P1-E7,direct,352,E1-6_26,0
P1-E7,direct,353,S4-2_06,0
P1-E7,direct,354,SBM-1_02,0
P1-E7,direct,355,E5.MDR-A_01-12,0
P1-E7,direct,356,E5-2_08,0
P1-E7,direct,357,S1.MDR-T_01-13,0
P1-E7,direct,358,E4-3_01,0
P1-E7,direct,359,S1-10_01,0
P1-E7,direct,360,E4-5_14,0
P1-E7,direct,361,S1-8_08,0
P1-E7,direct,362,E2-3_06,0
P1-E7,direct,363,MDR-T_04,0
P1-E7,direct,364,S1-14_12,0
P1-E7,direct,365,E4-3_15,0
P1-E7,direct,366,S4-1_04,0
P1-E7,direct,367,S1-11_01,0
P1-E7,direct,368,E2-2_01,0
P1-E7,direct,369,E4.IRO-1_15,0
P1-E7,direct,370,S1-14_02,0
P1-E7,direct,371,S1-7_08,0
P1-E7,direct,372,SBM-1_25,0
P1-E7,direct,373,SBM-1_01,0
P1-E7,direct,374,E5-5_18,0
P1-E7,direct,375,GOV-1_02,0
P1-E7,direct,376,E3-2_01,0
P1-E7,direct,377,E3.MDR-A_01-12,0
P1-E7,direct,378,E2-3_05,0
P1-E7,direct,379,S2.MDR-T_01-13,0
P1-E7,direct,380,S1-6_15,0
P1-E7,direct,381,BP-2_27,0
P1-E7,direct,382,S4.MDR-T_01-13,0
P1-E7,direct,383,E4-3_14,0
P1-E7,direct,384,SBM-1_07,0
P1-E7,direct,385,BP-1_04,0
P1-E7,direct,386,E4-1_11,0
P1-E7,direct,387,GOV-1_07,0
P1-E7,direct,388,S1-6_14,0
P1-E7,direct,389,GOV-1_01,0
P1-E7,direct,390,E4-5_09,0
P1-E7,direct,391,S1-11_03,0
P1-E7,direct,392,SBM-1_17,0
P1-E7,direct,393,E4-2_02,0
P1-E7,direct,394,E5-5_09,0
P1-E7,direct,395,E3-3_04,0
P1-E7,direct,396,E5-2_06,0
P1-E7,direct,397,S4-2_05,0
P1-E7,direct,398,E1-6_27,0
P1-E7,direct,399,BP-2_22,0
P1-E7,direct,400,E1-4_01,0
P1-E7,direct,401,E5-2_07,0
P1-E7,direct,402,E1-4_06,0
P1-E7,direct,403,GOV-1_05,0
P1-E7,direct,404,MDR-T_18,0
P1-E7,direct,405,E1-6_04,0
P1-E7,direct,406,S1-6_12,0
P1-E7,direct,407,BP-1_02,0
P1-E7,direct,408,MDR-T_20,0
P1-E7,direct,409,S1-7_07,0
P1-E7,direct,410,S1-6_04,0
P1-E7,direct,411,SBM-1_06,0
P1-E7,direct,412,E1-4_15,0
P1-E7,direct,413,S1-11_04,0
P1-E7,direct,414,E4.MDR-A_01-12,0
P1-E7,direct,415,E3-4_05,0
P1-E7,direct,416,E5-5_08,0
P1-E7,direct,417,S1-10_02,0
P1-E7,direct,418,SBM-1_09,0
P1-E7,direct,419,E1-6_11,0
P1-E7,direct,420,S1-11_05,0
P1-E7,direct,421,S1-6_01,0
P1-E7,direct,422,MDR-T_10,0
P1-E7,direct,423,E1-4_09,0
P1-E7,direct,424,GOV-1_06,0
P1-E7,direct,425,E5-5_15,0
P1-E7,direct,426,S1-10_03,0
P1-E7,direct,427,MDR-T_07,0
P1-E7,direct,428,E1-6_07,0
P1-E7,direct,429,E1.SBM-3_01,0
P1-E7,direct,430,S1-13_02,0
P1-E7,direct,431,S1-6_11,0
P1-E7,direct,432,S1-16_01,0
P1-E7,direct,433,S1-10_04,0
P1-E7,direct,434,S1-7_03,0
P1-E7,direct,435,S1-9_03,0
P1-E7,direct,436,E1-6_01,0
P1-E7,direct,437,S1-13_06,0
P1-E7,direct,438,S1-1_22,0
P1-E7,direct,439,SBM-1_15,0
P1-E7,direct,440,E5-2_02,0
P1-E7,direct,441,E1-4_12,0
P1-E7,direct,442,S1-13_05,0
P1-E7,direct,443,S1-9_05,0
P1-E7,direct,444,E5-2_03,0
P1-E7,direct,445,MDR-T_02,0
P1-E7,direct,446,S1-6_18,0
P1-E7,direct,447,E1-9_41,0
P1-E7,direct,448,E4-5_08,0
P1-E7,direct,449,E1.MDR-A_01-12,0
P1-E7,direct,450,G1-2_02,0
P1-E7,direct,451,E1-2_01,0
P1-E7,direct,452,E3-4_12,0
P1-E7,direct,453,S1-16_04,0
P1-E7,direct,454,BP-1_01,0
P1-E7,direct,455,E1-6_28,0
P1-E7,direct,456,E1-4_25,0
P1-E7,direct,457,E1-6_31,0
P1-E7,direct,458,S1-15_02,0
P1-E7,direct,459,S1-9_04,0
P1-E7,direct,460,E1-4_03,0
P1-E7,direct,461,E1-6_30,0
P1-E7,direct,462,S1-6_09,0
P1-E7,direct,463,S1-8_01,0
P1-E7,direct,464,E1-9_01,0
P1-E7,direct,465,S1-15_01,0
P1-E7,direct,466,E1-9_02,0
P1-E7,direct,467,E3-4_11,0
P1-E7,direct,468,SBM-1_21,0
P1-E7,direct,469,S1-8_03,0
P1-E7,direct,470,S1-16_02,0
P1-E7,direct,471,BP-2_24,0
P1-E7,direct,472,E2-4_02,0
P1-E7,direct,473,E5-5_16,0
P1-E7,direct,474,E3-4_02,0
P1-E7,direct,475,E1-6_17,0
P1-E7,direct,476,S1-6_10,0
P1-E7,direct,477,S1-6_06,0
P1-E7,direct,478,S1-6_03,0
P1-E7,direct,479,E1-9_03,0
P1-E7,direct,480,SBM-1_19,0
P1-E7,direct,481,S1-9_02,0
P1-E7,direct,482,S1-6_02,0
P1-E7,direct,483,E1-9_14,0
P1-E7,direct,484,S1-16_05,0
P1-E7,direct,485,S1-7_02,0
P1-E7,direct,486,S1-7_01,0
P1-E7,direct,487,S1-13_01,0
P1-E7,direct,488,E3-4_01,0
P1-E7,direct,489,S1-15_03,0
P1-E7,direct,490,E1-9_42,0
P1-E7,direct,491,SBM-1_04,0
P1-E7,direct,492,S1-9_01,0
P1-E7,direct,493,S1-6_05,0
P1-E7,direct,494,E1-5_14,0
P1-E7,direct,495,E1-5_07,0
P1-E7,direct,496,E5-4_05,0
P1-E7,direct,497,SBM-1_03,0
P1-E7,direct,498,S1-8_02,0
P1-E7,direct,499,S1-6_19,0
P1-E7,direct,500,S1-6_20,0
P1-E7,direct,501,E1-5_18,0
P1-E7,direct,502,S1-13_04,0
P1-E7,direct,503,E1-5_10,0
P1-E7,direct,504,E1-3_03,0
P1-E7,direct,505,S1-13_03,0
P1-E7,direct,506,MDR-T_05,0
P1-E7,direct,507,E5-5_07,0
P1-E7,direct,508,E1-5_11,0
P1-E7,direct,509,E1-5_01,0
P1-E7,direct,510,E1-4_22,0
P1-E7,direct,511,E1-5_12,0
P1-E7,direct,512,E1-5_06,0
P1-E7,direct,513,E1-5_13,0
P1-E7,direct,514,E1-5_05,0
P1-E7,direct,515,E1-5_02,0
P1-E7,direct,516,E1-5_03,0
P1-E7,direct,517,E1-5_08,0
P1-E7,symbolic_multihop,1,G1-4_08,1
P1-E7,symbolic_multihop,2,G1-4_05,0
P1-E7,symbolic_multihop,3,G1-4_07,0
P1-E7,symbolic_multihop,4,G1-4_04,0
P1-E7,symbolic_multihop,5,G1-4_06,0
P1-E7,multihop_cross_encoder,1,G1-4_08,1
P1-E7,multihop_cross_encoder,2,G1-4_07,0
P1-E7,multihop_cross_encoder,3,G1-4_06,0
P1-E7,multihop_cross_encoder,4,G1-4_04,0
P1-E7,multihop_cross_encoder,5,G1-4_05,0
P1-E7,multihop_kd_gold,1,G1-4_08,1
P1-E7,multihop_kd_gold,2,G1-4_05,0
P1-E7,multihop_kd_gold,3,G1-4_04,0
P1-E7,multihop_kd_gold,4,G1-4_07,0
P1-E7,multihop_kd_gold,5,G1-4_06,0
P1-E7,multihop_kd_gold_medium,1,G1-4_08,1
P1-E7,multihop_kd_gold_medium,2,G1-4_05,0
P1-E7,multihop_kd_gold_medium,3,G1-4_04,0
P1-E7,multihop_kd_gold_medium,4,G1-4_07,0
P1-E7,multihop_kd_gold_medium,5,G1-4_06,0
P1-E7,direct_full_cross_encoder,1,S3-4_01,0
P1-E7,direct_full_cross_encoder,2,S1-4_01,0
P1-E7,direct_full_cross_encoder,3,S4-4_01,0
P1-E7,direct_full_cross_encoder,4,BP-2_26,0
P1-E7,direct_full_cross_encoder,5,MDR-A_04,0
P1-E7,direct_full_cross_encoder,6,S1-17_13,0
P1-E7,direct_full_cross_encoder,7,S2-4_01,0
P1-E7,direct_full_cross_encoder,8,S1-4_02,0
P1-E7,direct_full_cross_encoder,9,S4-4_02,0
P1-E7,direct_full_cross_encoder,10,S1-17_05,0
P1-E7,direct_full_cross_encoder,11,S1-17_11,0
P1-E7,direct_full_cross_encoder,12,E2-4_17,0
P1-E7,direct_full_cross_encoder,13,S3-4_02,0
P1-E7,direct_full_cross_encoder,14,G1-4_08,1
P1-E7,direct_full_cross_encoder,15,S3-4_06,0
P1-E7,direct_full_cross_encoder,16,MDR-A_05,0
P1-E7,direct_full_cross_encoder,17,E5-2_05,0
P1-E7,direct_full_cross_encoder,18,G1-4_02,0
P1-E7,direct_full_cross_encoder,19,S4-4_06,0
P1-E7,direct_full_cross_encoder,20,MDR-A_01,0
P1-E7,direct_full_cross_encoder,21,G1.MDR-A_01-12,0
P1-E7,direct_full_cross_encoder,22,S3-4_05,0
P1-E7,direct_full_cross_encoder,23,S3.MDR-A_01-12,0
P1-E7,direct_full_cross_encoder,24,MDR-A_14,0
P1-E7,direct_full_cross_encoder,25,E4-3_14,0
P1-E7,direct_full_cross_encoder,26,GOV-2_01,0
P1-E7,direct_full_cross_encoder,27,S4.MDR-A_01-12,0
P1-E7,direct_full_cross_encoder,28,S1-4_13,0
P1-E7,direct_full_cross_encoder,29,S1.MDR-A_01-12,0
P1-E7,direct_full_cross_encoder,30,S3-4_19,0
P1-E7,direct_full_cross_encoder,31,S1-4_20,0
P1-E7,direct_full_cross_encoder,32,G1-3_03,0
P1-E7,direct_full_cross_encoder,33,S4-4_18,0
P1-E7,direct_full_cross_encoder,34,S2-4_18,0
P1-E7,direct_full_cross_encoder,35,S2-4_02,0
P1-E7,direct_full_cross_encoder,36,S1-5_06,0
P1-E7,direct_full_cross_encoder,37,E1.MDR-A_13-14,0
P1-E7,direct_full_cross_encoder,38,S2-5_06,0
P1-E7,direct_full_cross_encoder,39,S3-3_13,0
P1-E7,direct_full_cross_encoder,40,S1.MDR-A_13-14,0
P1-E7,direct_full_cross_encoder,41,G1.MDR-A_13-14,0
P1-E7,direct_full_cross_encoder,42,S1-3_07,0
P1-E7,direct_full_cross_encoder,43,E3.MDR-A_13-14,0
P1-E7,direct_full_cross_encoder,44,S3.MDR-A_13-14,0
P1-E7,direct_full_cross_encoder,45,S3-5_06,0
P1-E7,direct_full_cross_encoder,46,S4-4_05,0
P1-E7,direct_full_cross_encoder,47,E2.MDR-A_13-14,0
P1-E7,direct_full_cross_encoder,48,S1-4_12,0
P1-E7,direct_full_cross_encoder,49,E4.MDR-A_13-14,0
P1-E7,direct_full_cross_encoder,50,S2.MDR-A_13-14,0
P1-E7,direct_full_cross_encoder,51,S4-5_06,0
P1-E7,direct_full_cross_encoder,52,E5.MDR-A_13-14,0
P1-E7,direct_full_cross_encoder,53,S4.MDR-A_13-14,0
P1-E7,direct_full_cross_encoder,54,S1-1_12,0
P1-E7,direct_full_cross_encoder,55,S1-3_09,0
P1-E7,direct_full_cross_encoder,56,MDR-P_01,0
P1-E7,direct_full_cross_encoder,57,S2-3_04,0
P1-E7,direct_full_cross_encoder,58,MDR-P_08,0
P1-E7,direct_full_cross_encoder,59,S4-3_04,0
P1-E7,direct_full_cross_encoder,60,S1-17_07,0
P1-E7,direct_full_cross_encoder,61,S1-4_05,0
P1-E7,direct_full_cross_encoder,62,S1-1_21,0
P1-E7,direct_full_cross_encoder,63,S1-6_18,0
P1-E7,direct_full_cross_encoder,64,E1.MDR-T_14-19,0
P1-E7,direct_full_cross_encoder,65,S1-3_06,0
P1-E7,direct_full_cross_encoder,66,S4-3_06,0
P1-E7,direct_full_cross_encoder,67,S2-3_06,0
P1-E7,direct_full_cross_encoder,68,S3-3_15,0
P1-E7,direct_full_cross_encoder,69,S3-3_12,0
P1-E7,direct_full_cross_encoder,70,S1-3_05,0
P1-E7,direct_full_cross_encoder,71,S3-3_11,0
P1-E7,direct_full_cross_encoder,72,S1-4_11,0
P1-E7,direct_full_cross_encoder,73,S3-2_05,0
P1-E7,direct_full_cross_encoder,74,S3-3_10,0
P1-E7,direct_full_cross_encoder,75,S4-3_03,0
P1-E7,direct_full_cross_encoder,76,SBM-1_17,0
P1-E7,direct_full_cross_encoder,77,S2-3_03,0
P1-E7,direct_full_cross_encoder,78,SBM-2_02,0
P1-E7,direct_full_cross_encoder,79,E4-3_15,0
P1-E7,direct_full_cross_encoder,80,E1.MDR-T_01-13,0
P1-E7,direct_full_cross_encoder,81,G1-4_07,0
P1-E7,direct_full_cross_encoder,82,S3-3_16,0
P1-E7,direct_full_cross_encoder,83,S1-2_14,0
P1-E7,direct_full_cross_encoder,84,S2-4_06,0
P1-E7,direct_full_cross_encoder,85,E2.MDR-T_01-13,0
P1-E7,direct_full_cross_encoder,86,S4-3_01,0
P1-E7,direct_full_cross_encoder,87,MDR-A_13,0
P1-E7,direct_full_cross_encoder,88,E3.MDR-T_01-13,0
P1-E7,direct_full_cross_encoder,89,S4-2_06,0
P1-E7,direct_full_cross_encoder,90,E4.MDR-T_01-13,0
P1-E7,direct_full_cross_encoder,91,E4-3_10,0
P1-E7,direct_full_cross_encoder,92,E5.MDR-T_01-13,0
P1-E7,direct_full_cross_encoder,93,S1.MDR-T_14-19,0
P1-E7,direct_full_cross_encoder,94,S1-4_10,0
P1-E7,direct_full_cross_encoder,95,MDR-T_16,0
P1-E7,direct_full_cross_encoder,96,E5-2_07,0
P1-E7,direct_full_cross_encoder,97,S1-3_02,0
P1-E7,direct_full_cross_encoder,98,S3.MDR-T_14-19,0
P1-E7,direct_full_cross_encoder,99,E3.MDR-T_14-19,0
P1-E7,direct_full_cross_encoder,100,S2.MDR-T_14-19,0
P1-E7,direct_full_cross_encoder,101,E4.MDR-T_14-19,0
P1-E7,direct_full_cross_encoder,102,GOV-1_12,0
P1-E7,direct_full_cross_encoder,103,S4.MDR-T_14-19,0
P1-E7,direct_full_cross_encoder,104,S4-3_02,0
P1-E7,direct_full_cross_encoder,105,S1-3_10,0
P1-E7,direct_full_cross_encoder,106,E2.MDR-T_14-19,0
P1-E7,direct_full_cross_encoder,107,E5.MDR-T_14-19,0
P1-E7,direct_full_cross_encoder,108,MDR-T_17,0
P1-E7,direct_full_cross_encoder,109,S3-2_08,0
P1-E7,direct_full_cross_encoder,110,S2-3_07,0
P1-E7,direct_full_cross_encoder,111,BP-2_21,0
P1-E7,direct_full_cross_encoder,112,S3-3_17,0
P1-E7,direct_full_cross_encoder,113,S1-2_07,0
P1-E7,direct_full_cross_encoder,114,S2-1_06,0
P1-E7,direct_full_cross_encoder,115,E5.MDR-A_01-12,0
P1-E7,direct_full_cross_encoder,116,S1-6_16,0
P1-E7,direct_full_cross_encoder,117,S3-1_04,0
P1-E7,direct_full_cross_encoder,118,S3-2_06,0
P1-E7,direct_full_cross_encoder,119,S3-4_12,0
P1-E7,direct_full_cross_encoder,120,S1-4_03,0
P1-E7,direct_full_cross_encoder,121,S1-3_11,0
P1-E7,direct_full_cross_encoder,122,S1-1_10,0
P1-E7,direct_full_cross_encoder,123,S2-4_12,0
P1-E7,direct_full_cross_encoder,124,MDR-A_15,0
P1-E7,direct_full_cross_encoder,125,MDR-A_06,0
P1-E7,direct_full_cross_encoder,126,S3-1_06,0
P1-E7,direct_full_cross_encoder,127,S1-4_09,0
P1-E7,direct_full_cross_encoder,128,S4-4_12,0
P1-E7,direct_full_cross_encoder,129,S1-1_07,0
P1-E7,direct_full_cross_encoder,130,S3-4_04,0
P1-E7,direct_full_cross_encoder,131,S4-3_08,0
P1-E7,direct_full_cross_encoder,132,E1.MDR-P_07-08,0
P1-E7,direct_full_cross_encoder,133,S2-3_08,0
P1-E7,direct_full_cross_encoder,134,S3-5_03,0
P1-E7,direct_full_cross_encoder,135,S2-1_08,0
P1-E7,direct_full_cross_encoder,136,S3-4_07,0
P1-E7,direct_full_cross_encoder,137,IRO-1_05,0
P1-E7,direct_full_cross_encoder,138,S1.MDR-P_07-08,0
P1-E7,direct_full_cross_encoder,139,E2.MDR-P_07-08,0
P1-E7,direct_full_cross_encoder,140,S3.MDR-P_07-08,0
P1-E7,direct_full_cross_encoder,141,E3.MDR-P_07-08,0
P1-E7,direct_full_cross_encoder,142,E4.MDR-P_07-08,0
P1-E7,direct_full_cross_encoder,143,G1.MDR-P_07-08,0
P1-E7,direct_full_cross_encoder,144,S2.MDR-P_07-08,0
P1-E7,direct_full_cross_encoder,145,E4-1_09,0
P1-E7,direct_full_cross_encoder,146,S4.MDR-P_07-08,0
P1-E7,direct_full_cross_encoder,147,S2-4_05,0
P1-E7,direct_full_cross_encoder,148,S3-3_20,0
P1-E7,direct_full_cross_encoder,149,E5.MDR-P_07-08,0
P1-E7,direct_full_cross_encoder,150,G1-3_04,0
P1-E7,direct_full_cross_encoder,151,E5-5_03,0
P1-E7,direct_full_cross_encoder,152,SBM-3_11,0
P1-E7,direct_full_cross_encoder,153,S1-17_03,0
P1-E7,direct_full_cross_encoder,154,S1-3_01,0
P1-E7,direct_full_cross_encoder,155,S4-1_04,0
P1-E7,direct_full_cross_encoder,156,MDR-P_05,0
P1-E7,direct_full_cross_encoder,157,S4-4_11,0
P1-E7,direct_full_cross_encoder,158,S4-4_04,0
P1-E7,direct_full_cross_encoder,159,E1.MDR-A_01-12,0
P1-E7,direct_full_cross_encoder,160,GOV-1_08,0
P1-E7,direct_full_cross_encoder,161,S4-3_11,0
P1-E7,direct_full_cross_encoder,162,SBM-3_01,0
P1-E7,direct_full_cross_encoder,163,S2-3_11,0
P1-E7,direct_full_cross_encoder,164,MDR-P_02,0
P1-E7,direct_full_cross_encoder,165,S4-3_07,0
P1-E7,direct_full_cross_encoder,166,G1.MDR-P_01-06,0
P1-E7,direct_full_cross_encoder,167,S1-6_11,0
P1-E7,direct_full_cross_encoder,168,E4-5_18,0
P1-E7,direct_full_cross_encoder,169,S3-2_09,0
P1-E7,direct_full_cross_encoder,170,S1-2_10,0
P1-E7,direct_full_cross_encoder,171,S4-2_07,0
P1-E7,direct_full_cross_encoder,172,MDR-T_05,0
P1-E7,direct_full_cross_encoder,173,S3-4_11,0
P1-E7,direct_full_cross_encoder,174,SBM-2_03,0
P1-E7,direct_full_cross_encoder,175,S1-1_05,0
P1-E7,direct_full_cross_encoder,176,S1-4_04,0
P1-E7,direct_full_cross_encoder,177,S3.MDR-T_01-13,0
P1-E7,direct_full_cross_encoder,178,S1-2_08,0
P1-E7,direct_full_cross_encoder,179,S1-1_13,0
P1-E7,direct_full_cross_encoder,180,S2-4_11,0
P1-E7,direct_full_cross_encoder,181,S1.SBM-3_03,0
P1-E7,direct_full_cross_encoder,182,G1-4_06,0
P1-E7,direct_full_cross_encoder,183,S1-16_03,0
P1-E7,direct_full_cross_encoder,184,S4-4_07,0
P1-E7,direct_full_cross_encoder,185,E2.MDR-A_01-12,0
P1-E7,direct_full_cross_encoder,186,MDR-P_07,0
P1-E7,direct_full_cross_encoder,187,S4-2_08,0
P1-E7,direct_full_cross_encoder,188,E1-9_14,0
P1-E7,direct_full_cross_encoder,189,MDR-T_04,0
P1-E7,direct_full_cross_encoder,190,S4-5_03,0
P1-E7,direct_full_cross_encoder,191,G1-1_10,0
P1-E7,direct_full_cross_encoder,192,S1-7_10,0
P1-E7,direct_full_cross_encoder,193,S3-1_09,0
P1-E7,direct_full_cross_encoder,194,S1-1_14,0
P1-E7,direct_full_cross_encoder,195,S2.MDR-A_01-12,0
P1-E7,direct_full_cross_encoder,196,S4-1_09,0
P1-E7,direct_full_cross_encoder,197,G1-4_04,0
P1-E7,direct_full_cross_encoder,198,S4-1_06,0
P1-E7,direct_full_cross_encoder,199,SBM-3_02,0
P1-E7,direct_full_cross_encoder,200,MDR-T_07,0
P1-E7,direct_full_cross_encoder,201,S1-7_09,0
P1-E7,direct_full_cross_encoder,202,S4.SBM-3_04,0
P1-E7,direct_full_cross_encoder,203,MDR-T_21,0
P1-E7,direct_full_cross_encoder,204,S3.SBM-3_04,0
P1-E7,direct_full_cross_encoder,205,S1-1_06,0
P1-E7,direct_full_cross_encoder,206,S2-1_11,0
P1-E7,direct_full_cross_encoder,207,S1-2_02,0
P1-E7,direct_full_cross_encoder,208,S3-1_05,0
P1-E7,direct_full_cross_encoder,209,GOV-1_02,0
P1-E7,direct_full_cross_encoder,210,E2-2_01,0
P1-E7,direct_full_cross_encoder,211,S4-1_05,0
P1-E7,direct_full_cross_encoder,212,G1.GOV-1_01,0
P1-E7,direct_full_cross_encoder,213,S3-4_03,0
P1-E7,direct_full_cross_encoder,214,S4.MDR-T_01-13,0
P1-E7,direct_full_cross_encoder,215,MDR-T_02,0
P1-E7,direct_full_cross_encoder,216,S4-1_01,0
P1-E7,direct_full_cross_encoder,217,MDR-P_06,0
P1-E7,direct_full_cross_encoder,218,S4-3_13,0
P1-E7,direct_full_cross_encoder,219,S2-1_04,0
P1-E7,direct_full_cross_encoder,220,S1-2_09,0
P1-E7,direct_full_cross_encoder,221,S1-2_11,0
P1-E7,direct_full_cross_encoder,222,S1-17_08,0
P1-E7,direct_full_cross_encoder,223,G1-4_01,0
P1-E7,direct_full_cross_encoder,224,IRO-1_01,0
P1-E7,direct_full_cross_encoder,225,S2.SBM-3_05,0
P1-E7,direct_full_cross_encoder,226,S3-3_18,0
P1-E7,direct_full_cross_encoder,227,G1.GOV-1_02,0
P1-E7,direct_full_cross_encoder,228,S3-5_02,0
P1-E7,direct_full_cross_encoder,229,SBM-2_12,0
P1-E7,direct_full_cross_encoder,230,S4-3_09,0
P1-E7,direct_full_cross_encoder,231,E4-1_11,0
P1-E7,direct_full_cross_encoder,232,S3-3_14,0
P1-E7,direct_full_cross_encoder,233,MDR-T_14,0
P1-E7,direct_full_cross_encoder,234,E4-5_09,0
P1-E7,direct_full_cross_encoder,235,SBM-1_03,0
P1-E7,direct_full_cross_encoder,236,S4-2_01,0
P1-E7,direct_full_cross_encoder,237,S1.MDR-T_01-13,0
P1-E7,direct_full_cross_encoder,238,S1-17_01,0
P1-E7,direct_full_cross_encoder,239,S2-3_01,0
P1-E7,direct_full_cross_encoder,240,S1-17_02,0
P1-E7,direct_full_cross_encoder,241,S4-4_03,0
P1-E7,direct_full_cross_encoder,242,E1-4_25,0
P1-E7,direct_full_cross_encoder,243,S3-2_01,0
P1-E7,direct_full_cross_encoder,244,E3.IRO-1_02,0
P1-E7,direct_full_cross_encoder,245,GOV-1_01,0
P1-E7,direct_full_cross_encoder,246,E3-2_02,0
P1-E7,direct_full_cross_encoder,247,SBM-1_15,0
P1-E7,direct_full_cross_encoder,248,S4-1_02,0
P1-E7,direct_full_cross_encoder,249,S1-6_02,0
P1-E7,direct_full_cross_encoder,250,E1-9_41,0
P1-E7,direct_full_cross_encoder,251,E2.IRO-1_03,0
P1-E7,direct_full_cross_encoder,252,SBM-1_06,0
P1-E7,direct_full_cross_encoder,253,E3.MDR-A_01-12,0
P1-E7,direct_full_cross_encoder,254,S1-1_01,0
P1-E7,direct_full_cross_encoder,255,SBM-1_04,0
P1-E7,direct_full_cross_encoder,256,G1-4_05,0
P1-E7,direct_full_cross_encoder,257,S1-1_09,0
P1-E7,direct_full_cross_encoder,258,SBM-3_09,0
P1-E7,direct_full_cross_encoder,259,S3-1_01,0
P1-E7,direct_full_cross_encoder,260,MDR-T_13,0
P1-E7,direct_full_cross_encoder,261,S1-6_15,0
P1-E7,direct_full_cross_encoder,262,S1-5_03,0
P1-E7,direct_full_cross_encoder,263,E4.MDR-A_01-12,0
P1-E7,direct_full_cross_encoder,264,GOV-1_04,0
P1-E7,direct_full_cross_encoder,265,E5-2_03,0
P1-E7,direct_full_cross_encoder,266,S1-2_06,0
P1-E7,direct_full_cross_encoder,267,S3-4_10,0
P1-E7,direct_full_cross_encoder,268,SBM-1_07,0
P1-E7,direct_full_cross_encoder,269,E1-9_03,0
P1-E7,direct_full_cross_encoder,270,S3-1_02,0
P1-E7,direct_full_cross_encoder,271,S1-7_08,0
P1-E7,direct_full_cross_encoder,272,S1-7_06,0
P1-E7,direct_full_cross_encoder,273,IRO-1_03,0
P1-E7,direct_full_cross_encoder,274,SBM-2_01,0
P1-E7,direct_full_cross_encoder,275,E1-9_01,0
P1-E7,direct_full_cross_encoder,276,E4-5_06,0
P1-E7,direct_full_cross_encoder,277,E1-9_02,0
P1-E7,direct_full_cross_encoder,278,SBM-2_06,0
P1-E7,direct_full_cross_encoder,279,S1-1_03,0
P1-E7,direct_full_cross_encoder,280,BP-1_01,0
P1-E7,direct_full_cross_encoder,281,SBM-3_07,0
P1-E7,direct_full_cross_encoder,282,S3-3_21,0
P1-E7,direct_full_cross_encoder,283,S1-6_13,0
P1-E7,direct_full_cross_encoder,284,SBM-1_01,0
P1-E7,direct_full_cross_encoder,285,S4-3_05,0
P1-E7,direct_full_cross_encoder,286,SBM-2_05,0
P1-E7,direct_full_cross_encoder,287,MDR-T_10,0
P1-E7,direct_full_cross_encoder,288,S4-2_05,0
P1-E7,direct_full_cross_encoder,289,E4-5_08,0
P1-E7,direct_full_cross_encoder,290,IRO-1_02,0
P1-E7,direct_full_cross_encoder,291,S3-4_13,0
P1-E7,direct_full_cross_encoder,292,S4-4_13,0
P1-E7,direct_full_cross_encoder,293,S1-2_12,0
P1-E7,direct_full_cross_encoder,294,GOV-2_02,0
P1-E7,direct_full_cross_encoder,295,SBM-1_19,0
P1-E7,direct_full_cross_encoder,296,SBM-1_05,0
P1-E7,direct_full_cross_encoder,297,S1-3_08,0
P1-E7,direct_full_cross_encoder,298,S1-8_08,0
P1-E7,direct_full_cross_encoder,299,S3-2_02,0
P1-E7,direct_full_cross_encoder,300,SBM-3_08,0
P1-E7,direct_full_cross_encoder,301,S1-2_01,0
P1-E7,direct_full_cross_encoder,302,E5.IRO-1_01,0
P1-E7,direct_full_cross_encoder,303,S3.SBM-3_05,0
P1-E7,direct_full_cross_encoder,304,S1-5_02,0
P1-E7,direct_full_cross_encoder,305,S4-5_02,0
P1-E7,direct_full_cross_encoder,306,S1-9_05,0
P1-E7,direct_full_cross_encoder,307,BP-2_25,0
P1-E7,direct_full_cross_encoder,308,S2-4_04,0
P1-E7,direct_full_cross_encoder,309,G1-5_11,0
P1-E7,direct_full_cross_encoder,310,S4.SBM-3_05,0
P1-E7,direct_full_cross_encoder,311,S4-3_12,0
P1-E7,direct_full_cross_encoder,312,S1.SBM-3_04,0
P1-E7,direct_full_cross_encoder,313,BP-2_24,0
P1-E7,direct_full_cross_encoder,314,S1-9_03,0
P1-E7,direct_full_cross_encoder,315,S1-6_09,0
P1-E7,direct_full_cross_encoder,316,SBM-1_08,0
P1-E7,direct_full_cross_encoder,317,S1-7_01,0
P1-E7,direct_full_cross_encoder,318,E1.GOV-3_03,0
P1-E7,direct_full_cross_encoder,319,SBM-1_23,0
P1-E7,direct_full_cross_encoder,320,MDR-P_09,0
P1-E7,direct_full_cross_encoder,321,S1-6_08,0
P1-E7,direct_full_cross_encoder,322,GOV-1_03,0
P1-E7,direct_full_cross_encoder,323,E1.GOV-3_01,0
P1-E7,direct_full_cross_encoder,324,SBM-3_04,0
P1-E7,direct_full_cross_encoder,325,E1-2_01,0
P1-E7,direct_full_cross_encoder,326,IRO-1_04,0
P1-E7,direct_full_cross_encoder,327,MDR-T_09,0
P1-E7,direct_full_cross_encoder,328,S1-13_01,0
P1-E7,direct_full_cross_encoder,329,S1-6_12,0
P1-E7,direct_full_cross_encoder,330,S1-6_14,0
P1-E7,direct_full_cross_encoder,331,G1-2_02,0
P1-E7,direct_full_cross_encoder,332,S1-4_14,0
P1-E7,direct_full_cross_encoder,333,MDR-T_20,0
P1-E7,direct_full_cross_encoder,334,S2-1_05,0
P1-E7,direct_full_cross_encoder,335,IRO-1_14,0
P1-E7,direct_full_cross_encoder,336,E4-5_07,0
P1-E7,direct_full_cross_encoder,337,GOV-1_11,0
P1-E7,direct_full_cross_encoder,338,S1-1_08,0
P1-E7,direct_full_cross_encoder,339,E1-9_42,0
P1-E7,direct_full_cross_encoder,340,GOV-1_07,0
P1-E7,direct_full_cross_encoder,341,S4-4_15,0
P1-E7,direct_full_cross_encoder,342,SBM-1_02,0
P1-E7,direct_full_cross_encoder,343,E3-2_01,0
P1-E7,direct_full_cross_encoder,344,E5-2_06,0
P1-E7,direct_full_cross_encoder,345,E1-6_11,0
P1-E7,direct_full_cross_encoder,346,GOV-3_01,0
P1-E7,direct_full_cross_encoder,347,S1-14_08,0
P1-E7,direct_full_cross_encoder,348,S1-14_06,0
P1-E7,direct_full_cross_encoder,349,IRO-1_06,0
P1-E7,direct_full_cross_encoder,350,E2-3_05,0
P1-E7,direct_full_cross_encoder,351,S1-7_07,0
P1-E7,direct_full_cross_encoder,352,S2-4_07,0
P1-E7,direct_full_cross_encoder,353,S3-4_15,0
P1-E7,direct_full_cross_encoder,354,E5-5_18,0
P1-E7,direct_full_cross_encoder,355,E2-3_09,0
P1-E7,direct_full_cross_encoder,356,S2-2_08,0
P1-E7,direct_full_cross_encoder,357,S2-1_01,0
P1-E7,direct_full_cross_encoder,358,E1-6_07,0
P1-E7,direct_full_cross_encoder,359,E3-4_05,0
P1-E7,direct_full_cross_encoder,360,S2-2_07,0
P1-E7,direct_full_cross_encoder,361,E1-5_11,0
P1-E7,direct_full_cross_encoder,362,S1-15_01,0
P1-E7,direct_full_cross_encoder,363,S1-3_04,0
P1-E7,direct_full_cross_encoder,364,SBM-1_09,0
P1-E7,direct_full_cross_encoder,365,S1-6_03,0
P1-E7,direct_full_cross_encoder,366,S4-2_02,0
P1-E7,direct_full_cross_encoder,367,BP-2_27,0
P1-E7,direct_full_cross_encoder,368,E4-2_01,0
P1-E7,direct_full_cross_encoder,369,S1-1_22,0
P1-E7,direct_full_cross_encoder,370,S1-7_03,0
P1-E7,direct_full_cross_encoder,371,S1-7_02,0
P1-E7,direct_full_cross_encoder,372,S1-9_04,0
P1-E7,direct_full_cross_encoder,373,S2-3_02,0
P1-E7,direct_full_cross_encoder,374,E1-4_12,0
P1-E7,direct_full_cross_encoder,375,S2-1_03,0
P1-E7,direct_full_cross_encoder,376,S1-14_04,0
P1-E7,direct_full_cross_encoder,377,E5-2_08,0
P1-E7,direct_full_cross_encoder,378,S4-2_09,0
P1-E7,direct_full_cross_encoder,379,S1-6_01,0
P1-E7,direct_full_cross_encoder,380,S1-15_02,0
P1-E7,direct_full_cross_encoder,381,S2.MDR-T_01-13,0
P1-E7,direct_full_cross_encoder,382,E5-5_17,0
P1-E7,direct_full_cross_encoder,383,E4-3_01,0
P1-E7,direct_full_cross_encoder,384,S1-11_11,0
P1-E7,direct_full_cross_encoder,385,E5-2_02,0
P1-E7,direct_full_cross_encoder,386,E3-4_11,0
P1-E7,direct_full_cross_encoder,387,GOV-3_03,0
P1-E7,direct_full_cross_encoder,388,SBM-2_04,0
P1-E7,direct_full_cross_encoder,389,E1-5_06,0
P1-E7,direct_full_cross_encoder,390,E5-5_07,0
P1-E7,direct_full_cross_encoder,391,S2-4_13,0
P1-E7,direct_full_cross_encoder,392,S1-8_01,0
P1-E7,direct_full_cross_encoder,393,E3-4_12,0
P1-E7,direct_full_cross_encoder,394,E5-4_05,0
P1-E7,direct_full_cross_encoder,395,S1-13_02,0
P1-E7,direct_full_cross_encoder,396,S1-11_07,0
P1-E7,direct_full_cross_encoder,397,S1-2_03,0
P1-E7,direct_full_cross_encoder,398,S1-12_01,0
P1-E7,direct_full_cross_encoder,399,BP-1_04,0
P1-E7,direct_full_cross_encoder,400,S2-4_03,0
P1-E7,direct_full_cross_encoder,401,S2-2_03,0
P1-E7,direct_full_cross_encoder,402,GOV-1_06,0
P1-E7,direct_full_cross_encoder,403,SBM-1_25,0
P1-E7,direct_full_cross_encoder,404,E1-5_05,0
P1-E7,direct_full_cross_encoder,405,E1-5_12,0
P1-E7,direct_full_cross_encoder,406,S3-2_03,0
P1-E7,direct_full_cross_encoder,407,E2-4_15,0
P1-E7,direct_full_cross_encoder,408,S4-2_03,0
P1-E7,direct_full_cross_encoder,409,E4.IRO-1_15,0
P1-E7,direct_full_cross_encoder,410,S1-6_10,0
P1-E7,direct_full_cross_encoder,411,E1-5_01,0
P1-E7,direct_full_cross_encoder,412,E2-3_06,0
P1-E7,direct_full_cross_encoder,413,S1-11_09,0
P1-E7,direct_full_cross_encoder,414,E2-4_02,0
P1-E7,direct_full_cross_encoder,415,BP-2_22,0
P1-E7,direct_full_cross_encoder,416,MDR-P_03,0
P1-E7,direct_full_cross_encoder,417,E1-3_03,0
P1-E7,direct_full_cross_encoder,418,S1-16_02,0
P1-E7,direct_full_cross_encoder,419,E1-4_15,0
P1-E7,direct_full_cross_encoder,420,E1-6_31,0
P1-E7,direct_full_cross_encoder,421,S1-14_12,0
P1-E7,direct_full_cross_encoder,422,S1-14_09,0
P1-E7,direct_full_cross_encoder,423,E1-4_09,0
P1-E7,direct_full_cross_encoder,424,MDR-M_01,0
P1-E7,direct_full_cross_encoder,425,S1-16_01,0
P1-E7,direct_full_cross_encoder,426,S1-14_07,0
P1-E7,direct_full_cross_encoder,427,E1-4_06,0
P1-E7,direct_full_cross_encoder,428,S1-14_03,0
P1-E7,direct_full_cross_encoder,429,S1-9_01,0
P1-E7,direct_full_cross_encoder,430,E1-5_13,0
P1-E7,direct_full_cross_encoder,431,E1-5_08,0
P1-E7,direct_full_cross_encoder,432,BP-2_23,0
P1-E7,direct_full_cross_encoder,433,S1-6_19,0
P1-E7,direct_full_cross_encoder,434,S2-2_09,0
P1-E7,direct_full_cross_encoder,435,S1-6_04,0
P1-E7,direct_full_cross_encoder,436,GOV-1_17,0
P1-E7,direct_full_cross_encoder,437,E5-5_09,0
P1-E7,direct_full_cross_encoder,438,E2-4_09,0
P1-E7,direct_full_cross_encoder,439,E2-4_10,0
P1-E7,direct_full_cross_encoder,440,S1-6_05,0
P1-E7,direct_full_cross_encoder,441,S1-14_05,0
P1-E7,direct_full_cross_encoder,442,BP-1_02,0
P1-E7,direct_full_cross_encoder,443,S2.SBM-3_06,0
P1-E7,direct_full_cross_encoder,444,S1-10_04,0
P1-E7,direct_full_cross_encoder,445,GOV-1_16,0
P1-E7,direct_full_cross_encoder,446,E1-4_03,0
P1-E7,direct_full_cross_encoder,447,E5-5_15,0
P1-E7,direct_full_cross_encoder,448,S1-6_20,0
P1-E7,direct_full_cross_encoder,449,E1-5_02,0
P1-E7,direct_full_cross_encoder,450,E1-5_14,0
P1-E7,direct_full_cross_encoder,451,E3-4_01,0
P1-E7,direct_full_cross_encoder,452,S2-5_03,0
P1-E7,direct_full_cross_encoder,453,S1-11_05,0
P1-E7,direct_full_cross_encoder,454,E1.SBM-3_01,0
P1-E7,direct_full_cross_encoder,455,E1-5_10,0
P1-E7,direct_full_cross_encoder,456,S1-9_02,0
P1-E7,direct_full_cross_encoder,457,GOV-3_02,0
P1-E7,direct_full_cross_encoder,458,E1-6_17,0
P1-E7,direct_full_cross_encoder,459,E1-5_03,0
P1-E7,direct_full_cross_encoder,460,E1-6_30,0
P1-E7,direct_full_cross_encoder,461,S1-8_03,0
P1-E7,direct_full_cross_encoder,462,S1-11_06,0
P1-E7,direct_full_cross_encoder,463,S1-6_07,0
P1-E7,direct_full_cross_encoder,464,E1-6_01,0
P1-E7,direct_full_cross_encoder,465,E1-5_18,0
P1-E7,direct_full_cross_encoder,466,S1-11_10,0
P1-E7,direct_full_cross_encoder,467,SBM-1_28,0
P1-E7,direct_full_cross_encoder,468,E1-6_26,0
P1-E7,direct_full_cross_encoder,469,E5-5_16,0
P1-E7,direct_full_cross_encoder,470,S1-11_03,0
P1-E7,direct_full_cross_encoder,471,E1-5_07,0
P1-E7,direct_full_cross_encoder,472,S1-11_01,0
P1-E7,direct_full_cross_encoder,473,S2-5_02,0
P1-E7,direct_full_cross_encoder,474,E1-6_04,0
P1-E7,direct_full_cross_encoder,475,S1-13_05,0
P1-E7,direct_full_cross_encoder,476,S1-4_16,0
P1-E7,direct_full_cross_encoder,477,S1-10_01,0
P1-E7,direct_full_cross_encoder,478,S1-15_03,0
P1-E7,direct_full_cross_encoder,479,GOV-1_10,0
P1-E7,direct_full_cross_encoder,480,S2-3_12,0
P1-E7,direct_full_cross_encoder,481,MDR-T_18,0
P1-E7,direct_full_cross_encoder,482,E1-6_28,0
P1-E7,direct_full_cross_encoder,483,E3-3_08,0
P1-E7,direct_full_cross_encoder,484,GOV-1_05,0
P1-E7,direct_full_cross_encoder,485,S2-2_02,0
P1-E7,direct_full_cross_encoder,486,S1-11_04,0
P1-E7,direct_full_cross_encoder,487,S2-4_15,0
P1-E7,direct_full_cross_encoder,488,E5-5_08,0
P1-E7,direct_full_cross_encoder,489,E3-4_06,0
P1-E7,direct_full_cross_encoder,490,E2-4_01,0
P1-E7,direct_full_cross_encoder,491,SBM-1_21,0
P1-E7,direct_full_cross_encoder,492,S1-14_02,0
P1-E7,direct_full_cross_encoder,493,S1-10_02,0
P1-E7,direct_full_cross_encoder,494,S2-2_01,0
P1-E7,direct_full_cross_encoder,495,E4-2_02,0
P1-E7,direct_full_cross_encoder,496,E3-3_04,0
P1-E7,direct_full_cross_encoder,497,GOV-3_04,0
P1-E7,direct_full_cross_encoder,498,S1-13_06,0
P1-E7,direct_full_cross_encoder,499,S2-3_09,0
P1-E7,direct_full_cross_encoder,500,S1-10_03,0
P1-E7,direct_full_cross_encoder,501,S2-2_06,0
P1-E7,direct_full_cross_encoder,502,S1-8_04,0
P1-E7,direct_full_cross_encoder,503,S1-13_03,0
P1-E7,direct_full_cross_encoder,504,E3-4_02,0
P1-E7,direct_full_cross_encoder,505,S1-6_06,0
P1-E7,direct_full_cross_encoder,506,E1-6_27,0
P1-E7,direct_full_cross_encoder,507,S2-3_05,0
P1-E7,direct_full_cross_encoder,508,S1-8_02,0
P1-E7,direct_full_cross_encoder,509,S1-16_04,0
P1-E7,direct_full_cross_encoder,510,E1-4_01,0
P1-E7,direct_full_cross_encoder,511,E3.IRO-1_01,0
P1-E7,direct_full_cross_encoder,512,S1-13_04,0
P1-E7,direct_full_cross_encoder,513,S1-16_05,0
P1-E7,direct_full_cross_encoder,514,S3-4_17,0
P1-E7,direct_full_cross_encoder,515,S1-7_05,0
P1-E7,direct_full_cross_encoder,516,E4-5_14,0
P1-E7,direct_full_cross_encoder,517,E1-4_22,0
P1-E7,direct_full_kd_gold,1,G1-4_08,1
P1-E7,direct_full_kd_gold,2,G1-4_02,0
P1-E7,direct_full_kd_gold,3,G1-4_05,0
P1-E7,direct_full_kd_gold,4,G1.MDR-A_01-12,0
P1-E7,direct_full_kd_gold,5,G1-3_04,0
P1-E7,direct_full_kd_gold,6,S1-17_13,0
P1-E7,direct_full_kd_gold,7,S1-17_11,0
P1-E7,direct_full_kd_gold,8,G1-4_04,0
P1-E7,direct_full_kd_gold,9,G1-4_07,0
P1-E7,direct_full_kd_gold,10,G1-4_06,0
P1-E7,direct_full_kd_gold,11,GOV-2_01,0
P1-E7,direct_full_kd_gold,12,GOV-2_02,0
P1-E7,direct_full_kd_gold,13,S1-3_07,0
P1-E7,direct_full_kd_gold,14,S1-17_07,0
P1-E7,direct_full_kd_gold,15,G1-4_01,0
P1-E7,direct_full_kd_gold,16,GOV-1_08,0
P1-E7,direct_full_kd_gold,17,S1-17_05,0
P1-E7,direct_full_kd_gold,18,S1-4_02,0
P1-E7,direct_full_kd_gold,19,S2-3_04,0
P1-E7,direct_full_kd_gold,20,S2-4_11,0
P1-E7,direct_full_kd_gold,21,S4-3_04,0
P1-E7,direct_full_kd_gold,22,E2-4_17,0
P1-E7,direct_full_kd_gold,23,S3-4_05,0
P1-E7,direct_full_kd_gold,24,S1-5_06,0
P1-E7,direct_full_kd_gold,25,G1.GOV-1_02,0
P1-E7,direct_full_kd_gold,26,IRO-1_03,0
P1-E7,direct_full_kd_gold,27,S1-4_10,0
P1-E7,direct_full_kd_gold,28,S1-3_01,0
P1-E7,direct_full_kd_gold,29,S1-3_05,0
P1-E7,direct_full_kd_gold,30,S4-3_08,0
P1-E7,direct_full_kd_gold,31,MDR-A_04,0
P1-E7,direct_full_kd_gold,32,GOV-1_12,0
P1-E7,direct_full_kd_gold,33,S4-4_02,0
P1-E7,direct_full_kd_gold,34,S3-3_10,0
P1-E7,direct_full_kd_gold,35,S2-1_04,0
P1-E7,direct_full_kd_gold,36,S3-1_05,0
P1-E7,direct_full_kd_gold,37,MDR-P_05,0
P1-E7,direct_full_kd_gold,38,S3-4_01,0
P1-E7,direct_full_kd_gold,39,S1-3_09,0
P1-E7,direct_full_kd_gold,40,S4-1_05,0
P1-E7,direct_full_kd_gold,41,S2-4_18,0
P1-E7,direct_full_kd_gold,42,S3-4_06,0
P1-E7,direct_full_kd_gold,43,S4-4_18,0
P1-E7,direct_full_kd_gold,44,S2-4_05,0
P1-E7,direct_full_kd_gold,45,MDR-P_07,0
P1-E7,direct_full_kd_gold,46,S3-4_02,0
P1-E7,direct_full_kd_gold,47,MDR-P_06,0
P1-E7,direct_full_kd_gold,48,S1-1_06,0
P1-E7,direct_full_kd_gold,49,GOV-1_10,0
P1-E7,direct_full_kd_gold,50,E4-3_10,0
P1-E7,direct_full_kd_gold,51,S3-3_13,0
P1-E7,direct_full_kd_gold,52,MDR-A_05,0
P1-E7,direct_full_kd_gold,53,G1.GOV-1_01,0
P1-E7,direct_full_kd_gold,54,S1-4_20,0
P1-E7,direct_full_kd_gold,55,S2-3_11,0
P1-E7,direct_full_kd_gold,56,S3-4_19,0
P1-E7,direct_full_kd_gold,57,S3-4_07,0
P1-E7,direct_full_kd_gold,58,GOV-1_11,0
P1-E7,direct_full_kd_gold,59,S2-4_02,0
P1-E7,direct_full_kd_gold,60,S1-1_07,0
P1-E7,direct_full_kd_gold,61,S2-3_06,0
P1-E7,direct_full_kd_gold,62,S2-5_06,0
P1-E7,direct_full_kd_gold,63,S1-16_03,0
P1-E7,direct_full_kd_gold,64,G1-3_03,0
P1-E7,direct_full_kd_gold,65,IRO-1_01,0
P1-E7,direct_full_kd_gold,66,S4-3_06,0
P1-E7,direct_full_kd_gold,67,SBM-3_11,0
P1-E7,direct_full_kd_gold,68,S4-5_06,0
P1-E7,direct_full_kd_gold,69,S2-4_15,0
P1-E7,direct_full_kd_gold,70,S2-3_01,0
P1-E7,direct_full_kd_gold,71,S3-4_10,0
P1-E7,direct_full_kd_gold,72,S4-3_11,0
P1-E7,direct_full_kd_gold,73,S1-17_03,0
P1-E7,direct_full_kd_gold,74,S2-4_01,0
P1-E7,direct_full_kd_gold,75,S4-4_01,0
P1-E7,direct_full_kd_gold,76,S1-4_09,0
P1-E7,direct_full_kd_gold,77,S2-1_08,0
P1-E7,direct_full_kd_gold,78,E4-1_09,0
P1-E7,direct_full_kd_gold,79,S3.MDR-A_01-12,0
P1-E7,direct_full_kd_gold,80,S2-4_12,0
P1-E7,direct_full_kd_gold,81,S2-3_02,0
P1-E7,direct_full_kd_gold,82,BP-2_26,0
P1-E7,direct_full_kd_gold,83,S4-4_11,0
P1-E7,direct_full_kd_gold,84,S1-4_01,0
P1-E7,direct_full_kd_gold,85,S3-1_06,0
P1-E7,direct_full_kd_gold,86,MDR-P_01,0
P1-E7,direct_full_kd_gold,87,SBM-2_06,0
P1-E7,direct_full_kd_gold,88,S4-4_12,0
P1-E7,direct_full_kd_gold,89,S1-4_11,0
P1-E7,direct_full_kd_gold,90,S3-4_04,0
P1-E7,direct_full_kd_gold,91,S3-5_06,0
P1-E7,direct_full_kd_gold,92,S1-3_11,0
P1-E7,direct_full_kd_gold,93,S1.MDR-A_13-14,0
P1-E7,direct_full_kd_gold,94,S4-1_09,0
P1-E7,direct_full_kd_gold,95,S3-4_12,0
P1-E7,direct_full_kd_gold,96,S1-1_14,0
P1-E7,direct_full_kd_gold,97,S1-1_21,0
P1-E7,direct_full_kd_gold,98,S1-4_12,0
P1-E7,direct_full_kd_gold,99,MDR-P_02,0
P1-E7,direct_full_kd_gold,100,S2-1_11,0
P1-E7,direct_full_kd_gold,101,S2-3_08,0
P1-E7,direct_full_kd_gold,102,S3-3_15,0
P1-E7,direct_full_kd_gold,103,S2-4_06,0
P1-E7,direct_full_kd_gold,104,S1-4_05,0
P1-E7,direct_full_kd_gold,105,S3-3_17,0
P1-E7,direct_full_kd_gold,106,IRO-1_04,0
P1-E7,direct_full_kd_gold,107,S3-3_11,0
P1-E7,direct_full_kd_gold,108,S2-5_02,0
P1-E7,direct_full_kd_gold,109,S4-3_01,0
P1-E7,direct_full_kd_gold,110,IRO-1_05,0
P1-E7,direct_full_kd_gold,111,MDR-P_03,0
P1-E7,direct_full_kd_gold,112,S3-2_01,0
P1-E7,direct_full_kd_gold,113,E1.GOV-3_03,0
P1-E7,direct_full_kd_gold,114,E1.GOV-3_01,0
P1-E7,direct_full_kd_gold,115,S1-3_02,0
P1-E7,direct_full_kd_gold,116,S2.MDR-A_13-14,0
P1-E7,direct_full_kd_gold,117,S4.MDR-A_13-14,0
P1-E7,direct_full_kd_gold,118,G1.MDR-A_13-14,0
P1-E7,direct_full_kd_gold,119,G1.MDR-P_01-06,0
P1-E7,direct_full_kd_gold,120,S3-1_09,0
P1-E7,direct_full_kd_gold,121,S1.MDR-P_07-08,0
P1-E7,direct_full_kd_gold,122,E4.MDR-A_13-14,0
P1-E7,direct_full_kd_gold,123,S1-3_10,0
P1-E7,direct_full_kd_gold,124,SBM-3_04,0
P1-E7,direct_full_kd_gold,125,S3-3_20,0
P1-E7,direct_full_kd_gold,126,E2.MDR-A_13-14,0
P1-E7,direct_full_kd_gold,127,S1-2_14,0
P1-E7,direct_full_kd_gold,128,E1.MDR-P_07-08,0
P1-E7,direct_full_kd_gold,129,S3-3_14,0
P1-E7,direct_full_kd_gold,130,E2-4_10,0
P1-E7,direct_full_kd_gold,131,S2.MDR-P_07-08,0
P1-E7,direct_full_kd_gold,132,SBM-3_07,0
P1-E7,direct_full_kd_gold,133,S4.MDR-P_07-08,0
P1-E7,direct_full_kd_gold,134,S3-4_11,0
P1-E7,direct_full_kd_gold,135,S1-17_08,0
P1-E7,direct_full_kd_gold,136,E3.MDR-A_13-14,0
P1-E7,direct_full_kd_gold,137,G1.MDR-P_07-08,0
P1-E7,direct_full_kd_gold,138,S2-3_07,0
P1-E7,direct_full_kd_gold,139,S3.MDR-A_13-14,0
P1-E7,direct_full_kd_gold,140,S3-2_08,0
P1-E7,direct_full_kd_gold,141,S3.MDR-P_07-08,0
P1-E7,direct_full_kd_gold,142,MDR-P_08,0
P1-E7,direct_full_kd_gold,143,E4.MDR-P_07-08,0
P1-E7,direct_full_kd_gold,144,E1.MDR-A_13-14,0
P1-E7,direct_full_kd_gold,145,E2.MDR-P_07-08,0
P1-E7,direct_full_kd_gold,146,S2-5_03,0
P1-E7,direct_full_kd_gold,147,S3.SBM-3_05,0
P1-E7,direct_full_kd_gold,148,S2-4_07,0
P1-E7,direct_full_kd_gold,149,S1.MDR-A_01-12,0
P1-E7,direct_full_kd_gold,150,S3-4_13,0
P1-E7,direct_full_kd_gold,151,S4-1_06,0
P1-E7,direct_full_kd_gold,152,E3.MDR-P_07-08,0
P1-E7,direct_full_kd_gold,153,S2-4_04,0
P1-E7,direct_full_kd_gold,154,E5.MDR-A_13-14,0
P1-E7,direct_full_kd_gold,155,S4-4_07,0
P1-E7,direct_full_kd_gold,156,S2-3_05,0
P1-E7,direct_full_kd_gold,157,S1-3_06,0
P1-E7,direct_full_kd_gold,158,E5.MDR-P_07-08,0
P1-E7,direct_full_kd_gold,159,S3-3_16,0
P1-E7,direct_full_kd_gold,160,SBM-1_05,0
P1-E7,direct_full_kd_gold,161,S2.SBM-3_06,0
P1-E7,direct_full_kd_gold,162,S2-3_03,0
P1-E7,direct_full_kd_gold,163,MDR-A_14,0
P1-E7,direct_full_kd_gold,164,S3.SBM-3_04,0
P1-E7,direct_full_kd_gold,165,GOV-1_04,0
P1-E7,direct_full_kd_gold,166,MDR-T_17,0
P1-E7,direct_full_kd_gold,167,S4-4_05,0
P1-E7,direct_full_kd_gold,168,S2-3_12,0
P1-E7,direct_full_kd_gold,169,MDR-A_13,0
P1-E7,direct_full_kd_gold,170,S1.SBM-3_03,0
P1-E7,direct_full_kd_gold,171,S4-3_03,0
P1-E7,direct_full_kd_gold,172,IRO-1_02,0
P1-E7,direct_full_kd_gold,173,S2.SBM-3_05,0
P1-E7,direct_full_kd_gold,174,SBM-3_09,0
P1-E7,direct_full_kd_gold,175,S3-4_15,0
P1-E7,direct_full_kd_gold,176,MDR-A_15,0
P1-E7,direct_full_kd_gold,177,S4-3_02,0
P1-E7,direct_full_kd_gold,178,S3-1_01,0
P1-E7,direct_full_kd_gold,179,S3-4_03,0
P1-E7,direct_full_kd_gold,180,S4-4_04,0
P1-E7,direct_full_kd_gold,181,S1-6_16,0
P1-E7,direct_full_kd_gold,182,S2-2_02,0
P1-E7,direct_full_kd_gold,183,S3-1_02,0
P1-E7,direct_full_kd_gold,184,S3-2_09,0
P1-E7,direct_full_kd_gold,185,S2-3_09,0
P1-E7,direct_full_kd_gold,186,S4-4_06,0
P1-E7,direct_full_kd_gold,187,E3.IRO-1_02,0
P1-E7,direct_full_kd_gold,188,GOV-3_03,0
P1-E7,direct_full_kd_gold,189,S3-2_06,0
P1-E7,direct_full_kd_gold,190,S3-2_05,0
P1-E7,direct_full_kd_gold,191,S4.MDR-A_01-12,0
P1-E7,direct_full_kd_gold,192,GOV-1_03,0
P1-E7,direct_full_kd_gold,193,S1-7_09,0
P1-E7,direct_full_kd_gold,194,SBM-2_01,0
P1-E7,direct_full_kd_gold,195,S1-3_08,0
P1-E7,direct_full_kd_gold,196,GOV-3_02,0
P1-E7,direct_full_kd_gold,197,MDR-A_06,0
P1-E7,direct_full_kd_gold,198,S1.SBM-3_04,0
P1-E7,direct_full_kd_gold,199,S1-1_09,0
P1-E7,direct_full_kd_gold,200,SBM-2_04,0
P1-E7,direct_full_kd_gold,201,MDR-A_01,0
P1-E7,direct_full_kd_gold,202,SBM-2_05,0
P1-E7,direct_full_kd_gold,203,S1-17_01,0
P1-E7,direct_full_kd_gold,204,SBM-2_03,0
P1-E7,direct_full_kd_gold,205,S3.MDR-T_01-13,0
P1-E7,direct_full_kd_gold,206,E2.IRO-1_03,0
P1-E7,direct_full_kd_gold,207,S3-5_03,0
P1-E7,direct_full_kd_gold,208,SBM-1_08,0
P1-E7,direct_full_kd_gold,209,S2.MDR-A_01-12,0
P1-E7,direct_full_kd_gold,210,S2-1_03,0
P1-E7,direct_full_kd_gold,211,S3-3_18,0
P1-E7,direct_full_kd_gold,212,S4-1_01,0
P1-E7,direct_full_kd_gold,213,S1-1_01,0
P1-E7,direct_full_kd_gold,214,MDR-P_09,0
P1-E7,direct_full_kd_gold,215,S2-2_08,0
P1-E7,direct_full_kd_gold,216,S2-2_07,0
P1-E7,direct_full_kd_gold,217,S1-7_06,0
P1-E7,direct_full_kd_gold,218,S2-4_03,0
P1-E7,direct_full_kd_gold,219,S2-2_01,0
P1-E7,direct_full_kd_gold,220,SBM-3_02,0
P1-E7,direct_full_kd_gold,221,S1-4_13,0
P1-E7,direct_full_kd_gold,222,S2-2_09,0
P1-E7,direct_full_kd_gold,223,S3-5_02,0
P1-E7,direct_full_kd_gold,224,G1-5_11,0
P1-E7,direct_full_kd_gold,225,E1.MDR-T_01-13,0
P1-E7,direct_full_kd_gold,226,SBM-2_02,0
P1-E7,direct_full_kd_gold,227,IRO-1_06,0
P1-E7,direct_full_kd_gold,228,S1-14_05,0
P1-E7,direct_full_kd_gold,229,S3-3_12,0
P1-E7,direct_full_kd_gold,230,E4.MDR-T_01-13,0
P1-E7,direct_full_kd_gold,231,S1-2_10,0
P1-E7,direct_full_kd_gold,232,S1-5_02,0
P1-E7,direct_full_kd_gold,233,MDR-M_01,0
P1-E7,direct_full_kd_gold,234,S4-1_02,0
P1-E7,direct_full_kd_gold,235,S1-1_10,0
P1-E7,direct_full_kd_gold,236,E3-4_06,0
P1-E7,direct_full_kd_gold,237,S3-1_04,0
P1-E7,direct_full_kd_gold,238,S4.SBM-3_05,0
P1-E7,direct_full_kd_gold,239,IRO-1_14,0
P1-E7,direct_full_kd_gold,240,S4-3_05,0
P1-E7,direct_full_kd_gold,241,SBM-3_08,0
P1-E7,direct_full_kd_gold,242,E5.IRO-1_01,0
P1-E7,direct_full_kd_gold,243,SBM-2_12,0
P1-E7,direct_full_kd_gold,244,E2-3_09,0
P1-E7,direct_full_kd_gold,245,S2-1_01,0
P1-E7,direct_full_kd_gold,246,E1.MDR-T_14-19,0
P1-E7,direct_full_kd_gold,247,S2-2_06,0
P1-E7,direct_full_kd_gold,248,S1-6_13,0
P1-E7,direct_full_kd_gold,249,E5.MDR-T_01-13,0
P1-E7,direct_full_kd_gold,250,S1.MDR-T_14-19,0
P1-E7,direct_full_kd_gold,251,S1-4_04,0
P1-E7,direct_full_kd_gold,252,G1-1_10,0
P1-E7,direct_full_kd_gold,253,S4-3_07,0
P1-E7,direct_full_kd_gold,254,S1-4_16,0
P1-E7,direct_full_kd_gold,255,E2.MDR-T_01-13,0
P1-E7,direct_full_kd_gold,256,S1-2_12,0
P1-E7,direct_full_kd_gold,257,MDR-T_21,0
P1-E7,direct_full_kd_gold,258,S2-1_06,0
P1-E7,direct_full_kd_gold,259,S1-1_12,0
P1-E7,direct_full_kd_gold,260,S1-5_03,0
P1-E7,direct_full_kd_gold,261,E5-2_05,0
P1-E7,direct_full_kd_gold,262,E4-5_06,0
P1-E7,direct_full_kd_gold,263,S1-4_14,0
P1-E7,direct_full_kd_gold,264,S1-14_04,0
P1-E7,direct_full_kd_gold,265,E3.MDR-T_01-13,0
P1-E7,direct_full_kd_gold,266,E5-5_03,0
P1-E7,direct_full_kd_gold,267,S3-2_02,0
P1-E7,direct_full_kd_gold,268,S1-4_03,0
P1-E7,direct_full_kd_gold,269,S1-3_04,0
P1-E7,direct_full_kd_gold,270,S4-4_13,0
P1-E7,direct_full_kd_gold,271,S2-4_13,0
P1-E7,direct_full_kd_gold,272,MDR-T_16,0
P1-E7,direct_full_kd_gold,273,S4-2_07,0
P1-E7,direct_full_kd_gold,274,S1-11_07,0
P1-E7,direct_full_kd_gold,275,SBM-3_01,0
P1-E7,direct_full_kd_gold,276,S1-17_02,0
P1-E7,direct_full_kd_gold,277,S1-12_01,0
P1-E7,direct_full_kd_gold,278,E4.MDR-T_14-19,0
P1-E7,direct_full_kd_gold,279,S1-2_01,0
P1-E7,direct_full_kd_gold,280,S1-2_08,0
P1-E7,direct_full_kd_gold,281,MDR-T_14,0
P1-E7,direct_full_kd_gold,282,S2.MDR-T_14-19,0
P1-E7,direct_full_kd_gold,283,S1-1_13,0
P1-E7,direct_full_kd_gold,284,E2.MDR-T_14-19,0
P1-E7,direct_full_kd_gold,285,S4-2_09,0
P1-E7,direct_full_kd_gold,286,S4-3_13,0
P1-E7,direct_full_kd_gold,287,S4.MDR-T_14-19,0
P1-E7,direct_full_kd_gold,288,S4-4_15,0
P1-E7,direct_full_kd_gold,289,S4.SBM-3_04,0
P1-E7,direct_full_kd_gold,290,E5.MDR-T_14-19,0
P1-E7,direct_full_kd_gold,291,E3.MDR-T_14-19,0
P1-E7,direct_full_kd_gold,292,S4-4_03,0
P1-E7,direct_full_kd_gold,293,BP-2_25,0
P1-E7,direct_full_kd_gold,294,S1-2_09,0
P1-E7,direct_full_kd_gold,295,S1-14_06,0
P1-E7,direct_full_kd_gold,296,SBM-1_23,0
P1-E7,direct_full_kd_gold,297,E2.MDR-A_01-12,0
P1-E7,direct_full_kd_gold,298,S4-5_02,0
P1-E7,direct_full_kd_gold,299,S4-3_09,0
P1-E7,direct_full_kd_gold,300,S3.MDR-T_14-19,0
P1-E7,direct_full_kd_gold,301,S1.MDR-T_01-13,0
P1-E7,direct_full_kd_gold,302,S4-2_01,0
P1-E7,direct_full_kd_gold,303,S1-2_07,0
P1-E7,direct_full_kd_gold,304,MDR-T_13,0
P1-E7,direct_full_kd_gold,305,SBM-1_28,0
P1-E7,direct_full_kd_gold,306,MDR-T_09,0
P1-E7,direct_full_kd_gold,307,BP-2_23,0
P1-E7,direct_full_kd_gold,308,S1-11_09,0
P1-E7,direct_full_kd_gold,309,GOV-3_04,0
P1-E7,direct_full_kd_gold,310,GOV-3_01,0
P1-E7,direct_full_kd_gold,311,GOV-1_16,0
P1-E7,direct_full_kd_gold,312,S4.MDR-T_01-13,0
P1-E7,direct_full_kd_gold,313,BP-2_21,0
P1-E7,direct_full_kd_gold,314,E3-3_08,0
P1-E7,direct_full_kd_gold,315,S4-2_03,0
P1-E7,direct_full_kd_gold,316,S1-14_08,0
P1-E7,direct_full_kd_gold,317,S1-6_08,0
P1-E7,direct_full_kd_gold,318,S1-7_10,0
P1-E7,direct_full_kd_gold,319,S1-1_03,0
P1-E7,direct_full_kd_gold,320,S1-2_03,0
P1-E7,direct_full_kd_gold,321,E1-6_26,0
P1-E7,direct_full_kd_gold,322,S2.MDR-T_01-13,0
P1-E7,direct_full_kd_gold,323,S4-5_03,0
P1-E7,direct_full_kd_gold,324,GOV-1_17,0
P1-E7,direct_full_kd_gold,325,E4-5_07,0
P1-E7,direct_full_kd_gold,326,S4-2_08,0
P1-E7,direct_full_kd_gold,327,S2-2_03,0
P1-E7,direct_full_kd_gold,328,BP-1_04,0
P1-E7,direct_full_kd_gold,329,E3.IRO-1_01,0
P1-E7,direct_full_kd_gold,330,S1-1_05,0
P1-E7,direct_full_kd_gold,331,S3-2_03,0
P1-E7,direct_full_kd_gold,332,E5-5_18,0
P1-E7,direct_full_kd_gold,333,MDR-T_20,0
P1-E7,direct_full_kd_gold,334,SBM-1_02,0
P1-E7,direct_full_kd_gold,335,S1-11_11,0
P1-E7,direct_full_kd_gold,336,SBM-1_25,0
P1-E7,direct_full_kd_gold,337,E4-2_01,0
P1-E7,direct_full_kd_gold,338,E3-2_02,0
P1-E7,direct_full_kd_gold,339,E4-5_18,0
P1-E7,direct_full_kd_gold,340,E2-4_09,0
P1-E7,direct_full_kd_gold,341,E5.MDR-A_01-12,0
P1-E7,direct_full_kd_gold,342,S1-2_06,0
P1-E7,direct_full_kd_gold,343,E4-1_11,0
P1-E7,direct_full_kd_gold,344,MDR-T_04,0
P1-E7,direct_full_kd_gold,345,S3-3_21,0
P1-E7,direct_full_kd_gold,346,BP-2_27,0
P1-E7,direct_full_kd_gold,347,E2-4_15,0
P1-E7,direct_full_kd_gold,348,E5-5_17,0
P1-E7,direct_full_kd_gold,349,S1-2_11,0
P1-E7,direct_full_kd_gold,350,S3-4_17,0
P1-E7,direct_full_kd_gold,351,SBM-1_07,0
P1-E7,direct_full_kd_gold,352,E5-2_08,0
P1-E7,direct_full_kd_gold,353,S4-2_06,0
P1-E7,direct_full_kd_gold,354,S1-6_07,0
P1-E7,direct_full_kd_gold,355,SBM-1_17,0
P1-E7,direct_full_kd_gold,356,SBM-1_01,0
P1-E7,direct_full_kd_gold,357,E2-2_01,0
P1-E7,direct_full_kd_gold,358,E1-4_01,0
P1-E7,direct_full_kd_gold,359,S1-14_03,0
P1-E7,direct_full_kd_gold,360,S1-8_04,0
P1-E7,direct_full_kd_gold,361,E2-3_06,0
P1-E7,direct_full_kd_gold,362,SBM-1_09,0
P1-E7,direct_full_kd_gold,363,SBM-1_15,0
P1-E7,direct_full_kd_gold,364,S1-14_07,0
P1-E7,direct_full_kd_gold,365,E2-4_01,0
P1-E7,direct_full_kd_gold,366,BP-2_22,0
P1-E7,direct_full_kd_gold,367,E2-3_05,0
P1-E7,direct_full_kd_gold,368,S1-2_02,0
P1-E7,direct_full_kd_gold,369,S4-3_12,0
P1-E7,direct_full_kd_gold,370,S4-1_04,0
P1-E7,direct_full_kd_gold,371,E4-5_09,0
P1-E7,direct_full_kd_gold,372,E4.IRO-1_15,0
P1-E7,direct_full_kd_gold,373,S1-7_08,0
P1-E7,direct_full_kd_gold,374,S1-11_10,0
P1-E7,direct_full_kd_gold,375,S1-8_08,0
P1-E7,direct_full_kd_gold,376,E4-3_15,0
P1-E7,direct_full_kd_gold,377,MDR-T_10,0
P1-E7,direct_full_kd_gold,378,E1-4_06,0
P1-E7,direct_full_kd_gold,379,S1-1_08,0
P1-E7,direct_full_kd_gold,380,S1-14_09,0
P1-E7,direct_full_kd_gold,381,BP-1_02,0
P1-E7,direct_full_kd_gold,382,E4-3_14,0
P1-E7,direct_full_kd_gold,383,E1.SBM-3_01,0
P1-E7,direct_full_kd_gold,384,E5-2_06,0
P1-E7,direct_full_kd_gold,385,E1-4_09,0
P1-E7,direct_full_kd_gold,386,GOV-1_07,0
P1-E7,direct_full_kd_gold,387,E3-2_01,0
P1-E7,direct_full_kd_gold,388,E4-3_01,0
P1-E7,direct_full_kd_gold,389,S4-2_02,0
P1-E7,direct_full_kd_gold,390,E3.MDR-A_01-12,0
P1-E7,direct_full_kd_gold,391,E5-2_07,0
P1-E7,direct_full_kd_gold,392,S2-1_05,0
P1-E7,direct_full_kd_gold,393,S1-6_15,0
P1-E7,direct_full_kd_gold,394,BP-1_01,0
P1-E7,direct_full_kd_gold,395,E4-5_14,0
P1-E7,direct_full_kd_gold,396,E1-6_27,0
P1-E7,direct_full_kd_gold,397,E1-4_15,0
P1-E7,direct_full_kd_gold,398,S1-11_06,0
P1-E7,direct_full_kd_gold,399,MDR-T_18,0
P1-E7,direct_full_kd_gold,400,S1-11_01,0
P1-E7,direct_full_kd_gold,401,S1-7_05,0
P1-E7,direct_full_kd_gold,402,E4-2_02,0
P1-E7,direct_full_kd_gold,403,S1-6_14,0
P1-E7,direct_full_kd_gold,404,E1-4_25,0
P1-E7,direct_full_kd_gold,405,GOV-1_02,0
P1-E7,direct_full_kd_gold,406,E3-3_04,0
P1-E7,direct_full_kd_gold,407,E1-4_12,0
P1-E7,direct_full_kd_gold,408,GOV-1_01,0
P1-E7,direct_full_kd_gold,409,S1-10_01,0
P1-E7,direct_full_kd_gold,410,MDR-T_07,0
P1-E7,direct_full_kd_gold,411,E1-6_04,0
P1-E7,direct_full_kd_gold,412,S1-7_07,0
P1-E7,direct_full_kd_gold,413,GOV-1_05,0
P1-E7,direct_full_kd_gold,414,SBM-1_06,0
P1-E7,direct_full_kd_gold,415,S1-14_02,0
P1-E7,direct_full_kd_gold,416,G1-2_02,0
P1-E7,direct_full_kd_gold,417,S1-14_12,0
P1-E7,direct_full_kd_gold,418,S1-11_03,0
P1-E7,direct_full_kd_gold,419,S4-2_05,0
P1-E7,direct_full_kd_gold,420,E4-5_08,0
P1-E7,direct_full_kd_gold,421,E1-2_01,0
P1-E7,direct_full_kd_gold,422,E5-2_02,0
P1-E7,direct_full_kd_gold,423,SBM-1_21,0
P1-E7,direct_full_kd_gold,424,E1-6_07,0
P1-E7,direct_full_kd_gold,425,E1.MDR-A_01-12,0
P1-E7,direct_full_kd_gold,426,E4.MDR-A_01-12,0
P1-E7,direct_full_kd_gold,427,S1-1_22,0
P1-E7,direct_full_kd_gold,428,E1-6_11,0
P1-E7,direct_full_kd_gold,429,E5-5_09,0
P1-E7,direct_full_kd_gold,430,S1-11_04,0
P1-E7,direct_full_kd_gold,431,E1-9_41,0
P1-E7,direct_full_kd_gold,432,GOV-1_06,0
P1-E7,direct_full_kd_gold,433,BP-2_24,0
P1-E7,direct_full_kd_gold,434,SBM-1_19,0
P1-E7,direct_full_kd_gold,435,S1-11_05,0
P1-E7,direct_full_kd_gold,436,E1-6_28,0
P1-E7,direct_full_kd_gold,437,E1-6_01,0
P1-E7,direct_full_kd_gold,438,E5-5_15,0
P1-E7,direct_full_kd_gold,439,S1-6_12,0
P1-E7,direct_full_kd_gold,440,S1-7_03,0
P1-E7,direct_full_kd_gold,441,E5-5_08,0
P1-E7,direct_full_kd_gold,442,S1-6_04,0
P1-E7,direct_full_kd_gold,443,S1-6_01,0
P1-E7,direct_full_kd_gold,444,S1-13_02,0
P1-E7,direct_full_kd_gold,445,E1-9_01,0
P1-E7,direct_full_kd_gold,446,E1-6_31,0
P1-E7,direct_full_kd_gold,447,E1-9_14,0
P1-E7,direct_full_kd_gold,448,S1-6_11,0
P1-E7,direct_full_kd_gold,449,E1-9_02,0
P1-E7,direct_full_kd_gold,450,E1-4_03,0
P1-E7,direct_full_kd_gold,451,E1-6_30,0
P1-E7,direct_full_kd_gold,452,E1-9_03,0
P1-E7,direct_full_kd_gold,453,E3-4_05,0
P1-E7,direct_full_kd_gold,454,E5-2_03,0
P1-E7,direct_full_kd_gold,455,MDR-T_02,0
P1-E7,direct_full_kd_gold,456,S1-13_06,0
P1-E7,direct_full_kd_gold,457,S1-13_05,0
P1-E7,direct_full_kd_gold,458,S1-10_02,0
P1-E7,direct_full_kd_gold,459,E1-6_17,0
P1-E7,direct_full_kd_gold,460,S1-6_18,0
P1-E7,direct_full_kd_gold,461,S1-8_01,0
P1-E7,direct_full_kd_gold,462,S1-8_03,0
P1-E7,direct_full_kd_gold,463,S1-10_03,0
P1-E7,direct_full_kd_gold,464,S1-16_01,0
P1-E7,direct_full_kd_gold,465,S1-9_03,0
P1-E7,direct_full_kd_gold,466,S1-15_02,0
P1-E7,direct_full_kd_gold,467,S1-16_02,0
P1-E7,direct_full_kd_gold,468,E1-9_42,0
P1-E7,direct_full_kd_gold,469,S1-15_01,0
P1-E7,direct_full_kd_gold,470,S1-9_05,0
P1-E7,direct_full_kd_gold,471,S1-6_09,0
P1-E7,direct_full_kd_gold,472,E3-4_12,0
P1-E7,direct_full_kd_gold,473,S1-16_04,0
P1-E7,direct_full_kd_gold,474,S1-10_04,0
P1-E7,direct_full_kd_gold,475,SBM-1_04,0
P1-E7,direct_full_kd_gold,476,E2-4_02,0
P1-E7,direct_full_kd_gold,477,E1-5_18,0
P1-E7,direct_full_kd_gold,478,E1-5_07,0
P1-E7,direct_full_kd_gold,479,S1-9_04,0
P1-E7,direct_full_kd_gold,480,E1-5_14,0
P1-E7,direct_full_kd_gold,481,E3-4_11,0
P1-E7,direct_full_kd_gold,482,E3-4_02,0
P1-E7,direct_full_kd_gold,483,S1-7_02,0
P1-E7,direct_full_kd_gold,484,S1-13_01,0
P1-E7,direct_full_kd_gold,485,E5-5_16,0
P1-E7,direct_full_kd_gold,486,S1-8_02,0
P1-E7,direct_full_kd_gold,487,S1-6_10,0
P1-E7,direct_full_kd_gold,488,E1-3_03,0
P1-E7,direct_full_kd_gold,489,E5-4_05,0
P1-E7,direct_full_kd_gold,490,S1-7_01,0
P1-E7,direct_full_kd_gold,491,SBM-1_03,0
P1-E7,direct_full_kd_gold,492,E3-4_01,0
P1-E7,direct_full_kd_gold,493,E1-4_22,0
P1-E7,direct_full_kd_gold,494,S1-6_02,0
P1-E7,direct_full_kd_gold,495,S1-9_02,0
P1-E7,direct_full_kd_gold,496,S1-15_03,0
P1-E7,direct_full_kd_gold,497,S1-6_03,0
P1-E7,direct_full_kd_gold,498,S1-16_05,0
P1-E7,direct_full_kd_gold,499,S1-6_06,0
P1-E7,direct_full_kd_gold,500,S1-9_01,0
P1-E7,direct_full_kd_gold,501,S1-6_20,0
P1-E7,direct_full_kd_gold,502,S1-6_19,0
P1-E7,direct_full_kd_gold,503,E1-5_10,0
P1-E7,direct_full_kd_gold,504,E1-5_11,0
P1-E7,direct_full_kd_gold,505,S1-6_05,0
P1-E7,direct_full_kd_gold,506,S1-13_04,0
P1-E7,direct_full_kd_gold,507,E1-5_06,0
P1-E7,direct_full_kd_gold,508,E1-5_01,0
P1-E7,direct_full_kd_gold,509,E5-5_07,0
P1-E7,direct_full_kd_gold,510,E1-5_12,0
P1-E7,direct_full_kd_gold,511,MDR-T_05,0
P1-E7,direct_full_kd_gold,512,E1-5_13,0
P1-E7,direct_full_kd_gold,513,S1-13_03,0
P1-E7,direct_full_kd_gold,514,E1-5_05,0
P1-E7,direct_full_kd_gold,515,E1-5_02,0
P1-E7,direct_full_kd_gold,516,E1-5_08,0
P1-E7,direct_full_kd_gold,517,E1-5_03,0
P1-E7,direct_full_kd_gold_medium,1,G1-4_02,0
P1-E7,direct_full_kd_gold_medium,2,G1-4_08,1
P1-E7,direct_full_kd_gold_medium,3,G1.MDR-A_01-12,0
P1-E7,direct_full_kd_gold_medium,4,G1-4_05,0
P1-E7,direct_full_kd_gold_medium,5,G1-3_04,0
P1-E7,direct_full_kd_gold_medium,6,S1-17_11,0
P1-E7,direct_full_kd_gold_medium,7,S1-17_13,0
P1-E7,direct_full_kd_gold_medium,8,G1-4_04,0
P1-E7,direct_full_kd_gold_medium,9,G1-4_07,0
P1-E7,direct_full_kd_gold_medium,10,G1-4_06,0
P1-E7,direct_full_kd_gold_medium,11,GOV-2_01,0
P1-E7,direct_full_kd_gold_medium,12,G1-4_01,0
P1-E7,direct_full_kd_gold_medium,13,GOV-2_02,0
P1-E7,direct_full_kd_gold_medium,14,S1-17_05,0
P1-E7,direct_full_kd_gold_medium,15,S1-3_07,0
P1-E7,direct_full_kd_gold_medium,16,S1-17_07,0
P1-E7,direct_full_kd_gold_medium,17,GOV-1_08,0
P1-E7,direct_full_kd_gold_medium,18,S1-4_02,0
P1-E7,direct_full_kd_gold_medium,19,S2-3_04,0
P1-E7,direct_full_kd_gold_medium,20,S2-4_11,0
P1-E7,direct_full_kd_gold_medium,21,S4-3_04,0
P1-E7,direct_full_kd_gold_medium,22,S3-4_05,0
P1-E7,direct_full_kd_gold_medium,23,E2-4_17,0
P1-E7,direct_full_kd_gold_medium,24,IRO-1_03,0
P1-E7,direct_full_kd_gold_medium,25,MDR-A_04,0
P1-E7,direct_full_kd_gold_medium,26,S1-3_01,0
P1-E7,direct_full_kd_gold_medium,27,S3-3_10,0
P1-E7,direct_full_kd_gold_medium,28,S1-4_10,0
P1-E7,direct_full_kd_gold_medium,29,G1.GOV-1_02,0
P1-E7,direct_full_kd_gold_medium,30,S1-3_05,0
P1-E7,direct_full_kd_gold_medium,31,S1-5_06,0
P1-E7,direct_full_kd_gold_medium,32,S4-4_02,0
P1-E7,direct_full_kd_gold_medium,33,S3-4_01,0
P1-E7,direct_full_kd_gold_medium,34,S2-1_04,0
P1-E7,direct_full_kd_gold_medium,35,S3-1_05,0
P1-E7,direct_full_kd_gold_medium,36,S4-3_08,0
P1-E7,direct_full_kd_gold_medium,37,S3-4_06,0
P1-E7,direct_full_kd_gold_medium,38,GOV-1_12,0
P1-E7,direct_full_kd_gold_medium,39,S3-4_02,0
P1-E7,direct_full_kd_gold_medium,40,S4-1_05,0
P1-E7,direct_full_kd_gold_medium,41,S1-3_09,0
P1-E7,direct_full_kd_gold_medium,42,S2-4_05,0
P1-E7,direct_full_kd_gold_medium,43,S3-3_13,0
P1-E7,direct_full_kd_gold_medium,44,S2-4_18,0
P1-E7,direct_full_kd_gold_medium,45,S1-1_06,0
P1-E7,direct_full_kd_gold_medium,46,S4-4_18,0
P1-E7,direct_full_kd_gold_medium,47,S3-4_07,0
P1-E7,direct_full_kd_gold_medium,48,MDR-P_06,0
P1-E7,direct_full_kd_gold_medium,49,MDR-P_05,0
P1-E7,direct_full_kd_gold_medium,50,S3-4_19,0
P1-E7,direct_full_kd_gold_medium,51,S1-4_20,0
P1-E7,direct_full_kd_gold_medium,52,E4-3_10,0
P1-E7,direct_full_kd_gold_medium,53,S2-3_11,0
P1-E7,direct_full_kd_gold_medium,54,S2-4_02,0
P1-E7,direct_full_kd_gold_medium,55,GOV-1_10,0
P1-E7,direct_full_kd_gold_medium,56,MDR-P_07,0
P1-E7,direct_full_kd_gold_medium,57,S2-3_01,0
P1-E7,direct_full_kd_gold_medium,58,S2-3_06,0
P1-E7,direct_full_kd_gold_medium,59,G1.GOV-1_01,0
P1-E7,direct_full_kd_gold_medium,60,S4-3_06,0
P1-E7,direct_full_kd_gold_medium,61,MDR-A_05,0
P1-E7,direct_full_kd_gold_medium,62,GOV-1_11,0
P1-E7,direct_full_kd_gold_medium,63,SBM-3_11,0
P1-E7,direct_full_kd_gold_medium,64,IRO-1_01,0
P1-E7,direct_full_kd_gold_medium,65,S3-4_10,0
P1-E7,direct_full_kd_gold_medium,66,S1-17_03,0
P1-E7,direct_full_kd_gold_medium,67,S2-5_06,0
P1-E7,direct_full_kd_gold_medium,68,S3.MDR-A_01-12,0
P1-E7,direct_full_kd_gold_medium,69,S1-1_07,0
P1-E7,direct_full_kd_gold_medium,70,S4-3_11,0
P1-E7,direct_full_kd_gold_medium,71,S4-5_06,0
P1-E7,direct_full_kd_gold_medium,72,S2-4_01,0
P1-E7,direct_full_kd_gold_medium,73,G1-3_03,0
P1-E7,direct_full_kd_gold_medium,74,S2-4_15,0
P1-E7,direct_full_kd_gold_medium,75,S4-4_01,0
P1-E7,direct_full_kd_gold_medium,76,S1-16_03,0
P1-E7,direct_full_kd_gold_medium,77,S1-4_09,0
P1-E7,direct_full_kd_gold_medium,78,E4-1_09,0
P1-E7,direct_full_kd_gold_medium,79,S2-3_02,0
P1-E7,direct_full_kd_gold_medium,80,S4-4_11,0
P1-E7,direct_full_kd_gold_medium,81,S2-4_12,0
P1-E7,direct_full_kd_gold_medium,82,S1-4_01,0
P1-E7,direct_full_kd_gold_medium,83,S2-1_08,0
P1-E7,direct_full_kd_gold_medium,84,S3-4_12,0
P1-E7,direct_full_kd_gold_medium,85,S3-1_06,0
P1-E7,direct_full_kd_gold_medium,86,BP-2_26,0
P1-E7,direct_full_kd_gold_medium,87,S3-4_04,0
P1-E7,direct_full_kd_gold_medium,88,S4-4_12,0
P1-E7,direct_full_kd_gold_medium,89,S3-5_06,0
P1-E7,direct_full_kd_gold_medium,90,SBM-2_06,0
P1-E7,direct_full_kd_gold_medium,91,S3-3_15,0
P1-E7,direct_full_kd_gold_medium,92,S1-1_21,0
P1-E7,direct_full_kd_gold_medium,93,S1-4_11,0
P1-E7,direct_full_kd_gold_medium,94,S2-4_06,0
P1-E7,direct_full_kd_gold_medium,95,S4-3_01,0
P1-E7,direct_full_kd_gold_medium,96,S1.MDR-A_13-14,0
P1-E7,direct_full_kd_gold_medium,97,S3-3_11,0
P1-E7,direct_full_kd_gold_medium,98,MDR-P_01,0
P1-E7,direct_full_kd_gold_medium,99,S3-3_17,0
P1-E7,direct_full_kd_gold_medium,100,S1-3_11,0
P1-E7,direct_full_kd_gold_medium,101,S4-1_09,0
P1-E7,direct_full_kd_gold_medium,102,S2-5_02,0
P1-E7,direct_full_kd_gold_medium,103,S1-1_14,0
P1-E7,direct_full_kd_gold_medium,104,S3-2_01,0
P1-E7,direct_full_kd_gold_medium,105,IRO-1_05,0
P1-E7,direct_full_kd_gold_medium,106,IRO-1_04,0
P1-E7,direct_full_kd_gold_medium,107,MDR-P_02,0
P1-E7,direct_full_kd_gold_medium,108,S1-4_12,0
P1-E7,direct_full_kd_gold_medium,109,S1-4_05,0
P1-E7,direct_full_kd_gold_medium,110,S3-3_20,0
P1-E7,direct_full_kd_gold_medium,111,S2-3_08,0
P1-E7,direct_full_kd_gold_medium,112,S2.MDR-A_13-14,0
P1-E7,direct_full_kd_gold_medium,113,S2-1_11,0
P1-E7,direct_full_kd_gold_medium,114,S4.MDR-A_13-14,0
P1-E7,direct_full_kd_gold_medium,115,S3-4_11,0
P1-E7,direct_full_kd_gold_medium,116,G1.MDR-A_13-14,0
P1-E7,direct_full_kd_gold_medium,117,G1.MDR-P_01-06,0
P1-E7,direct_full_kd_gold_medium,118,MDR-P_03,0
P1-E7,direct_full_kd_gold_medium,119,E4.MDR-A_13-14,0
P1-E7,direct_full_kd_gold_medium,120,S1-3_02,0
P1-E7,direct_full_kd_gold_medium,121,S1.MDR-P_07-08,0
P1-E7,direct_full_kd_gold_medium,122,E2.MDR-A_13-14,0
P1-E7,direct_full_kd_gold_medium,123,S3-1_09,0
P1-E7,direct_full_kd_gold_medium,124,S3-3_14,0
P1-E7,direct_full_kd_gold_medium,125,S1-3_10,0
P1-E7,direct_full_kd_gold_medium,126,SBM-3_04,0
P1-E7,direct_full_kd_gold_medium,127,S2-4_07,0
P1-E7,direct_full_kd_gold_medium,128,S3-2_08,0
P1-E7,direct_full_kd_gold_medium,129,E2-4_10,0
P1-E7,direct_full_kd_gold_medium,130,S1-17_08,0
P1-E7,direct_full_kd_gold_medium,131,S3.MDR-A_13-14,0
P1-E7,direct_full_kd_gold_medium,132,E1.MDR-P_07-08,0
P1-E7,direct_full_kd_gold_medium,133,S2.MDR-P_07-08,0
P1-E7,direct_full_kd_gold_medium,134,E3.MDR-A_13-14,0
P1-E7,direct_full_kd_gold_medium,135,S4.MDR-P_07-08,0
P1-E7,direct_full_kd_gold_medium,136,E1.GOV-3_03,0
P1-E7,direct_full_kd_gold_medium,137,S2-3_07,0
P1-E7,direct_full_kd_gold_medium,138,SBM-3_07,0
P1-E7,direct_full_kd_gold_medium,139,S1-2_14,0
P1-E7,direct_full_kd_gold_medium,140,S3.MDR-P_07-08,0
P1-E7,direct_full_kd_gold_medium,141,E1.GOV-3_01,0
P1-E7,direct_full_kd_gold_medium,142,S3-4_13,0
P1-E7,direct_full_kd_gold_medium,143,G1.MDR-P_07-08,0
P1-E7,direct_full_kd_gold_medium,144,S4-4_07,0
P1-E7,direct_full_kd_gold_medium,145,S2-5_03,0
P1-E7,direct_full_kd_gold_medium,146,E1.MDR-A_13-14,0
P1-E7,direct_full_kd_gold_medium,147,S3.SBM-3_05,0
P1-E7,direct_full_kd_gold_medium,148,E4.MDR-P_07-08,0
P1-E7,direct_full_kd_gold_medium,149,E2.MDR-P_07-08,0
P1-E7,direct_full_kd_gold_medium,150,MDR-P_08,0
P1-E7,direct_full_kd_gold_medium,151,S3-3_16,0
P1-E7,direct_full_kd_gold_medium,152,S1.MDR-A_01-12,0
P1-E7,direct_full_kd_gold_medium,153,E3.MDR-P_07-08,0
P1-E7,direct_full_kd_gold_medium,154,E5.MDR-A_13-14,0
P1-E7,direct_full_kd_gold_medium,155,S2-4_04,0
P1-E7,direct_full_kd_gold_medium,156,S3.SBM-3_04,0
P1-E7,direct_full_kd_gold_medium,157,S2-3_05,0
P1-E7,direct_full_kd_gold_medium,158,E5.MDR-P_07-08,0
P1-E7,direct_full_kd_gold_medium,159,S1-3_06,0
P1-E7,direct_full_kd_gold_medium,160,S4-1_06,0
P1-E7,direct_full_kd_gold_medium,161,S2.SBM-3_06,0
P1-E7,direct_full_kd_gold_medium,162,SBM-1_05,0
P1-E7,direct_full_kd_gold_medium,163,S2-3_03,0
P1-E7,direct_full_kd_gold_medium,164,S2.SBM-3_05,0
P1-E7,direct_full_kd_gold_medium,165,MDR-A_14,0
P1-E7,direct_full_kd_gold_medium,166,S2-3_12,0
P1-E7,direct_full_kd_gold_medium,167,S4-4_05,0
P1-E7,direct_full_kd_gold_medium,168,S1.SBM-3_03,0
P1-E7,direct_full_kd_gold_medium,169,MDR-T_17,0
P1-E7,direct_full_kd_gold_medium,170,S3-4_03,0
P1-E7,direct_full_kd_gold_medium,171,S4-3_03,0
P1-E7,direct_full_kd_gold_medium,172,S3-4_15,0
P1-E7,direct_full_kd_gold_medium,173,IRO-1_02,0
P1-E7,direct_full_kd_gold_medium,174,S2-2_02,0
P1-E7,direct_full_kd_gold_medium,175,S3-1_01,0
P1-E7,direct_full_kd_gold_medium,176,SBM-3_09,0
P1-E7,direct_full_kd_gold_medium,177,S3-1_02,0
P1-E7,direct_full_kd_gold_medium,178,MDR-A_13,0
P1-E7,direct_full_kd_gold_medium,179,S4-3_02,0
P1-E7,direct_full_kd_gold_medium,180,MDR-A_15,0
P1-E7,direct_full_kd_gold_medium,181,S3.MDR-T_01-13,0
P1-E7,direct_full_kd_gold_medium,182,S4-4_06,0
P1-E7,direct_full_kd_gold_medium,183,S1-17_01,0
P1-E7,direct_full_kd_gold_medium,184,S3-2_05,0
P1-E7,direct_full_kd_gold_medium,185,S3-2_06,0
P1-E7,direct_full_kd_gold_medium,186,S4-4_04,0
P1-E7,direct_full_kd_gold_medium,187,GOV-1_04,0
P1-E7,direct_full_kd_gold_medium,188,S4.MDR-A_01-12,0
P1-E7,direct_full_kd_gold_medium,189,GOV-3_02,0
P1-E7,direct_full_kd_gold_medium,190,S3-2_09,0
P1-E7,direct_full_kd_gold_medium,191,S2-3_09,0
P1-E7,direct_full_kd_gold_medium,192,MDR-A_06,0
P1-E7,direct_full_kd_gold_medium,193,S1.SBM-3_04,0
P1-E7,direct_full_kd_gold_medium,194,S2.MDR-A_01-12,0
P1-E7,direct_full_kd_gold_medium,195,GOV-3_03,0
P1-E7,direct_full_kd_gold_medium,196,S1-6_16,0
P1-E7,direct_full_kd_gold_medium,197,SBM-2_01,0
P1-E7,direct_full_kd_gold_medium,198,S1-1_09,0
P1-E7,direct_full_kd_gold_medium,199,E3.IRO-1_02,0
P1-E7,direct_full_kd_gold_medium,200,S3-5_03,0
P1-E7,direct_full_kd_gold_medium,201,S3-3_18,0
P1-E7,direct_full_kd_gold_medium,202,SBM-2_05,0
P1-E7,direct_full_kd_gold_medium,203,SBM-1_08,0
P1-E7,direct_full_kd_gold_medium,204,SBM-2_04,0
P1-E7,direct_full_kd_gold_medium,205,MDR-A_01,0
P1-E7,direct_full_kd_gold_medium,206,S3-5_02,0
P1-E7,direct_full_kd_gold_medium,207,S4-1_01,0
P1-E7,direct_full_kd_gold_medium,208,GOV-1_03,0
P1-E7,direct_full_kd_gold_medium,209,S2-1_03,0
P1-E7,direct_full_kd_gold_medium,210,E1.MDR-T_01-13,0
P1-E7,direct_full_kd_gold_medium,211,S2-2_08,0
P1-E7,direct_full_kd_gold_medium,212,S2-2_07,0
P1-E7,direct_full_kd_gold_medium,213,S1-7_09,0
P1-E7,direct_full_kd_gold_medium,214,S2-4_03,0
P1-E7,direct_full_kd_gold_medium,215,E2.IRO-1_03,0
P1-E7,direct_full_kd_gold_medium,216,E4.MDR-T_01-13,0
P1-E7,direct_full_kd_gold_medium,217,S1-3_08,0
P1-E7,direct_full_kd_gold_medium,218,IRO-1_06,0
P1-E7,direct_full_kd_gold_medium,219,S2-2_01,0
P1-E7,direct_full_kd_gold_medium,220,S3-3_12,0
P1-E7,direct_full_kd_gold_medium,221,SBM-2_03,0
P1-E7,direct_full_kd_gold_medium,222,S1-1_01,0
P1-E7,direct_full_kd_gold_medium,223,S1-7_06,0
P1-E7,direct_full_kd_gold_medium,224,SBM-3_02,0
P1-E7,direct_full_kd_gold_medium,225,E5.MDR-T_01-13,0
P1-E7,direct_full_kd_gold_medium,226,S1-14_05,0
P1-E7,direct_full_kd_gold_medium,227,IRO-1_14,0
P1-E7,direct_full_kd_gold_medium,228,S3-1_04,0
P1-E7,direct_full_kd_gold_medium,229,E5.IRO-1_01,0
P1-E7,direct_full_kd_gold_medium,230,MDR-M_01,0
P1-E7,direct_full_kd_gold_medium,231,MDR-P_09,0
P1-E7,direct_full_kd_gold_medium,232,S2-2_09,0
P1-E7,direct_full_kd_gold_medium,233,SBM-3_08,0
P1-E7,direct_full_kd_gold_medium,234,S4.SBM-3_05,0
P1-E7,direct_full_kd_gold_medium,235,S4-1_02,0
P1-E7,direct_full_kd_gold_medium,236,S1-4_13,0
P1-E7,direct_full_kd_gold_medium,237,E2-3_09,0
P1-E7,direct_full_kd_gold_medium,238,E2.MDR-T_01-13,0
P1-E7,direct_full_kd_gold_medium,239,S1-1_10,0
P1-E7,direct_full_kd_gold_medium,240,E3-4_06,0
P1-E7,direct_full_kd_gold_medium,241,S1-5_02,0
P1-E7,direct_full_kd_gold_medium,242,SBM-2_02,0
P1-E7,direct_full_kd_gold_medium,243,S2-1_01,0
P1-E7,direct_full_kd_gold_medium,244,S2-2_06,0
P1-E7,direct_full_kd_gold_medium,245,E1.MDR-T_14-19,0
P1-E7,direct_full_kd_gold_medium,246,E5-2_05,0
P1-E7,direct_full_kd_gold_medium,247,E3.MDR-T_01-13,0
P1-E7,direct_full_kd_gold_medium,248,S3-2_02,0
P1-E7,direct_full_kd_gold_medium,249,SBM-2_12,0
P1-E7,direct_full_kd_gold_medium,250,S1-17_02,0
P1-E7,direct_full_kd_gold_medium,251,S1-14_04,0
P1-E7,direct_full_kd_gold_medium,252,S1-2_10,0
P1-E7,direct_full_kd_gold_medium,253,S2-1_06,0
P1-E7,direct_full_kd_gold_medium,254,S1.MDR-T_14-19,0
P1-E7,direct_full_kd_gold_medium,255,S1-4_16,0
P1-E7,direct_full_kd_gold_medium,256,S4-3_05,0
P1-E7,direct_full_kd_gold_medium,257,S1-6_13,0
P1-E7,direct_full_kd_gold_medium,258,S4-3_07,0
P1-E7,direct_full_kd_gold_medium,259,G1-5_11,0
P1-E7,direct_full_kd_gold_medium,260,S4-3_13,0
P1-E7,direct_full_kd_gold_medium,261,S1-4_04,0
P1-E7,direct_full_kd_gold_medium,262,S1-4_03,0
P1-E7,direct_full_kd_gold_medium,263,MDR-T_21,0
P1-E7,direct_full_kd_gold_medium,264,S2-4_13,0
P1-E7,direct_full_kd_gold_medium,265,E5-5_03,0
P1-E7,direct_full_kd_gold_medium,266,S1-4_14,0
P1-E7,direct_full_kd_gold_medium,267,S4-4_13,0
P1-E7,direct_full_kd_gold_medium,268,S1-1_12,0
P1-E7,direct_full_kd_gold_medium,269,SBM-3_01,0
P1-E7,direct_full_kd_gold_medium,270,E4-5_06,0
P1-E7,direct_full_kd_gold_medium,271,S1-5_03,0
P1-E7,direct_full_kd_gold_medium,272,S4-2_07,0
P1-E7,direct_full_kd_gold_medium,273,G1-1_10,0
P1-E7,direct_full_kd_gold_medium,274,S1-2_12,0
P1-E7,direct_full_kd_gold_medium,275,E4.MDR-T_14-19,0
P1-E7,direct_full_kd_gold_medium,276,S4.SBM-3_04,0
P1-E7,direct_full_kd_gold_medium,277,E2.MDR-T_14-19,0
P1-E7,direct_full_kd_gold_medium,278,S2.MDR-T_14-19,0
P1-E7,direct_full_kd_gold_medium,279,MDR-T_16,0
P1-E7,direct_full_kd_gold_medium,280,S4.MDR-T_14-19,0
P1-E7,direct_full_kd_gold_medium,281,S1-2_08,0
P1-E7,direct_full_kd_gold_medium,282,S1-3_04,0
P1-E7,direct_full_kd_gold_medium,283,E5.MDR-T_14-19,0
P1-E7,direct_full_kd_gold_medium,284,S1-12_01,0
P1-E7,direct_full_kd_gold_medium,285,S1-11_07,0
P1-E7,direct_full_kd_gold_medium,286,E3.MDR-T_14-19,0
P1-E7,direct_full_kd_gold_medium,287,S1-14_06,0
P1-E7,direct_full_kd_gold_medium,288,S4-4_03,0
P1-E7,direct_full_kd_gold_medium,289,MDR-T_14,0
P1-E7,direct_full_kd_gold_medium,290,S1-1_13,0
P1-E7,direct_full_kd_gold_medium,291,E2.MDR-A_01-12,0
P1-E7,direct_full_kd_gold_medium,292,S4-4_15,0
P1-E7,direct_full_kd_gold_medium,293,S4-2_09,0
P1-E7,direct_full_kd_gold_medium,294,S1-2_01,0
P1-E7,direct_full_kd_gold_medium,295,S4-5_02,0
P1-E7,direct_full_kd_gold_medium,296,S3.MDR-T_14-19,0
P1-E7,direct_full_kd_gold_medium,297,S1.MDR-T_01-13,0
P1-E7,direct_full_kd_gold_medium,298,S4-3_09,0
P1-E7,direct_full_kd_gold_medium,299,MDR-T_13,0
P1-E7,direct_full_kd_gold_medium,300,SBM-1_23,0
P1-E7,direct_full_kd_gold_medium,301,S1-2_09,0
P1-E7,direct_full_kd_gold_medium,302,BP-2_25,0
P1-E7,direct_full_kd_gold_medium,303,S4-2_01,0
P1-E7,direct_full_kd_gold_medium,304,SBM-1_28,0
P1-E7,direct_full_kd_gold_medium,305,MDR-T_09,0
P1-E7,direct_full_kd_gold_medium,306,S4.MDR-T_01-13,0
P1-E7,direct_full_kd_gold_medium,307,S1-2_07,0
P1-E7,direct_full_kd_gold_medium,308,BP-2_23,0
P1-E7,direct_full_kd_gold_medium,309,E3-3_08,0
P1-E7,direct_full_kd_gold_medium,310,GOV-3_04,0
P1-E7,direct_full_kd_gold_medium,311,S1-14_08,0
P1-E7,direct_full_kd_gold_medium,312,GOV-3_01,0
P1-E7,direct_full_kd_gold_medium,313,S1-11_09,0
P1-E7,direct_full_kd_gold_medium,314,S2.MDR-T_01-13,0
P1-E7,direct_full_kd_gold_medium,315,E3.IRO-1_01,0
P1-E7,direct_full_kd_gold_medium,316,S1-1_03,0
P1-E7,direct_full_kd_gold_medium,317,GOV-1_16,0
P1-E7,direct_full_kd_gold_medium,318,S4-2_03,0
P1-E7,direct_full_kd_gold_medium,319,BP-2_21,0
P1-E7,direct_full_kd_gold_medium,320,E1-6_26,0
P1-E7,direct_full_kd_gold_medium,321,S4-5_03,0
P1-E7,direct_full_kd_gold_medium,322,S1-6_08,0
P1-E7,direct_full_kd_gold_medium,323,S1-7_10,0
P1-E7,direct_full_kd_gold_medium,324,E5-5_18,0
P1-E7,direct_full_kd_gold_medium,325,S1-2_03,0
P1-E7,direct_full_kd_gold_medium,326,S3-3_21,0
P1-E7,direct_full_kd_gold_medium,327,E4-5_07,0
P1-E7,direct_full_kd_gold_medium,328,S3-2_03,0
P1-E7,direct_full_kd_gold_medium,329,S2-2_03,0
P1-E7,direct_full_kd_gold_medium,330,GOV-1_17,0
P1-E7,direct_full_kd_gold_medium,331,S4-2_08,0
P1-E7,direct_full_kd_gold_medium,332,BP-1_04,0
P1-E7,direct_full_kd_gold_medium,333,S1-1_05,0
P1-E7,direct_full_kd_gold_medium,334,E5.MDR-A_01-12,0
P1-E7,direct_full_kd_gold_medium,335,E2-4_09,0
P1-E7,direct_full_kd_gold_medium,336,E4-1_11,0
P1-E7,direct_full_kd_gold_medium,337,MDR-T_20,0
P1-E7,direct_full_kd_gold_medium,338,E5-5_17,0
P1-E7,direct_full_kd_gold_medium,339,SBM-1_02,0
P1-E7,direct_full_kd_gold_medium,340,E3-2_02,0
P1-E7,direct_full_kd_gold_medium,341,SBM-1_25,0
P1-E7,direct_full_kd_gold_medium,342,E4-2_01,0
P1-E7,direct_full_kd_gold_medium,343,E2-4_15,0
P1-E7,direct_full_kd_gold_medium,344,E4-5_18,0
P1-E7,direct_full_kd_gold_medium,345,S3-4_17,0
P1-E7,direct_full_kd_gold_medium,346,MDR-T_04,0
P1-E7,direct_full_kd_gold_medium,347,S1-11_11,0
P1-E7,direct_full_kd_gold_medium,348,S1-2_06,0
P1-E7,direct_full_kd_gold_medium,349,E5-2_08,0
P1-E7,direct_full_kd_gold_medium,350,BP-2_27,0
P1-E7,direct_full_kd_gold_medium,351,E2-2_01,0
P1-E7,direct_full_kd_gold_medium,352,SBM-1_07,0
P1-E7,direct_full_kd_gold_medium,353,S4-2_06,0
P1-E7,direct_full_kd_gold_medium,354,E2-3_06,0
P1-E7,direct_full_kd_gold_medium,355,S1-14_03,0
P1-E7,direct_full_kd_gold_medium,356,S1-2_11,0
P1-E7,direct_full_kd_gold_medium,357,E1-4_01,0
P1-E7,direct_full_kd_gold_medium,358,E2-3_05,0
P1-E7,direct_full_kd_gold_medium,359,SBM-1_17,0
P1-E7,direct_full_kd_gold_medium,360,S1-14_07,0
P1-E7,direct_full_kd_gold_medium,361,E2-4_01,0
P1-E7,direct_full_kd_gold_medium,362,S1-6_07,0
P1-E7,direct_full_kd_gold_medium,363,E5-2_06,0
P1-E7,direct_full_kd_gold_medium,364,S1-8_04,0
P1-E7,direct_full_kd_gold_medium,365,SBM-1_15,0
P1-E7,direct_full_kd_gold_medium,366,SBM-1_01,0
P1-E7,direct_full_kd_gold_medium,367,S4-3_12,0
P1-E7,direct_full_kd_gold_medium,368,S1-2_02,0
P1-E7,direct_full_kd_gold_medium,369,S4-1_04,0
P1-E7,direct_full_kd_gold_medium,370,S1-7_08,0
P1-E7,direct_full_kd_gold_medium,371,SBM-1_09,0
P1-E7,direct_full_kd_gold_medium,372,S1-14_09,0
P1-E7,direct_full_kd_gold_medium,373,E3-2_01,0
P1-E7,direct_full_kd_gold_medium,374,E4.IRO-1_15,0
P1-E7,direct_full_kd_gold_medium,375,MDR-T_10,0
P1-E7,direct_full_kd_gold_medium,376,E4-3_01,0
P1-E7,direct_full_kd_gold_medium,377,S1-1_08,0
P1-E7,direct_full_kd_gold_medium,378,S1-8_08,0
P1-E7,direct_full_kd_gold_medium,379,BP-2_22,0
P1-E7,direct_full_kd_gold_medium,380,E4-5_09,0
P1-E7,direct_full_kd_gold_medium,381,E3.MDR-A_01-12,0
P1-E7,direct_full_kd_gold_medium,382,E4-3_14,0
P1-E7,direct_full_kd_gold_medium,383,S4-2_02,0
P1-E7,direct_full_kd_gold_medium,384,E1-4_06,0
P1-E7,direct_full_kd_gold_medium,385,E4-3_15,0
P1-E7,direct_full_kd_gold_medium,386,S1-6_15,0
P1-E7,direct_full_kd_gold_medium,387,E1.SBM-3_01,0
P1-E7,direct_full_kd_gold_medium,388,E1-4_09,0
P1-E7,direct_full_kd_gold_medium,389,BP-1_02,0
P1-E7,direct_full_kd_gold_medium,390,S2-1_05,0
P1-E7,direct_full_kd_gold_medium,391,E1-6_27,0
P1-E7,direct_full_kd_gold_medium,392,E3-3_04,0
P1-E7,direct_full_kd_gold_medium,393,E4-5_14,0
P1-E7,direct_full_kd_gold_medium,394,S1-11_10,0
P1-E7,direct_full_kd_gold_medium,395,E5-2_07,0
P1-E7,direct_full_kd_gold_medium,396,E1-4_15,0
P1-E7,direct_full_kd_gold_medium,397,GOV-1_07,0
P1-E7,direct_full_kd_gold_medium,398,S1-11_06,0
P1-E7,direct_full_kd_gold_medium,399,S1-11_01,0
P1-E7,direct_full_kd_gold_medium,400,E1-4_25,0
P1-E7,direct_full_kd_gold_medium,401,S1-7_05,0
P1-E7,direct_full_kd_gold_medium,402,S1-6_14,0
P1-E7,direct_full_kd_gold_medium,403,E4-2_02,0
P1-E7,direct_full_kd_gold_medium,404,BP-1_01,0
P1-E7,direct_full_kd_gold_medium,405,GOV-1_02,0
P1-E7,direct_full_kd_gold_medium,406,S1-10_01,0
P1-E7,direct_full_kd_gold_medium,407,MDR-T_18,0
P1-E7,direct_full_kd_gold_medium,408,MDR-T_07,0
P1-E7,direct_full_kd_gold_medium,409,SBM-1_06,0
P1-E7,direct_full_kd_gold_medium,410,E1-4_12,0
P1-E7,direct_full_kd_gold_medium,411,E1-6_04,0
P1-E7,direct_full_kd_gold_medium,412,S1-14_02,0
P1-E7,direct_full_kd_gold_medium,413,S1-7_07,0
P1-E7,direct_full_kd_gold_medium,414,GOV-1_01,0
P1-E7,direct_full_kd_gold_medium,415,S1-14_12,0
P1-E7,direct_full_kd_gold_medium,416,G1-2_02,0
P1-E7,direct_full_kd_gold_medium,417,E5-2_02,0
P1-E7,direct_full_kd_gold_medium,418,E5-5_09,0
P1-E7,direct_full_kd_gold_medium,419,E4-5_08,0
P1-E7,direct_full_kd_gold_medium,420,S4-2_05,0
P1-E7,direct_full_kd_gold_medium,421,S1-11_03,0
P1-E7,direct_full_kd_gold_medium,422,E1.MDR-A_01-12,0
P1-E7,direct_full_kd_gold_medium,423,GOV-1_05,0
P1-E7,direct_full_kd_gold_medium,424,E1-2_01,0
P1-E7,direct_full_kd_gold_medium,425,E5-5_15,0
P1-E7,direct_full_kd_gold_medium,426,E1-6_07,0
P1-E7,direct_full_kd_gold_medium,427,E4.MDR-A_01-12,0
P1-E7,direct_full_kd_gold_medium,428,E1-9_41,0
P1-E7,direct_full_kd_gold_medium,429,SBM-1_21,0
P1-E7,direct_full_kd_gold_medium,430,E1-6_11,0
P1-E7,direct_full_kd_gold_medium,431,E5-5_08,0
P1-E7,direct_full_kd_gold_medium,432,S1-11_04,0
P1-E7,direct_full_kd_gold_medium,433,S1-1_22,0
P1-E7,direct_full_kd_gold_medium,434,GOV-1_06,0
P1-E7,direct_full_kd_gold_medium,435,SBM-1_19,0
P1-E7,direct_full_kd_gold_medium,436,S1-6_12,0
P1-E7,direct_full_kd_gold_medium,437,E1-6_01,0
P1-E7,direct_full_kd_gold_medium,438,BP-2_24,0
P1-E7,direct_full_kd_gold_medium,439,S1-11_05,0
P1-E7,direct_full_kd_gold_medium,440,E1-6_28,0
P1-E7,direct_full_kd_gold_medium,441,S1-6_04,0
P1-E7,direct_full_kd_gold_medium,442,E1-9_01,0
P1-E7,direct_full_kd_gold_medium,443,S1-7_03,0
P1-E7,direct_full_kd_gold_medium,444,E1-9_02,0
P1-E7,direct_full_kd_gold_medium,445,E3-4_05,0
P1-E7,direct_full_kd_gold_medium,446,E1-9_14,0
P1-E7,direct_full_kd_gold_medium,447,E1-6_31,0
P1-E7,direct_full_kd_gold_medium,448,S1-6_11,0
P1-E7,direct_full_kd_gold_medium,449,S1-6_01,0
P1-E7,direct_full_kd_gold_medium,450,E5-2_03,0
P1-E7,direct_full_kd_gold_medium,451,S1-13_02,0
P1-E7,direct_full_kd_gold_medium,452,E1-6_30,0
P1-E7,direct_full_kd_gold_medium,453,E1-9_03,0
P1-E7,direct_full_kd_gold_medium,454,MDR-T_02,0
P1-E7,direct_full_kd_gold_medium,455,E1-4_03,0
P1-E7,direct_full_kd_gold_medium,456,S1-13_06,0
P1-E7,direct_full_kd_gold_medium,457,S1-10_02,0
P1-E7,direct_full_kd_gold_medium,458,S1-13_05,0
P1-E7,direct_full_kd_gold_medium,459,S1-6_18,0
P1-E7,direct_full_kd_gold_medium,460,S1-10_03,0
P1-E7,direct_full_kd_gold_medium,461,S1-16_01,0
P1-E7,direct_full_kd_gold_medium,462,S1-9_03,0
P1-E7,direct_full_kd_gold_medium,463,E1-6_17,0
P1-E7,direct_full_kd_gold_medium,464,S1-8_01,0
P1-E7,direct_full_kd_gold_medium,465,S1-8_03,0
P1-E7,direct_full_kd_gold_medium,466,E1-9_42,0
P1-E7,direct_full_kd_gold_medium,467,S1-16_02,0
P1-E7,direct_full_kd_gold_medium,468,S1-15_02,0
P1-E7,direct_full_kd_gold_medium,469,S1-9_05,0
P1-E7,direct_full_kd_gold_medium,470,S1-10_04,0
P1-E7,direct_full_kd_gold_medium,471,S1-16_04,0
P1-E7,direct_full_kd_gold_medium,472,S1-15_01,0
P1-E7,direct_full_kd_gold_medium,473,E3-4_12,0
P1-E7,direct_full_kd_gold_medium,474,SBM-1_04,0
P1-E7,direct_full_kd_gold_medium,475,S1-6_09,0
P1-E7,direct_full_kd_gold_medium,476,E3-4_11,0
P1-E7,direct_full_kd_gold_medium,477,E2-4_02,0
P1-E7,direct_full_kd_gold_medium,478,E1-5_18,0
P1-E7,direct_full_kd_gold_medium,479,S1-9_04,0
P1-E7,direct_full_kd_gold_medium,480,E3-4_02,0
P1-E7,direct_full_kd_gold_medium,481,E5-5_16,0
P1-E7,direct_full_kd_gold_medium,482,E1-3_03,0
P1-E7,direct_full_kd_gold_medium,483,S1-7_02,0
P1-E7,direct_full_kd_gold_medium,484,E1-5_07,0
P1-E7,direct_full_kd_gold_medium,485,E1-5_14,0
P1-E7,direct_full_kd_gold_medium,486,S1-6_10,0
P1-E7,direct_full_kd_gold_medium,487,S1-7_01,0
P1-E7,direct_full_kd_gold_medium,488,SBM-1_03,0
P1-E7,direct_full_kd_gold_medium,489,E3-4_01,0
P1-E7,direct_full_kd_gold_medium,490,E5-4_05,0
P1-E7,direct_full_kd_gold_medium,491,S1-8_02,0
P1-E7,direct_full_kd_gold_medium,492,S1-13_01,0
P1-E7,direct_full_kd_gold_medium,493,S1-16_05,0
P1-E7,direct_full_kd_gold_medium,494,S1-15_03,0
P1-E7,direct_full_kd_gold_medium,495,S1-6_02,0
P1-E7,direct_full_kd_gold_medium,496,S1-6_03,0
P1-E7,direct_full_kd_gold_medium,497,S1-9_02,0
P1-E7,direct_full_kd_gold_medium,498,E1-4_22,0
P1-E7,direct_full_kd_gold_medium,499,S1-6_06,0
P1-E7,direct_full_kd_gold_medium,500,S1-9_01,0
P1-E7,direct_full_kd_gold_medium,501,S1-6_20,0
P1-E7,direct_full_kd_gold_medium,502,S1-6_19,0
P1-E7,direct_full_kd_gold_medium,503,E1-5_10,0
P1-E7,direct_full_kd_gold_medium,504,S1-6_05,0
P1-E7,direct_full_kd_gold_medium,505,E5-5_07,0
P1-E7,direct_full_kd_gold_medium,506,E1-5_11,0
P1-E7,direct_full_kd_gold_medium,507,S1-13_04,0
P1-E7,direct_full_kd_gold_medium,508,E1-5_01,0
P1-E7,direct_full_kd_gold_medium,509,E1-5_06,0
P1-E7,direct_full_kd_gold_medium,510,MDR-T_05,0
P1-E7,direct_full_kd_gold_medium,511,E1-5_12,0
P1-E7,direct_full_kd_gold_medium,512,S1-13_03,0
P1-E7,direct_full_kd_gold_medium,513,E1-5_13,0
P1-E7,direct_full_kd_gold_medium,514,E1-5_05,0
P1-E7,direct_full_kd_gold_medium,515,E1-5_02,0
P1-E7,direct_full_kd_gold_medium,516,E1-5_08,0
P1-E7,direct_full_kd_gold_medium,517,E1-5_03,0
P5-E2,direct,1,S1-16_05,1
P5-E2,direct,2,S1-16_04,1
P5-E2,direct,3,S1-16_01,1
P5-E2,direct,4,S1-10_01,0
P5-E2,direct,5,S1-10_02,0
P5-E2,direct,6,S1-10_03,0
P5-E2,direct,7,S1-7_01,0
P5-E2,direct,8,S1-10_04,1
P5-E2,direct,9,S1-6_01,0
P5-E2,direct,10,S1-9_01,0
P5-E2,direct,11,S1-6_07,0
P5-E2,direct,12,S1-7_02,0
P5-E2,direct,13,S1-9_02,0
P5-E2,direct,14,GOV-1_03,0
P5-E2,direct,15,S1-7_03,0
P5-E2,direct,16,S1-6_09,0
P5-E2,direct,17,S1-11_06,0
P5-E2,direct,18,S1-6_05,0
P5-E2,direct,19,S1-6_06,0
P5-E2,direct,20,S1-16_02,0
P5-E2,direct,21,S1-13_01,0
P5-E2,direct,22,S1-6_10,0
P5-E2,direct,23,S1-6_19,0
P5-E2,direct,24,S1-13_04,0
P5-E2,direct,25,S1-6_20,0
P5-E2,direct,26,S1-6_15,0
P5-E2,direct,27,S1-15_03,0
P5-E2,direct,28,S1-6_03,0
P5-E2,direct,29,S1-6_08,0
P5-E2,direct,30,S1-7_10,0
P5-E2,direct,31,S1-7_09,0
P5-E2,direct,32,S1-6_04,0
P5-E2,direct,33,S1-7_08,0
P5-E2,direct,34,S1-8_04,0
P5-E2,direct,35,S1-13_03,0
P5-E2,direct,36,S1-8_01,0
P5-E2,direct,37,S1-11_10,0
P5-E2,direct,38,S1-6_02,0
P5-E2,direct,39,S1-11_04,0
P5-E2,direct,40,GOV-1_05,0
P5-E2,direct,41,S1-6_14,0
P5-E2,direct,42,S1-11_05,0
P5-E2,direct,43,S1-9_03,0
P5-E2,direct,44,S1-11_01,0
P5-E2,direct,45,S1-7_07,0
P5-E2,direct,46,SBM-1_04,0
P5-E2,direct,47,S1-17_08,0
P5-E2,direct,48,S1-14_07,0
P5-E2,direct,49,S1-9_04,0
P5-E2,direct,50,S1-17_11,0
P5-E2,direct,51,S1-1_03,0
P5-E2,direct,52,S1-11_09,0
P5-E2,direct,53,S1-6_18,0
P5-E2,direct,54,S1-11_07,0
P5-E2,direct,55,S1-11_03,0
P5-E2,direct,56,S1-6_11,0
P5-E2,direct,57,SBM-1_03,0
P5-E2,direct,58,S1-13_06,0
P5-E2,direct,59,S1-11_11,0
P5-E2,direct,60,S1-14_09,0
P5-E2,direct,61,S1-14_02,0
P5-E2,direct,62,GOV-3_01,0
P5-E2,direct,63,S1-9_05,0
P5-E2,direct,64,S1-6_12,0
P5-E2,direct,65,S1-7_06,0
P5-E2,direct,66,S1-6_16,0
P5-E2,direct,67,S1-1_01,0
P5-E2,direct,68,S1-7_05,0
P5-E2,direct,69,E1-6_04,0
P5-E2,direct,70,GOV-1_06,0
P5-E2,direct,71,E1.GOV-3_01,0
P5-E2,direct,72,S1-8_02,0
P5-E2,direct,73,S1-6_13,0
P5-E2,direct,74,S1-17_07,0
P5-E2,direct,75,SBM-1_06,0
P5-E2,direct,76,E1-6_01,0
P5-E2,direct,77,S1-15_01,0
P5-E2,direct,78,S1-15_02,0
P5-E2,direct,79,S1-14_04,0
P5-E2,direct,80,S1-14_06,0
P5-E2,direct,81,E1.GOV-3_03,0
P5-E2,direct,82,S1-2_01,0
P5-E2,direct,83,S1-2_12,0
P5-E2,direct,84,GOV-3_02,0
P5-E2,direct,85,S1-4_16,0
P5-E2,direct,86,S1-17_03,0
P5-E2,direct,87,MDR-P_03,0
P5-E2,direct,88,S1-14_03,0
P5-E2,direct,89,S1-12_01,0
P5-E2,direct,90,S1-3_04,0
P5-E2,direct,91,S1-2_11,0
P5-E2,direct,92,S1-8_03,0
P5-E2,direct,93,S1-14_08,0
P5-E2,direct,94,S1-3_05,0
P5-E2,direct,95,GOV-1_02,0
P5-E2,direct,96,GOV-1_12,0
P5-E2,direct,97,S1-13_02,0
P5-E2,direct,98,GOV-1_01,0
P5-E2,direct,99,S2-1_01,0
P5-E2,direct,100,S1-5_02,0
P5-E2,direct,101,S1-13_05,0
P5-E2,direct,102,S1-14_05,0
P5-E2,direct,103,S1.MDR-T_01-13,0
P5-E2,direct,104,S1-3_08,0
P5-E2,direct,105,S1-1_05,0
P5-E2,direct,106,G1-5_11,0
P5-E2,direct,107,GOV-3_04,0
P5-E2,direct,108,S1-1_12,0
P5-E2,direct,109,S1-17_05,0
P5-E2,direct,110,S1-4_05,0
P5-E2,direct,111,S1-17_02,0
P5-E2,direct,112,S1-17_01,0
P5-E2,direct,113,S1-4_01,0
P5-E2,direct,114,SBM-1_07,0
P5-E2,direct,115,S1-5_03,0
P5-E2,direct,116,G1.GOV-1_01,0
P5-E2,direct,117,MDR-P_01,0
P5-E2,direct,118,E1-6_31,0
P5-E2,direct,119,S1-4_03,0
P5-E2,direct,120,S4-3_13,0
P5-E2,direct,121,S1-2_07,0
P5-E2,direct,122,E1-6_07,0
P5-E2,direct,123,S1.MDR-A_01-12,0
P5-E2,direct,124,S1-2_02,0
P5-E2,direct,125,E1-6_30,0
P5-E2,direct,126,S2-3_09,0
P5-E2,direct,127,GOV-3_03,0
P5-E2,direct,128,S1-1_21,0
P5-E2,direct,129,GOV-2_01,0
P5-E2,direct,130,S2-1_03,0
P5-E2,direct,131,G1-4_06,0
P5-E2,direct,132,S1-8_08,0
P5-E2,direct,133,S1-14_12,0
P5-E2,direct,134,G1-3_03,0
P5-E2,direct,135,S1-2_06,0
P5-E2,direct,136,S1-3_02,0
P5-E2,direct,137,E1-4_15,0
P5-E2,direct,138,S1-4_04,0
P5-E2,direct,139,S1-3_01,0
P5-E2,direct,140,E1-4_03,0
P5-E2,direct,141,S1.SBM-3_04,0
P5-E2,direct,142,S1-2_08,0
P5-E2,direct,143,G1.GOV-1_02,0
P5-E2,direct,144,G1.MDR-P_01-06,0
P5-E2,direct,145,S2.MDR-T_01-13,0
P5-E2,direct,146,E1-4_06,0
P5-E2,direct,147,E1-6_11,0
P5-E2,direct,148,S1-5_06,0
P5-E2,direct,149,S1.SBM-3_03,0
P5-E2,direct,150,G1-1_10,0
P5-E2,direct,151,MDR-P_02,0
P5-E2,direct,152,GOV-1_08,0
P5-E2,direct,153,GOV-1_07,0
P5-E2,direct,154,GOV-2_02,0
P5-E2,direct,155,S4-1_09,0
P5-E2,direct,156,E5.MDR-A_01-12,0
P5-E2,direct,157,S2-4_04,0
P5-E2,direct,158,S1-1_14,0
P5-E2,direct,159,E5-5_16,0
P5-E2,direct,160,E1-5_01,0
P5-E2,direct,161,S2-2_01,0
P5-E2,direct,162,E5-5_15,0
P5-E2,direct,163,E3-4_01,0
P5-E2,direct,164,E1.MDR-P_07-08,0
P5-E2,direct,165,BP-2_27,0
P5-E2,direct,166,MDR-T_02,0
P5-E2,direct,167,S1-1_09,0
P5-E2,direct,168,E2.MDR-P_07-08,0
P5-E2,direct,169,G1.MDR-P_07-08,0
P5-E2,direct,170,MDR-A_06,0
P5-E2,direct,171,MDR-P_05,0
P5-E2,direct,172,S2-3_02,0
P5-E2,direct,173,GOV-1_04,0
P5-E2,direct,174,S2.MDR-A_01-12,0
P5-E2,direct,175,S2-4_06,0
P5-E2,direct,176,E5-2_08,0
P5-E2,direct,177,E4.MDR-P_07-08,0
P5-E2,direct,178,S1-1_08,0
P5-E2,direct,179,E1-4_12,0
P5-E2,direct,180,S2-5_06,0
P5-E2,direct,181,E1-5_14,0
P5-E2,direct,182,S4-5_06,0
P5-E2,direct,183,S2-1_05,0
P5-E2,direct,184,S2-2_06,0
P5-E2,direct,185,S1.MDR-P_07-08,0
P5-E2,direct,186,S2-3_05,0
P5-E2,direct,187,E1-5_07,0
P5-E2,direct,188,E1-4_09,0
P5-E2,direct,189,S2-1_11,0
P5-E2,direct,190,BP-2_25,0
P5-E2,direct,191,IRO-1_14,0
P5-E2,direct,192,SBM-3_08,0
P5-E2,direct,193,S2-4_05,0
P5-E2,direct,194,MDR-T_05,0
P5-E2,direct,195,MDR-P_09,0
P5-E2,direct,196,S2-4_15,0
P5-E2,direct,197,S1-16_03,0
P5-E2,direct,198,E5-5_09,0
P5-E2,direct,199,MDR-A_05,0
P5-E2,direct,200,S2-3_12,0
P5-E2,direct,201,E3.MDR-P_07-08,0
P5-E2,direct,202,MDR-P_07,0
P5-E2,direct,203,E5.MDR-P_07-08,0
P5-E2,direct,204,E5-2_06,0
P5-E2,direct,205,E1-5_18,0
P5-E2,direct,206,S1-17_13,0
P5-E2,direct,207,S2.MDR-P_07-08,0
P5-E2,direct,208,S1-1_10,0
P5-E2,direct,209,S2.SBM-3_06,0
P5-E2,direct,210,E3.IRO-1_02,0
P5-E2,direct,211,S2.SBM-3_05,0
P5-E2,direct,212,S4.MDR-P_07-08,0
P5-E2,direct,213,S1-1_06,0
P5-E2,direct,214,E5-5_17,0
P5-E2,direct,215,S2-4_01,0
P5-E2,direct,216,S1-1_13,0
P5-E2,direct,217,E1-5_11,0
P5-E2,direct,218,S4-1_05,0
P5-E2,direct,219,S2-2_08,0
P5-E2,direct,220,E5-5_07,0
P5-E2,direct,221,S2-2_07,0
P5-E2,direct,222,SBM-1_02,0
P5-E2,direct,223,S1-2_09,0
P5-E2,direct,224,E2-4_02,0
P5-E2,direct,225,G1-4_08,0
P5-E2,direct,226,S2-1_04,0
P5-E2,direct,227,SBM-1_25,0
P5-E2,direct,228,S2-4_03,0
P5-E2,direct,229,E4-1_09,0
P5-E2,direct,230,MDR-P_08,0
P5-E2,direct,231,S1-2_14,0
P5-E2,direct,232,E5-2_02,0
P5-E2,direct,233,E1-5_03,0
P5-E2,direct,234,E5-5_08,0
P5-E2,direct,235,E1-9_01,0
P5-E2,direct,236,G1-4_07,0
P5-E2,direct,237,S4-1_02,0
P5-E2,direct,238,BP-2_22,0
P5-E2,direct,239,E1-6_27,0
P5-E2,direct,240,S3.MDR-P_07-08,0
P5-E2,direct,241,S1-4_12,0
P5-E2,direct,242,S1-4_20,0
P5-E2,direct,243,S1-4_14,0
P5-E2,direct,244,S1-4_09,0
P5-E2,direct,245,SBM-3_09,0
P5-E2,direct,246,E2-4_10,0
P5-E2,direct,247,S4-4_18,0
P5-E2,direct,248,MDR-M_01,0
P5-E2,direct,249,G1-4_04,0
P5-E2,direct,250,E1-5_05,0
P5-E2,direct,251,E1.MDR-T_14-19,0
P5-E2,direct,252,S3-1_09,0
P5-E2,direct,253,S2-4_18,0
P5-E2,direct,254,E4-5_18,0
P5-E2,direct,255,E1-5_06,0
P5-E2,direct,256,E1-5_10,0
P5-E2,direct,257,MDR-T_14,0
P5-E2,direct,258,E1-9_42,0
P5-E2,direct,259,MDR-P_06,0
P5-E2,direct,260,GOV-1_16,0
P5-E2,direct,261,E1-5_02,0
P5-E2,direct,262,S2-2_09,0
P5-E2,direct,263,SBM-1_01,0
P5-E2,direct,264,BP-1_02,0
P5-E2,direct,265,MDR-T_18,0
P5-E2,direct,266,E1-4_01,0
P5-E2,direct,267,MDR-T_07,0
P5-E2,direct,268,S1-1_07,0
P5-E2,direct,269,E1-9_41,0
P5-E2,direct,270,MDR-T_04,0
P5-E2,direct,271,S2-5_02,0
P5-E2,direct,272,E1-9_03,0
P5-E2,direct,273,G1.MDR-A_13-14,0
P5-E2,direct,274,S3-5_06,0
P5-E2,direct,275,S2-4_07,0
P5-E2,direct,276,E2.MDR-T_14-19,0
P5-E2,direct,277,BP-2_24,0
P5-E2,direct,278,E1.MDR-A_13-14,0
P5-E2,direct,279,GOV-1_10,0
P5-E2,direct,280,E3-4_12,0
P5-E2,direct,281,E1-9_02,0
P5-E2,direct,282,E2.MDR-A_13-14,0
P5-E2,direct,283,S1.MDR-A_13-14,0
P5-E2,direct,284,E4.MDR-T_14-19,0
P5-E2,direct,285,S1.MDR-T_14-19,0
P5-E2,direct,286,E4.MDR-A_13-14,0
P5-E2,direct,287,G1-4_02,0
P5-E2,direct,288,S1-1_22,0
P5-E2,direct,289,E2-4_01,0
P5-E2,direct,290,S3-1_05,0
P5-E2,direct,291,GOV-1_17,0
P5-E2,direct,292,E1-9_14,0
P5-E2,direct,293,S2-1_08,0
P5-E2,direct,294,E1-6_26,0
P5-E2,direct,295,E1-6_28,0
P5-E2,direct,296,E1-5_12,0
P5-E2,direct,297,E5.MDR-T_14-19,0
P5-E2,direct,298,E2-4_17,0
P5-E2,direct,299,E3.MDR-A_01-12,0
P5-E2,direct,300,E4-3_10,0
P5-E2,direct,301,S2-5_03,0
P5-E2,direct,302,E3.MDR-T_14-19,0
P5-E2,direct,303,E5.MDR-A_13-14,0
P5-E2,direct,304,S4-4_12,0
P5-E2,direct,305,S4-1_06,0
P5-E2,direct,306,E3-4_11,0
P5-E2,direct,307,E3.MDR-A_13-14,0
P5-E2,direct,308,S2-3_01,0
P5-E2,direct,309,G1-3_04,0
P5-E2,direct,310,S2-4_12,0
P5-E2,direct,311,BP-1_04,0
P5-E2,direct,312,E5-4_05,0
P5-E2,direct,313,S2-4_11,0
P5-E2,direct,314,SBM-3_11,0
P5-E2,direct,315,S4.MDR-T_01-13,0
P5-E2,direct,316,MDR-A_15,0
P5-E2,direct,317,S4-3_11,0
P5-E2,direct,318,S2.MDR-T_14-19,0
P5-E2,direct,319,GOV-1_11,0
P5-E2,direct,320,BP-1_01,0
P5-E2,direct,321,MDR-A_01,0
P5-E2,direct,322,IRO-1_01,0
P5-E2,direct,323,E1.MDR-A_01-12,0
P5-E2,direct,324,E1-4_25,0
P5-E2,direct,325,E3-3_08,0
P5-E2,direct,326,S1-4_10,0
P5-E2,direct,327,SBM-2_03,0
P5-E2,direct,328,S2.MDR-A_13-14,0
P5-E2,direct,329,E5.IRO-1_01,0
P5-E2,direct,330,S4.MDR-T_14-19,0
P5-E2,direct,331,S1-4_11,0
P5-E2,direct,332,E3-2_02,0
P5-E2,direct,333,S4-4_15,0
P5-E2,direct,334,S2-3_11,0
P5-E2,direct,335,E1-6_17,0
P5-E2,direct,336,MDR-A_14,0
P5-E2,direct,337,S4.MDR-A_13-14,0
P5-E2,direct,338,E3-4_02,0
P5-E2,direct,339,E2-3_09,0
P5-E2,direct,340,S4-2_03,0
P5-E2,direct,341,MDR-T_20,0
P5-E2,direct,342,S3-1_02,0
P5-E2,direct,343,S1-4_13,0
P5-E2,direct,344,BP-2_23,0
P5-E2,direct,345,E1-5_08,0
P5-E2,direct,346,S1-3_07,0
P5-E2,direct,347,BP-2_21,0
P5-E2,direct,348,SBM-2_02,0
P5-E2,direct,349,SBM-3_04,0
P5-E2,direct,350,S3-4_19,0
P5-E2,direct,351,S4-4_11,0
P5-E2,direct,352,S4-2_09,0
P5-E2,direct,353,E5-5_03,0
P5-E2,direct,354,E5-2_05,0
P5-E2,direct,355,S4-1_01,0
P5-E2,direct,356,G1-4_05,0
P5-E2,direct,357,S3-1_01,0
P5-E2,direct,358,E5-2_03,0
P5-E2,direct,359,S4-3_04,0
P5-E2,direct,360,SBM-2_04,0
P5-E2,direct,361,E4-5_06,0
P5-E2,direct,362,E5-2_07,0
P5-E2,direct,363,E3-4_06,0
P5-E2,direct,364,S2-1_06,0
P5-E2,direct,365,S1-2_03,0
P5-E2,direct,366,S2-4_13,0
P5-E2,direct,367,IRO-1_04,0
P5-E2,direct,368,SBM-2_01,0
P5-E2,direct,369,BP-2_26,0
P5-E2,direct,370,E1-5_13,0
P5-E2,direct,371,MDR-T_09,0
P5-E2,direct,372,S4-3_08,0
P5-E2,direct,373,S4-3_03,0
P5-E2,direct,374,SBM-2_06,0
P5-E2,direct,375,E1-2_01,0
P5-E2,direct,376,S2-2_03,0
P5-E2,direct,377,IRO-1_05,0
P5-E2,direct,378,S2-3_04,0
P5-E2,direct,379,S4.MDR-A_01-12,0
P5-E2,direct,380,S3-4_12,0
P5-E2,direct,381,S1-4_02,0
P5-E2,direct,382,SBM-1_28,0
P5-E2,direct,383,MDR-T_21,0
P5-E2,direct,384,S1-3_09,0
P5-E2,direct,385,E3-4_05,0
P5-E2,direct,386,E2.IRO-1_03,0
P5-E2,direct,387,S3-1_06,0
P5-E2,direct,388,G1-4_01,0
P5-E2,direct,389,MDR-A_13,0
P5-E2,direct,390,S4-2_01,0
P5-E2,direct,391,IRO-1_03,0
P5-E2,direct,392,S3.MDR-T_14-19,0
P5-E2,direct,393,S1-3_06,0
P5-E2,direct,394,E2.MDR-A_01-12,0
P5-E2,direct,395,S1-2_10,0
P5-E2,direct,396,S4-3_05,0
P5-E2,direct,397,MDR-T_16,0
P5-E2,direct,398,E1-3_03,0
P5-E2,direct,399,S3.MDR-A_13-14,0
P5-E2,direct,400,S2-2_02,0
P5-E2,direct,401,S2-3_03,0
P5-E2,direct,402,S4-5_02,0
P5-E2,direct,403,MDR-T_17,0
P5-E2,direct,404,IRO-1_06,0
P5-E2,direct,405,SBM-2_12,0
P5-E2,direct,406,E3.IRO-1_01,0
P5-E2,direct,407,E1.MDR-T_01-13,0
P5-E2,direct,408,SBM-1_08,0
P5-E2,direct,409,G1.MDR-A_01-12,0
P5-E2,direct,410,E4-5_09,0
P5-E2,direct,411,SBM-3_01,0
P5-E2,direct,412,E2.MDR-T_01-13,0
P5-E2,direct,413,S4-3_06,0
P5-E2,direct,414,S4-4_04,0
P5-E2,direct,415,E3-3_04,0
P5-E2,direct,416,E5.MDR-T_01-13,0
P5-E2,direct,417,S1-3_11,0
P5-E2,direct,418,E4.MDR-T_01-13,0
P5-E2,direct,419,E3-2_01,0
P5-E2,direct,420,SBM-3_07,0
P5-E2,direct,421,S3-4_15,0
P5-E2,direct,422,SBM-2_05,0
P5-E2,direct,423,S2-3_08,0
P5-E2,direct,424,S4-4_03,0
P5-E2,direct,425,IRO-1_02,0
P5-E2,direct,426,S3-4_17,0
P5-E2,direct,427,S3-3_20,0
P5-E2,direct,428,E1.SBM-3_01,0
P5-E2,direct,429,E5-5_18,0
P5-E2,direct,430,S1-3_10,0
P5-E2,direct,431,S3-2_03,0
P5-E2,direct,432,S4-3_02,0
P5-E2,direct,433,S2-3_06,0
P5-E2,direct,434,S4-3_07,0
P5-E2,direct,435,MDR-A_04,0
P5-E2,direct,436,MDR-T_13,0
P5-E2,direct,437,SBM-1_15,0
P5-E2,direct,438,E2-4_09,0
P5-E2,direct,439,S4-4_06,0
P5-E2,direct,440,S4-2_07,0
P5-E2,direct,441,E1-4_22,0
P5-E2,direct,442,E4.MDR-A_01-12,0
P5-E2,direct,443,S3-4_11,0
P5-E2,direct,444,SBM-1_23,0
P5-E2,direct,445,S2-3_07,0
P5-E2,direct,446,E2-4_15,0
P5-E2,direct,447,S2-4_02,0
P5-E2,direct,448,S3.MDR-T_01-13,0
P5-E2,direct,449,E2-3_06,0
P5-E2,direct,450,G1-2_02,0
P5-E2,direct,451,SBM-3_02,0
P5-E2,direct,452,S4-4_01,0
P5-E2,direct,453,E3.MDR-T_01-13,0
P5-E2,direct,454,S4-3_12,0
P5-E2,direct,455,S3-3_15,0
P5-E2,direct,456,S4.SBM-3_05,0
P5-E2,direct,457,S4-4_05,0
P5-E2,direct,458,S3-3_17,0
P5-E2,direct,459,S3.SBM-3_05,0
P5-E2,direct,460,S4-1_04,0
P5-E2,direct,461,S4-2_08,0
P5-E2,direct,462,S4-4_02,0
P5-E2,direct,463,S4-4_07,0
P5-E2,direct,464,S3-3_12,0
P5-E2,direct,465,S4-2_06,0
P5-E2,direct,466,S3-3_13,0
P5-E2,direct,467,E2-3_05,0
P5-E2,direct,468,S3-2_01,0
P5-E2,direct,469,S3-4_04,0
P5-E2,direct,470,SBM-1_05,0
P5-E2,direct,471,SBM-1_09,0
P5-E2,direct,472,E4.IRO-1_15,0
P5-E2,direct,473,E4-5_07,0
P5-E2,direct,474,E4-3_14,0
P5-E2,direct,475,S3-4_10,0
P5-E2,direct,476,E4-2_01,0
P5-E2,direct,477,S3.MDR-A_01-12,0
P5-E2,direct,478,S4.SBM-3_04,0
P5-E2,direct,479,S3-4_03,0
P5-E2,direct,480,S4-5_03,0
P5-E2,direct,481,S3-4_05,0
P5-E2,direct,482,S4-3_09,0
P5-E2,direct,483,S4-3_01,0
P5-E2,direct,484,E4-2_02,0
P5-E2,direct,485,E4-5_08,0
P5-E2,direct,486,SBM-1_21,0
P5-E2,direct,487,E4-3_15,0
P5-E2,direct,488,S3-3_16,0
P5-E2,direct,489,E2-2_01,0
P5-E2,direct,490,S3-4_02,0
P5-E2,direct,491,S3-4_06,0
P5-E2,direct,492,S4-4_13,0
P5-E2,direct,493,SBM-1_19,0
P5-E2,direct,494,S4-2_05,0
P5-E2,direct,495,S3-5_02,0
P5-E2,direct,496,S3-2_06,0
P5-E2,direct,497,S3-3_14,0
P5-E2,direct,498,S3-4_01,0
P5-E2,direct,499,S3-4_07,0
P5-E2,direct,500,S3-3_11,0
P5-E2,direct,501,S4-2_02,0
P5-E2,direct,502,S3-2_08,0
P5-E2,direct,503,E4-3_01,0
P5-E2,direct,504,S3-5_03,0
P5-E2,direct,505,S3.SBM-3_04,0
P5-E2,direct,506,S3-1_04,0
P5-E2,direct,507,S3-2_09,0
P5-E2,direct,508,E4-1_11,0
P5-E2,direct,509,S3-3_18,0
P5-E2,direct,510,S3-3_10,0
P5-E2,direct,511,SBM-1_17,0
P5-E2,direct,512,MDR-T_10,0
P5-E2,direct,513,S3-2_05,0
P5-E2,direct,514,S3-4_13,0
P5-E2,direct,515,S3-3_21,0
P5-E2,direct,516,E4-5_14,0
P5-E2,direct,517,S3-2_02,0
P5-E2,symbolic_multihop,1,S1-16_05,1
P5-E2,symbolic_multihop,2,S1-16_04,1
P5-E2,symbolic_multihop,3,S1-16_01,1
P5-E2,symbolic_multihop,4,S1-10_01,0
P5-E2,symbolic_multihop,5,S1-10_02,0
P5-E2,symbolic_multihop,6,S1-10_03,0
P5-E2,symbolic_multihop,7,S1-10_04,1
P5-E2,multihop_cross_encoder,1,S1-16_05,1
P5-E2,multihop_cross_encoder,2,S1-10_01,0
P5-E2,multihop_cross_encoder,3,S1-16_04,1
P5-E2,multihop_cross_encoder,4,S1-16_01,1
P5-E2,multihop_cross_encoder,5,S1-10_04,1
P5-E2,multihop_cross_encoder,6,S1-10_03,0
P5-E2,multihop_cross_encoder,7,S1-10_02,0
P5-E2,multihop_kd_gold,1,S1-16_05,1
P5-E2,multihop_kd_gold,2,S1-16_04,1
P5-E2,multihop_kd_gold,3,S1-10_01,0
P5-E2,multihop_kd_gold,4,S1-10_03,0
P5-E2,multihop_kd_gold,5,S1-16_01,1
P5-E2,multihop_kd_gold,6,S1-10_02,0
P5-E2,multihop_kd_gold,7,S1-10_04,1
P5-E2,multihop_kd_gold_medium,1,S1-16_05,1
P5-E2,multihop_kd_gold_medium,2,S1-16_04,1
P5-E2,multihop_kd_gold_medium,3,S1-10_01,0
P5-E2,multihop_kd_gold_medium,4,S1-16_01,1
P5-E2,multihop_kd_gold_medium,5,S1-10_03,0
P5-E2,multihop_kd_gold_medium,6,S1-10_02,0
P5-E2,multihop_kd_gold_medium,7,S1-10_04,1
P5-E2,direct_full_cross_encoder,1,S1-16_05,1
P5-E2,direct_full_cross_encoder,2,S1-10_01,0
P5-E2,direct_full_cross_encoder,3,S1-16_04,1
P5-E2,direct_full_cross_encoder,4,S1-16_01,1
P5-E2,direct_full_cross_encoder,5,S1-6_18,0
P5-E2,direct_full_cross_encoder,6,S1-10_04,1
P5-E2,direct_full_cross_encoder,7,S1-10_03,0
P5-E2,direct_full_cross_encoder,8,S1-16_02,0
P5-E2,direct_full_cross_encoder,9,S1-9_01,0
P5-E2,direct_full_cross_encoder,10,S1-6_01,0
P5-E2,direct_full_cross_encoder,11,S1-10_02,0
P5-E2,direct_full_cross_encoder,12,S1-9_02,0
P5-E2,direct_full_cross_encoder,13,S1-6_07,0
P5-E2,direct_full_cross_encoder,14,S1-6_15,0
P5-E2,direct_full_cross_encoder,15,S1-15_03,0
P5-E2,direct_full_cross_encoder,16,S1-6_14,0
P5-E2,direct_full_cross_encoder,17,S1-13_01,0
P5-E2,direct_full_cross_encoder,18,S1-6_09,0
P5-E2,direct_full_cross_encoder,19,SBM-1_03,0
P5-E2,direct_full_cross_encoder,20,S1-7_09,0
P5-E2,direct_full_cross_encoder,21,S1-7_08,0
P5-E2,direct_full_cross_encoder,22,GOV-1_03,0
P5-E2,direct_full_cross_encoder,23,S1-7_07,0
P5-E2,direct_full_cross_encoder,24,S1-6_16,0
P5-E2,direct_full_cross_encoder,25,S1-6_10,0
P5-E2,direct_full_cross_encoder,26,S1-5_06,0
P5-E2,direct_full_cross_encoder,27,S1-8_01,0
P5-E2,direct_full_cross_encoder,28,S1-6_05,0
P5-E2,direct_full_cross_encoder,29,S1-6_02,0
P5-E2,direct_full_cross_encoder,30,S1-6_12,0
P5-E2,direct_full_cross_encoder,31,S4-5_06,0
P5-E2,direct_full_cross_encoder,32,S1-6_19,0
P5-E2,direct_full_cross_encoder,33,S2-5_06,0
P5-E2,direct_full_cross_encoder,34,SBM-1_04,0
P5-E2,direct_full_cross_encoder,35,S3-5_06,0
P5-E2,direct_full_cross_encoder,36,S1-9_04,0
P5-E2,direct_full_cross_encoder,37,S1-7_10,0
P5-E2,direct_full_cross_encoder,38,S1-8_04,0
P5-E2,direct_full_cross_encoder,39,MDR-T_07,0
P5-E2,direct_full_cross_encoder,40,S1-6_06,0
P5-E2,direct_full_cross_encoder,41,S1-7_01,0
P5-E2,direct_full_cross_encoder,42,S1-9_03,0
P5-E2,direct_full_cross_encoder,43,SBM-1_06,0
P5-E2,direct_full_cross_encoder,44,SBM-1_07,0
P5-E2,direct_full_cross_encoder,45,S1-6_20,0
P5-E2,direct_full_cross_encoder,46,S1-6_03,0
P5-E2,direct_full_cross_encoder,47,GOV-1_06,0
P5-E2,direct_full_cross_encoder,48,S1-7_03,0
P5-E2,direct_full_cross_encoder,49,MDR-T_05,0
P5-E2,direct_full_cross_encoder,50,BP-2_21,0
P5-E2,direct_full_cross_encoder,51,S1-9_05,0
P5-E2,direct_full_cross_encoder,52,MDR-A_06,0
P5-E2,direct_full_cross_encoder,53,S1-11_05,0
P5-E2,direct_full_cross_encoder,54,SBM-3_08,0
P5-E2,direct_full_cross_encoder,55,S1-4_13,0
P5-E2,direct_full_cross_encoder,56,S1-6_11,0
P5-E2,direct_full_cross_encoder,57,S1-7_02,0
P5-E2,direct_full_cross_encoder,58,S1-6_13,0
P5-E2,direct_full_cross_encoder,59,S1-7_06,0
P5-E2,direct_full_cross_encoder,60,S1-11_01,0
P5-E2,direct_full_cross_encoder,61,S1-6_04,0
P5-E2,direct_full_cross_encoder,62,SBM-3_11,0
P5-E2,direct_full_cross_encoder,63,S1-2_02,0
P5-E2,direct_full_cross_encoder,64,S1-16_03,0
P5-E2,direct_full_cross_encoder,65,MDR-T_02,0
P5-E2,direct_full_cross_encoder,66,S1-1_05,0
P5-E2,direct_full_cross_encoder,67,S1-8_03,0
P5-E2,direct_full_cross_encoder,68,S1-13_05,0
P5-E2,direct_full_cross_encoder,69,S1-11_03,0
P5-E2,direct_full_cross_encoder,70,S1-11_04,0
P5-E2,direct_full_cross_encoder,71,E1-4_25,0
P5-E2,direct_full_cross_encoder,72,S1-13_03,0
P5-E2,direct_full_cross_encoder,73,SBM-2_02,0
P5-E2,direct_full_cross_encoder,74,S1-8_02,0
P5-E2,direct_full_cross_encoder,75,MDR-P_01,0
P5-E2,direct_full_cross_encoder,76,S1-13_06,0
P5-E2,direct_full_cross_encoder,77,SBM-3_09,0
P5-E2,direct_full_cross_encoder,78,E5-5_03,0
P5-E2,direct_full_cross_encoder,79,S2.SBM-3_05,0
P5-E2,direct_full_cross_encoder,80,S1-13_02,0
P5-E2,direct_full_cross_encoder,81,S1-2_12,0
P5-E2,direct_full_cross_encoder,82,E4-5_18,0
P5-E2,direct_full_cross_encoder,83,S1-6_08,0
P5-E2,direct_full_cross_encoder,84,MDR-A_01,0
P5-E2,direct_full_cross_encoder,85,GOV-1_05,0
P5-E2,direct_full_cross_encoder,86,S1.SBM-3_03,0
P5-E2,direct_full_cross_encoder,87,E1.MDR-T_14-19,0
P5-E2,direct_full_cross_encoder,88,GOV-3_01,0
P5-E2,direct_full_cross_encoder,89,S1-15_02,0
P5-E2,direct_full_cross_encoder,90,S1-1_10,0
P5-E2,direct_full_cross_encoder,91,MDR-P_05,0
P5-E2,direct_full_cross_encoder,92,SBM-1_01,0
P5-E2,direct_full_cross_encoder,93,E5.MDR-A_01-12,0
P5-E2,direct_full_cross_encoder,94,S1-4_09,0
P5-E2,direct_full_cross_encoder,95,S3-1_06,0
P5-E2,direct_full_cross_encoder,96,S1-3_06,0
P5-E2,direct_full_cross_encoder,97,S1-4_12,0
P5-E2,direct_full_cross_encoder,98,S1.MDR-T_14-19,0
P5-E2,direct_full_cross_encoder,99,S4-1_04,0
P5-E2,direct_full_cross_encoder,100,S4-1_06,0
P5-E2,direct_full_cross_encoder,101,S1.MDR-T_01-13,0
P5-E2,direct_full_cross_encoder,102,E4.MDR-T_14-19,0
P5-E2,direct_full_cross_encoder,103,S4.MDR-T_14-19,0
P5-E2,direct_full_cross_encoder,104,E3.MDR-T_14-19,0
P5-E2,direct_full_cross_encoder,105,S1-2_08,0
P5-E2,direct_full_cross_encoder,106,G1-3_03,0
P5-E2,direct_full_cross_encoder,107,S2.MDR-T_14-19,0
P5-E2,direct_full_cross_encoder,108,S2-1_08,0
P5-E2,direct_full_cross_encoder,109,S2-1_06,0
P5-E2,direct_full_cross_encoder,110,S3.MDR-T_14-19,0
P5-E2,direct_full_cross_encoder,111,E5.MDR-T_14-19,0
P5-E2,direct_full_cross_encoder,112,S3-4_12,0
P5-E2,direct_full_cross_encoder,113,S2-4_12,0
P5-E2,direct_full_cross_encoder,114,S4-4_12,0
P5-E2,direct_full_cross_encoder,115,S3-3_12,0
P5-E2,direct_full_cross_encoder,116,S1-1_07,0
P5-E2,direct_full_cross_encoder,117,S4-3_03,0
P5-E2,direct_full_cross_encoder,118,S1-4_11,0
P5-E2,direct_full_cross_encoder,119,GOV-1_02,0
P5-E2,direct_full_cross_encoder,120,S1-15_01,0
P5-E2,direct_full_cross_encoder,121,S2-3_03,0
P5-E2,direct_full_cross_encoder,122,E2.MDR-T_14-19,0
P5-E2,direct_full_cross_encoder,123,S1-3_04,0
P5-E2,direct_full_cross_encoder,124,G1.MDR-P_07-08,0
P5-E2,direct_full_cross_encoder,125,E1.MDR-P_07-08,0
P5-E2,direct_full_cross_encoder,126,MDR-T_20,0
P5-E2,direct_full_cross_encoder,127,S1.MDR-P_07-08,0
P5-E2,direct_full_cross_encoder,128,S1-17_02,0
P5-E2,direct_full_cross_encoder,129,S1-17_11,0
P5-E2,direct_full_cross_encoder,130,E3.MDR-P_07-08,0
P5-E2,direct_full_cross_encoder,131,SBM-3_01,0
P5-E2,direct_full_cross_encoder,132,E2.MDR-P_07-08,0
P5-E2,direct_full_cross_encoder,133,E4.MDR-P_07-08,0
P5-E2,direct_full_cross_encoder,134,E5-5_17,0
P5-E2,direct_full_cross_encoder,135,G1.MDR-P_01-06,0
P5-E2,direct_full_cross_encoder,136,E5.MDR-P_07-08,0
P5-E2,direct_full_cross_encoder,137,S4.MDR-P_07-08,0
P5-E2,direct_full_cross_encoder,138,S2.MDR-P_07-08,0
P5-E2,direct_full_cross_encoder,139,S1-1_01,0
P5-E2,direct_full_cross_encoder,140,S3.MDR-P_07-08,0
P5-E2,direct_full_cross_encoder,141,S1-17_01,0
P5-E2,direct_full_cross_encoder,142,MDR-P_08,0
P5-E2,direct_full_cross_encoder,143,S1-3_10,0
P5-E2,direct_full_cross_encoder,144,GOV-1_01,0
P5-E2,direct_full_cross_encoder,145,MDR-T_04,0
P5-E2,direct_full_cross_encoder,146,S1-8_08,0
P5-E2,direct_full_cross_encoder,147,S3-1_04,0
P5-E2,direct_full_cross_encoder,148,S3-3_20,0
P5-E2,direct_full_cross_encoder,149,S4.SBM-3_04,0
P5-E2,direct_full_cross_encoder,150,G1.MDR-A_13-14,0
P5-E2,direct_full_cross_encoder,151,G1-1_10,0
P5-E2,direct_full_cross_encoder,152,MDR-T_21,0
P5-E2,direct_full_cross_encoder,153,GOV-1_12,0
P5-E2,direct_full_cross_encoder,154,S1.MDR-A_13-14,0
P5-E2,direct_full_cross_encoder,155,S1-1_22,0
P5-E2,direct_full_cross_encoder,156,S1-2_11,0
P5-E2,direct_full_cross_encoder,157,S1-3_05,0
P5-E2,direct_full_cross_encoder,158,E3.MDR-A_13-14,0
P5-E2,direct_full_cross_encoder,159,S1-4_03,0
P5-E2,direct_full_cross_encoder,160,S3-3_16,0
P5-E2,direct_full_cross_encoder,161,E4.MDR-A_13-14,0
P5-E2,direct_full_cross_encoder,162,S4-3_11,0
P5-E2,direct_full_cross_encoder,163,SBM-2_03,0
P5-E2,direct_full_cross_encoder,164,S1-2_01,0
P5-E2,direct_full_cross_encoder,165,E5.MDR-A_13-14,0
P5-E2,direct_full_cross_encoder,166,E2.MDR-A_13-14,0
P5-E2,direct_full_cross_encoder,167,S1-17_07,0
P5-E2,direct_full_cross_encoder,168,S4.MDR-A_13-14,0
P5-E2,direct_full_cross_encoder,169,E1.MDR-T_01-13,0
P5-E2,direct_full_cross_encoder,170,S4-3_12,0
P5-E2,direct_full_cross_encoder,171,S2.MDR-A_13-14,0
P5-E2,direct_full_cross_encoder,172,S3.MDR-A_13-14,0
P5-E2,direct_full_cross_encoder,173,E1.MDR-A_13-14,0
P5-E2,direct_full_cross_encoder,174,S1-4_10,0
P5-E2,direct_full_cross_encoder,175,S1-4_05,0
P5-E2,direct_full_cross_encoder,176,S2-3_07,0
P5-E2,direct_full_cross_encoder,177,S1-1_14,0
P5-E2,direct_full_cross_encoder,178,E4-1_09,0
P5-E2,direct_full_cross_encoder,179,S1-11_11,0
P5-E2,direct_full_cross_encoder,180,S2-1_03,0
P5-E2,direct_full_cross_encoder,181,MDR-P_02,0
P5-E2,direct_full_cross_encoder,182,MDR-P_09,0
P5-E2,direct_full_cross_encoder,183,S2-3_11,0
P5-E2,direct_full_cross_encoder,184,MDR-A_05,0
P5-E2,direct_full_cross_encoder,185,S4-1_09,0
P5-E2,direct_full_cross_encoder,186,E5-2_02,0
P5-E2,direct_full_cross_encoder,187,E5.MDR-T_01-13,0
P5-E2,direct_full_cross_encoder,188,E2.MDR-T_01-13,0
P5-E2,direct_full_cross_encoder,189,S1.MDR-A_01-12,0
P5-E2,direct_full_cross_encoder,190,E5-2_03,0
P5-E2,direct_full_cross_encoder,191,E5-2_08,0
P5-E2,direct_full_cross_encoder,192,S1-17_03,0
P5-E2,direct_full_cross_encoder,193,S1-11_10,0
P5-E2,direct_full_cross_encoder,194,E3.MDR-T_01-13,0
P5-E2,direct_full_cross_encoder,195,S2.MDR-T_01-13,0
P5-E2,direct_full_cross_encoder,196,E4.MDR-T_01-13,0
P5-E2,direct_full_cross_encoder,197,S1-2_06,0
P5-E2,direct_full_cross_encoder,198,S1-17_05,0
P5-E2,direct_full_cross_encoder,199,S4-3_07,0
P5-E2,direct_full_cross_encoder,200,S4-3_13,0
P5-E2,direct_full_cross_encoder,201,S1-11_06,0
P5-E2,direct_full_cross_encoder,202,S1-3_02,0
P5-E2,direct_full_cross_encoder,203,S3.SBM-3_04,0
P5-E2,direct_full_cross_encoder,204,S2-1_11,0
P5-E2,direct_full_cross_encoder,205,E2.IRO-1_03,0
P5-E2,direct_full_cross_encoder,206,S1-2_07,0
P5-E2,direct_full_cross_encoder,207,S1-1_03,0
P5-E2,direct_full_cross_encoder,208,SBM-1_25,0
P5-E2,direct_full_cross_encoder,209,S3-1_09,0
P5-E2,direct_full_cross_encoder,210,S1-5_02,0
P5-E2,direct_full_cross_encoder,211,S4-2_07,0
P5-E2,direct_full_cross_encoder,212,E1.GOV-3_03,0
P5-E2,direct_full_cross_encoder,213,S1-2_14,0
P5-E2,direct_full_cross_encoder,214,MDR-A_14,0
P5-E2,direct_full_cross_encoder,215,S3-2_08,0
P5-E2,direct_full_cross_encoder,216,MDR-T_09,0
P5-E2,direct_full_cross_encoder,217,S1-3_11,0
P5-E2,direct_full_cross_encoder,218,S1-4_01,0
P5-E2,direct_full_cross_encoder,219,S1-5_03,0
P5-E2,direct_full_cross_encoder,220,S2-1_05,0
P5-E2,direct_full_cross_encoder,221,MDR-A_15,0
P5-E2,direct_full_cross_encoder,222,IRO-1_14,0
P5-E2,direct_full_cross_encoder,223,S3.MDR-T_01-13,0
P5-E2,direct_full_cross_encoder,224,E1.GOV-3_01,0
P5-E2,direct_full_cross_encoder,225,S1-4_16,0
P5-E2,direct_full_cross_encoder,226,MDR-P_07,0
P5-E2,direct_full_cross_encoder,227,S2-1_01,0
P5-E2,direct_full_cross_encoder,228,BP-1_01,0
P5-E2,direct_full_cross_encoder,229,S1-1_08,0
P5-E2,direct_full_cross_encoder,230,S4.MDR-T_01-13,0
P5-E2,direct_full_cross_encoder,231,SBM-3_02,0
P5-E2,direct_full_cross_encoder,232,S1-11_07,0
P5-E2,direct_full_cross_encoder,233,S1-11_09,0
P5-E2,direct_full_cross_encoder,234,S2-3_08,0
P5-E2,direct_full_cross_encoder,235,S2-4_05,0
P5-E2,direct_full_cross_encoder,236,E4-3_14,0
P5-E2,direct_full_cross_encoder,237,S2-2_08,0
P5-E2,direct_full_cross_encoder,238,S3-3_21,0
P5-E2,direct_full_cross_encoder,239,S4-2_01,0
P5-E2,direct_full_cross_encoder,240,MDR-T_14,0
P5-E2,direct_full_cross_encoder,241,S1-7_05,0
P5-E2,direct_full_cross_encoder,242,S1-3_08,0
P5-E2,direct_full_cross_encoder,243,S1.SBM-3_04,0
P5-E2,direct_full_cross_encoder,244,S1-17_13,0
P5-E2,direct_full_cross_encoder,245,S3-3_17,0
P5-E2,direct_full_cross_encoder,246,E1-5_11,0
P5-E2,direct_full_cross_encoder,247,S4-4_03,0
P5-E2,direct_full_cross_encoder,248,S3-2_05,0
P5-E2,direct_full_cross_encoder,249,IRO-1_05,0
P5-E2,direct_full_cross_encoder,250,GOV-3_04,0
P5-E2,direct_full_cross_encoder,251,S3-3_13,0
P5-E2,direct_full_cross_encoder,252,E4-5_09,0
P5-E2,direct_full_cross_encoder,253,S1-1_12,0
P5-E2,direct_full_cross_encoder,254,SBM-1_02,0
P5-E2,direct_full_cross_encoder,255,S4-3_08,0
P5-E2,direct_full_cross_encoder,256,S1-13_04,0
P5-E2,direct_full_cross_encoder,257,S4-5_03,0
P5-E2,direct_full_cross_encoder,258,S4-2_06,0
P5-E2,direct_full_cross_encoder,259,S2-4_03,0
P5-E2,direct_full_cross_encoder,260,S1-3_01,0
P5-E2,direct_full_cross_encoder,261,S1-3_07,0
P5-E2,direct_full_cross_encoder,262,SBM-1_17,0
P5-E2,direct_full_cross_encoder,263,S4-3_09,0
P5-E2,direct_full_cross_encoder,264,GOV-1_07,0
P5-E2,direct_full_cross_encoder,265,S2-3_01,0
P5-E2,direct_full_cross_encoder,266,BP-2_22,0
P5-E2,direct_full_cross_encoder,267,E4-5_07,0
P5-E2,direct_full_cross_encoder,268,E1-5_06,0
P5-E2,direct_full_cross_encoder,269,MDR-T_13,0
P5-E2,direct_full_cross_encoder,270,BP-1_02,0
P5-E2,direct_full_cross_encoder,271,S4-3_04,0
P5-E2,direct_full_cross_encoder,272,S4.MDR-A_01-12,0
P5-E2,direct_full_cross_encoder,273,S3-2_02,0
P5-E2,direct_full_cross_encoder,274,E2-2_01,0
P5-E2,direct_full_cross_encoder,275,S2-3_04,0
P5-E2,direct_full_cross_encoder,276,S3-5_03,0
P5-E2,direct_full_cross_encoder,277,E1-5_05,0
P5-E2,direct_full_cross_encoder,278,MDR-A_13,0
P5-E2,direct_full_cross_encoder,279,S1-1_13,0
P5-E2,direct_full_cross_encoder,280,S3-4_03,0
P5-E2,direct_full_cross_encoder,281,IRO-1_01,0
P5-E2,direct_full_cross_encoder,282,S4-3_02,0
P5-E2,direct_full_cross_encoder,283,E5-4_05,0
P5-E2,direct_full_cross_encoder,284,S4-1_02,0
P5-E2,direct_full_cross_encoder,285,SBM-2_01,0
P5-E2,direct_full_cross_encoder,286,S2-3_12,0
P5-E2,direct_full_cross_encoder,287,S3-5_02,0
P5-E2,direct_full_cross_encoder,288,S3-3_18,0
P5-E2,direct_full_cross_encoder,289,E4-5_06,0
P5-E2,direct_full_cross_encoder,290,E4-3_10,0
P5-E2,direct_full_cross_encoder,291,GOV-3_02,0
P5-E2,direct_full_cross_encoder,292,E4.MDR-A_01-12,0
P5-E2,direct_full_cross_encoder,293,E1-2_01,0
P5-E2,direct_full_cross_encoder,294,S1-2_09,0
P5-E2,direct_full_cross_encoder,295,S2-2_07,0
P5-E2,direct_full_cross_encoder,296,E4-5_08,0
P5-E2,direct_full_cross_encoder,297,S4-1_01,0
P5-E2,direct_full_cross_encoder,298,S4-2_02,0
P5-E2,direct_full_cross_encoder,299,S1-4_04,0
P5-E2,direct_full_cross_encoder,300,S1-4_02,0
P5-E2,direct_full_cross_encoder,301,E4-3_15,0
P5-E2,direct_full_cross_encoder,302,MDR-T_18,0
P5-E2,direct_full_cross_encoder,303,S2.MDR-A_01-12,0
P5-E2,direct_full_cross_encoder,304,E1-5_01,0
P5-E2,direct_full_cross_encoder,305,S2-3_09,0
P5-E2,direct_full_cross_encoder,306,IRO-1_02,0
P5-E2,direct_full_cross_encoder,307,S3-2_01,0
P5-E2,direct_full_cross_encoder,308,S3.MDR-A_01-12,0
P5-E2,direct_full_cross_encoder,309,S2-4_06,0
P5-E2,direct_full_cross_encoder,310,S4-4_06,0
P5-E2,direct_full_cross_encoder,311,BP-2_27,0
P5-E2,direct_full_cross_encoder,312,S4-5_02,0
P5-E2,direct_full_cross_encoder,313,S4-2_09,0
P5-E2,direct_full_cross_encoder,314,S3-2_06,0
P5-E2,direct_full_cross_encoder,315,S1-14_06,0
P5-E2,direct_full_cross_encoder,316,E2-3_09,0
P5-E2,direct_full_cross_encoder,317,S1-12_01,0
P5-E2,direct_full_cross_encoder,318,SBM-3_07,0
P5-E2,direct_full_cross_encoder,319,S4-2_05,0
P5-E2,direct_full_cross_encoder,320,E1-6_11,0
P5-E2,direct_full_cross_encoder,321,S4-3_05,0
P5-E2,direct_full_cross_encoder,322,SBM-1_15,0
P5-E2,direct_full_cross_encoder,323,S3-3_11,0
P5-E2,direct_full_cross_encoder,324,S2-2_02,0
P5-E2,direct_full_cross_encoder,325,BP-2_25,0
P5-E2,direct_full_cross_encoder,326,E5-2_07,0
P5-E2,direct_full_cross_encoder,327,S2-4_01,0
P5-E2,direct_full_cross_encoder,328,S4-1_05,0
P5-E2,direct_full_cross_encoder,329,E5-5_07,0
P5-E2,direct_full_cross_encoder,330,S1-1_06,0
P5-E2,direct_full_cross_encoder,331,G1-4_02,0
P5-E2,direct_full_cross_encoder,332,E1-5_12,0
P5-E2,direct_full_cross_encoder,333,S4-2_08,0
P5-E2,direct_full_cross_encoder,334,S1-2_03,0
P5-E2,direct_full_cross_encoder,335,E1-9_14,0
P5-E2,direct_full_cross_encoder,336,S4-3_01,0
P5-E2,direct_full_cross_encoder,337,G1.GOV-1_01,0
P5-E2,direct_full_cross_encoder,338,S2-5_03,0
P5-E2,direct_full_cross_encoder,339,G1-5_11,0
P5-E2,direct_full_cross_encoder,340,S1-2_10,0
P5-E2,direct_full_cross_encoder,341,S3-1_05,0
P5-E2,direct_full_cross_encoder,342,MDR-P_06,0
P5-E2,direct_full_cross_encoder,343,G1-4_08,0
P5-E2,direct_full_cross_encoder,344,SBM-1_23,0
P5-E2,direct_full_cross_encoder,345,GOV-1_04,0
P5-E2,direct_full_cross_encoder,346,E1-9_41,0
P5-E2,direct_full_cross_encoder,347,S1-14_08,0
P5-E2,direct_full_cross_encoder,348,S4-2_03,0
P5-E2,direct_full_cross_encoder,349,S2-2_03,0
P5-E2,direct_full_cross_encoder,350,E1-5_10,0
P5-E2,direct_full_cross_encoder,351,SBM-1_08,0
P5-E2,direct_full_cross_encoder,352,S1-1_21,0
P5-E2,direct_full_cross_encoder,353,G1.GOV-1_02,0
P5-E2,direct_full_cross_encoder,354,MDR-M_01,0
P5-E2,direct_full_cross_encoder,355,E1-5_08,0
P5-E2,direct_full_cross_encoder,356,S2-1_04,0
P5-E2,direct_full_cross_encoder,357,SBM-2_05,0
P5-E2,direct_full_cross_encoder,358,S1-17_08,0
P5-E2,direct_full_cross_encoder,359,SBM-1_05,0
P5-E2,direct_full_cross_encoder,360,S3-2_09,0
P5-E2,direct_full_cross_encoder,361,S3-4_15,0
P5-E2,direct_full_cross_encoder,362,S4-4_05,0
P5-E2,direct_full_cross_encoder,363,S3-2_03,0
P5-E2,direct_full_cross_encoder,364,S3-1_02,0
P5-E2,direct_full_cross_encoder,365,E2-4_15,0
P5-E2,direct_full_cross_encoder,366,S2-2_01,0
P5-E2,direct_full_cross_encoder,367,MDR-T_10,0
P5-E2,direct_full_cross_encoder,368,S3-4_05,0
P5-E2,direct_full_cross_encoder,369,MDR-P_03,0
P5-E2,direct_full_cross_encoder,370,E2.MDR-A_01-12,0
P5-E2,direct_full_cross_encoder,371,IRO-1_03,0
P5-E2,direct_full_cross_encoder,372,G1-4_04,0
P5-E2,direct_full_cross_encoder,373,S2-4_02,0
P5-E2,direct_full_cross_encoder,374,S3-3_10,0
P5-E2,direct_full_cross_encoder,375,S3-3_14,0
P5-E2,direct_full_cross_encoder,376,S1-4_14,0
P5-E2,direct_full_cross_encoder,377,E1.SBM-3_01,0
P5-E2,direct_full_cross_encoder,378,E1-6_07,0
P5-E2,direct_full_cross_encoder,379,E3.IRO-1_02,0
P5-E2,direct_full_cross_encoder,380,BP-2_24,0
P5-E2,direct_full_cross_encoder,381,E1-5_14,0
P5-E2,direct_full_cross_encoder,382,G1-4_01,0
P5-E2,direct_full_cross_encoder,383,E1-9_01,0
P5-E2,direct_full_cross_encoder,384,E1-5_18,0
P5-E2,direct_full_cross_encoder,385,E3.MDR-A_01-12,0
P5-E2,direct_full_cross_encoder,386,S4-4_02,0
P5-E2,direct_full_cross_encoder,387,E1-5_13,0
P5-E2,direct_full_cross_encoder,388,S2-5_02,0
P5-E2,direct_full_cross_encoder,389,E3-2_01,0
P5-E2,direct_full_cross_encoder,390,S4-4_15,0
P5-E2,direct_full_cross_encoder,391,S3-4_06,0
P5-E2,direct_full_cross_encoder,392,S2-4_15,0
P5-E2,direct_full_cross_encoder,393,S2-4_07,0
P5-E2,direct_full_cross_encoder,394,S3-4_01,0
P5-E2,direct_full_cross_encoder,395,S4.SBM-3_05,0
P5-E2,direct_full_cross_encoder,396,S2.SBM-3_06,0
P5-E2,direct_full_cross_encoder,397,E1-5_02,0
P5-E2,direct_full_cross_encoder,398,E1-9_42,0
P5-E2,direct_full_cross_encoder,399,E5-2_05,0
P5-E2,direct_full_cross_encoder,400,MDR-T_16,0
P5-E2,direct_full_cross_encoder,401,S2-2_06,0
P5-E2,direct_full_cross_encoder,402,S3-3_15,0
P5-E2,direct_full_cross_encoder,403,SBM-2_04,0
P5-E2,direct_full_cross_encoder,404,S3-4_02,0
P5-E2,direct_full_cross_encoder,405,E3-4_11,0
P5-E2,direct_full_cross_encoder,406,S4-4_01,0
P5-E2,direct_full_cross_encoder,407,E3-4_05,0
P5-E2,direct_full_cross_encoder,408,G1-2_02,0
P5-E2,direct_full_cross_encoder,409,IRO-1_04,0
P5-E2,direct_full_cross_encoder,410,E3-3_08,0
P5-E2,direct_full_cross_encoder,411,E1-4_12,0
P5-E2,direct_full_cross_encoder,412,S1-3_09,0
P5-E2,direct_full_cross_encoder,413,E3-4_12,0
P5-E2,direct_full_cross_encoder,414,SBM-2_12,0
P5-E2,direct_full_cross_encoder,415,S4-3_06,0
P5-E2,direct_full_cross_encoder,416,S1-4_20,0
P5-E2,direct_full_cross_encoder,417,E1-9_03,0
P5-E2,direct_full_cross_encoder,418,E5-2_06,0
P5-E2,direct_full_cross_encoder,419,S2-3_02,0
P5-E2,direct_full_cross_encoder,420,E1-3_03,0
P5-E2,direct_full_cross_encoder,421,SBM-2_06,0
P5-E2,direct_full_cross_encoder,422,E1-5_03,0
P5-E2,direct_full_cross_encoder,423,SBM-3_04,0
P5-E2,direct_full_cross_encoder,424,S3-4_10,0
P5-E2,direct_full_cross_encoder,425,SBM-1_28,0
P5-E2,direct_full_cross_encoder,426,E1-6_31,0
P5-E2,direct_full_cross_encoder,427,S2-4_13,0
P5-E2,direct_full_cross_encoder,428,S1-1_09,0
P5-E2,direct_full_cross_encoder,429,S3.SBM-3_05,0
P5-E2,direct_full_cross_encoder,430,E3-4_01,0
P5-E2,direct_full_cross_encoder,431,BP-1_04,0
P5-E2,direct_full_cross_encoder,432,S4-4_18,0
P5-E2,direct_full_cross_encoder,433,SBM-1_19,0
P5-E2,direct_full_cross_encoder,434,S1-14_12,0
P5-E2,direct_full_cross_encoder,435,E5-5_15,0
P5-E2,direct_full_cross_encoder,436,S2-4_18,0
P5-E2,direct_full_cross_encoder,437,G1.MDR-A_01-12,0
P5-E2,direct_full_cross_encoder,438,S4-4_11,0
P5-E2,direct_full_cross_encoder,439,S2-4_04,0
P5-E2,direct_full_cross_encoder,440,S2-3_06,0
P5-E2,direct_full_cross_encoder,441,S3-4_19,0
P5-E2,direct_full_cross_encoder,442,E2-3_05,0
P5-E2,direct_full_cross_encoder,443,GOV-2_01,0
P5-E2,direct_full_cross_encoder,444,E1-6_01,0
P5-E2,direct_full_cross_encoder,445,G1-3_04,0
P5-E2,direct_full_cross_encoder,446,E2-4_09,0
P5-E2,direct_full_cross_encoder,447,E1-5_07,0
P5-E2,direct_full_cross_encoder,448,G1-4_07,0
P5-E2,direct_full_cross_encoder,449,S4-4_13,0
P5-E2,direct_full_cross_encoder,450,S1-14_04,0
P5-E2,direct_full_cross_encoder,451,E1.MDR-A_01-12,0
P5-E2,direct_full_cross_encoder,452,G1-4_06,0
P5-E2,direct_full_cross_encoder,453,E1-9_02,0
P5-E2,direct_full_cross_encoder,454,MDR-T_17,0
P5-E2,direct_full_cross_encoder,455,E2-3_06,0
P5-E2,direct_full_cross_encoder,456,S3-1_01,0
P5-E2,direct_full_cross_encoder,457,E1-4_15,0
P5-E2,direct_full_cross_encoder,458,S2-4_11,0
P5-E2,direct_full_cross_encoder,459,E1-6_04,0
P5-E2,direct_full_cross_encoder,460,S2-2_09,0
P5-E2,direct_full_cross_encoder,461,S2-3_05,0
P5-E2,direct_full_cross_encoder,462,E1-4_06,0
P5-E2,direct_full_cross_encoder,463,S3-4_07,0
P5-E2,direct_full_cross_encoder,464,E3-4_06,0
P5-E2,direct_full_cross_encoder,465,S1-14_05,0
P5-E2,direct_full_cross_encoder,466,E1-4_03,0
P5-E2,direct_full_cross_encoder,467,E2-4_10,0
P5-E2,direct_full_cross_encoder,468,S3-4_11,0
P5-E2,direct_full_cross_encoder,469,SBM-1_21,0
P5-E2,direct_full_cross_encoder,470,S3-4_13,0
P5-E2,direct_full_cross_encoder,471,E5-5_16,0
P5-E2,direct_full_cross_encoder,472,E5.IRO-1_01,0
P5-E2,direct_full_cross_encoder,473,SBM-1_09,0
P5-E2,direct_full_cross_encoder,474,E5-5_18,0
P5-E2,direct_full_cross_encoder,475,GOV-1_08,0
P5-E2,direct_full_cross_encoder,476,MDR-A_04,0
P5-E2,direct_full_cross_encoder,477,G1-4_05,0
P5-E2,direct_full_cross_encoder,478,E1-4_09,0
P5-E2,direct_full_cross_encoder,479,E1-6_30,0
P5-E2,direct_full_cross_encoder,480,S4-4_04,0
P5-E2,direct_full_cross_encoder,481,S4-4_07,0
P5-E2,direct_full_cross_encoder,482,E2-4_01,0
P5-E2,direct_full_cross_encoder,483,S3-4_04,0
P5-E2,direct_full_cross_encoder,484,S3-4_17,0
P5-E2,direct_full_cross_encoder,485,GOV-3_03,0
P5-E2,direct_full_cross_encoder,486,E2-4_02,0
P5-E2,direct_full_cross_encoder,487,E2-4_17,0
P5-E2,direct_full_cross_encoder,488,E4-3_01,0
P5-E2,direct_full_cross_encoder,489,E1-6_26,0
P5-E2,direct_full_cross_encoder,490,E4-2_01,0
P5-E2,direct_full_cross_encoder,491,S1-14_09,0
P5-E2,direct_full_cross_encoder,492,S1-14_07,0
P5-E2,direct_full_cross_encoder,493,IRO-1_06,0
P5-E2,direct_full_cross_encoder,494,E1-6_27,0
P5-E2,direct_full_cross_encoder,495,E3-3_04,0
P5-E2,direct_full_cross_encoder,496,GOV-1_16,0
P5-E2,direct_full_cross_encoder,497,BP-2_23,0
P5-E2,direct_full_cross_encoder,498,GOV-1_17,0
P5-E2,direct_full_cross_encoder,499,GOV-2_02,0
P5-E2,direct_full_cross_encoder,500,E5-5_09,0
P5-E2,direct_full_cross_encoder,501,S1-14_03,0
P5-E2,direct_full_cross_encoder,502,BP-2_26,0
P5-E2,direct_full_cross_encoder,503,S1-14_02,0
P5-E2,direct_full_cross_encoder,504,E4-1_11,0
P5-E2,direct_full_cross_encoder,505,E1-6_17,0
P5-E2,direct_full_cross_encoder,506,E3-2_02,0
P5-E2,direct_full_cross_encoder,507,GOV-1_11,0
P5-E2,direct_full_cross_encoder,508,E5-5_08,0
P5-E2,direct_full_cross_encoder,509,GOV-1_10,0
P5-E2,direct_full_cross_encoder,510,E3-4_02,0
P5-E2,direct_full_cross_encoder,511,E1-6_28,0
P5-E2,direct_full_cross_encoder,512,E4-2_02,0
P5-E2,direct_full_cross_encoder,513,E1-4_22,0
P5-E2,direct_full_cross_encoder,514,E4.IRO-1_15,0
P5-E2,direct_full_cross_encoder,515,E1-4_01,0
P5-E2,direct_full_cross_encoder,516,E4-5_14,0
P5-E2,direct_full_cross_encoder,517,E3.IRO-1_01,0
P5-E2,direct_full_kd_gold,1,S1-16_05,1
P5-E2,direct_full_kd_gold,2,S1-16_04,1
P5-E2,direct_full_kd_gold,3,S1-10_01,0
P5-E2,direct_full_kd_gold,4,S1-10_03,0
P5-E2,direct_full_kd_gold,5,S1-16_01,1
P5-E2,direct_full_kd_gold,6,S1-10_02,0
P5-E2,direct_full_kd_gold,7,S1-7_01,0
P5-E2,direct_full_kd_gold,8,S1-10_04,1
P5-E2,direct_full_kd_gold,9,S1-7_02,0
P5-E2,direct_full_kd_gold,10,S1-6_01,0
P5-E2,direct_full_kd_gold,11,S1-7_03,0
P5-E2,direct_full_kd_gold,12,S1-6_07,0
P5-E2,direct_full_kd_gold,13,S1-6_09,0
P5-E2,direct_full_kd_gold,14,S1-16_02,0
P5-E2,direct_full_kd_gold,15,GOV-1_03,0
P5-E2,direct_full_kd_gold,16,S1-9_01,0
P5-E2,direct_full_kd_gold,17,S1-6_10,0
P5-E2,direct_full_kd_gold,18,S1-9_02,0
P5-E2,direct_full_kd_gold,19,S1-6_15,0
P5-E2,direct_full_kd_gold,20,S1-6_19,0
P5-E2,direct_full_kd_gold,21,S1-6_20,0
P5-E2,direct_full_kd_gold,22,S1-7_10,0
P5-E2,direct_full_kd_gold,23,S1-7_08,0
P5-E2,direct_full_kd_gold,24,S1-6_08,0
P5-E2,direct_full_kd_gold,25,S1-6_14,0
P5-E2,direct_full_kd_gold,26,S1-8_01,0
P5-E2,direct_full_kd_gold,27,S1-13_04,0
P5-E2,direct_full_kd_gold,28,S1-6_03,0
P5-E2,direct_full_kd_gold,29,SBM-1_04,0
P5-E2,direct_full_kd_gold,30,S1-7_07,0
P5-E2,direct_full_kd_gold,31,S1-6_05,0
P5-E2,direct_full_kd_gold,32,S1-11_06,0
P5-E2,direct_full_kd_gold,33,S1-6_06,0
P5-E2,direct_full_kd_gold,34,S1-6_02,0
P5-E2,direct_full_kd_gold,35,S1-6_04,0
P5-E2,direct_full_kd_gold,36,S1-6_12,0
P5-E2,direct_full_kd_gold,37,S1-7_09,0
P5-E2,direct_full_kd_gold,38,SBM-1_03,0
P5-E2,direct_full_kd_gold,39,S1-9_03,0
P5-E2,direct_full_kd_gold,40,S1-8_04,0
P5-E2,direct_full_kd_gold,41,S1-15_03,0
P5-E2,direct_full_kd_gold,42,S1-6_11,0
P5-E2,direct_full_kd_gold,43,S1-13_01,0
P5-E2,direct_full_kd_gold,44,S1-11_04,0
P5-E2,direct_full_kd_gold,45,S1-17_11,0
P5-E2,direct_full_kd_gold,46,S1-11_05,0
P5-E2,direct_full_kd_gold,47,S1-11_01,0
P5-E2,direct_full_kd_gold,48,S1-9_04,0
P5-E2,direct_full_kd_gold,49,S1-13_06,0
P5-E2,direct_full_kd_gold,50,S1-13_03,0
P5-E2,direct_full_kd_gold,51,S1-1_03,0
P5-E2,direct_full_kd_gold,52,S1-11_10,0
P5-E2,direct_full_kd_gold,53,S1-17_08,0
P5-E2,direct_full_kd_gold,54,S1-11_03,0
P5-E2,direct_full_kd_gold,55,S1-1_01,0
P5-E2,direct_full_kd_gold,56,SBM-1_06,0
P5-E2,direct_full_kd_gold,57,S1-7_06,0
P5-E2,direct_full_kd_gold,58,S1-9_05,0
P5-E2,direct_full_kd_gold,59,S1-6_16,0
P5-E2,direct_full_kd_gold,60,S1-11_11,0
P5-E2,direct_full_kd_gold,61,S1-6_13,0
P5-E2,direct_full_kd_gold,62,S1-14_07,0
P5-E2,direct_full_kd_gold,63,GOV-1_05,0
P5-E2,direct_full_kd_gold,64,S1-8_02,0
P5-E2,direct_full_kd_gold,65,GOV-3_01,0
P5-E2,direct_full_kd_gold,66,S1-11_07,0
P5-E2,direct_full_kd_gold,67,S1-15_01,0
P5-E2,direct_full_kd_gold,68,S1-14_02,0
P5-E2,direct_full_kd_gold,69,S1-15_02,0
P5-E2,direct_full_kd_gold,70,S1-6_18,0
P5-E2,direct_full_kd_gold,71,E1.GOV-3_01,0
P5-E2,direct_full_kd_gold,72,S1-11_09,0
P5-E2,direct_full_kd_gold,73,S1-8_03,0
P5-E2,direct_full_kd_gold,74,S1-2_01,0
P5-E2,direct_full_kd_gold,75,S1.MDR-T_01-13,0
P5-E2,direct_full_kd_gold,76,S1-14_09,0
P5-E2,direct_full_kd_gold,77,S1-4_16,0
P5-E2,direct_full_kd_gold,78,S1-13_02,0
P5-E2,direct_full_kd_gold,79,E1.GOV-3_03,0
P5-E2,direct_full_kd_gold,80,S1-14_04,0
P5-E2,direct_full_kd_gold,81,S1-3_04,0
P5-E2,direct_full_kd_gold,82,S1-12_01,0
P5-E2,direct_full_kd_gold,83,E1-6_04,0
P5-E2,direct_full_kd_gold,84,S1-14_06,0
P5-E2,direct_full_kd_gold,85,MDR-P_03,0
P5-E2,direct_full_kd_gold,86,GOV-3_02,0
P5-E2,direct_full_kd_gold,87,S1-2_12,0
P5-E2,direct_full_kd_gold,88,E1-6_01,0
P5-E2,direct_full_kd_gold,89,S2-1_01,0
P5-E2,direct_full_kd_gold,90,S1-14_08,0
P5-E2,direct_full_kd_gold,91,S1-17_03,0
P5-E2,direct_full_kd_gold,92,S1-2_11,0
P5-E2,direct_full_kd_gold,93,SBM-1_07,0
P5-E2,direct_full_kd_gold,94,S1-17_07,0
P5-E2,direct_full_kd_gold,95,S1-5_02,0
P5-E2,direct_full_kd_gold,96,S1-14_03,0
P5-E2,direct_full_kd_gold,97,S1-3_05,0
P5-E2,direct_full_kd_gold,98,S1-13_05,0
P5-E2,direct_full_kd_gold,99,GOV-1_06,0
P5-E2,direct_full_kd_gold,100,S1-7_05,0
P5-E2,direct_full_kd_gold,101,S1-14_05,0
P5-E2,direct_full_kd_gold,102,S1-3_08,0
P5-E2,direct_full_kd_gold,103,S1.MDR-A_01-12,0
P5-E2,direct_full_kd_gold,104,S1-1_12,0
P5-E2,direct_full_kd_gold,105,S1-1_05,0
P5-E2,direct_full_kd_gold,106,GOV-1_12,0
P5-E2,direct_full_kd_gold,107,S1.SBM-3_03,0
P5-E2,direct_full_kd_gold,108,S1-4_05,0
P5-E2,direct_full_kd_gold,109,GOV-1_02,0
P5-E2,direct_full_kd_gold,110,G1.GOV-1_01,0
P5-E2,direct_full_kd_gold,111,G1-5_11,0
P5-E2,direct_full_kd_gold,112,GOV-3_04,0
P5-E2,direct_full_kd_gold,113,S1-5_03,0
P5-E2,direct_full_kd_gold,114,GOV-1_01,0
P5-E2,direct_full_kd_gold,115,S2.MDR-T_01-13,0
P5-E2,direct_full_kd_gold,116,S1-4_01,0
P5-E2,direct_full_kd_gold,117,G1-3_03,0
P5-E2,direct_full_kd_gold,118,S2-1_03,0
P5-E2,direct_full_kd_gold,119,S4-3_13,0
P5-E2,direct_full_kd_gold,120,S2-3_09,0
P5-E2,direct_full_kd_gold,121,S1-4_04,0
P5-E2,direct_full_kd_gold,122,E1-6_31,0
P5-E2,direct_full_kd_gold,123,S1-4_03,0
P5-E2,direct_full_kd_gold,124,S1-3_02,0
P5-E2,direct_full_kd_gold,125,E1-6_30,0
P5-E2,direct_full_kd_gold,126,G1.GOV-1_02,0
P5-E2,direct_full_kd_gold,127,S1.SBM-3_04,0
P5-E2,direct_full_kd_gold,128,S1-2_08,0
P5-E2,direct_full_kd_gold,129,S2-4_04,0
P5-E2,direct_full_kd_gold,130,G1-1_10,0
P5-E2,direct_full_kd_gold,131,S1-2_07,0
P5-E2,direct_full_kd_gold,132,S2-2_01,0
P5-E2,direct_full_kd_gold,133,E5.MDR-A_01-12,0
P5-E2,direct_full_kd_gold,134,S1-14_12,0
P5-E2,direct_full_kd_gold,135,S1-1_21,0
P5-E2,direct_full_kd_gold,136,S1-17_02,0
P5-E2,direct_full_kd_gold,137,S2.SBM-3_05,0
P5-E2,direct_full_kd_gold,138,S1-2_06,0
P5-E2,direct_full_kd_gold,139,S2.MDR-A_01-12,0
P5-E2,direct_full_kd_gold,140,S1-5_06,0
P5-E2,direct_full_kd_gold,141,GOV-3_03,0
P5-E2,direct_full_kd_gold,142,GOV-1_07,0
P5-E2,direct_full_kd_gold,143,S1-17_01,0
P5-E2,direct_full_kd_gold,144,S1-3_01,0
P5-E2,direct_full_kd_gold,145,E1-6_07,0
P5-E2,direct_full_kd_gold,146,GOV-2_01,0
P5-E2,direct_full_kd_gold,147,MDR-P_01,0
P5-E2,direct_full_kd_gold,148,G1.MDR-P_01-06,0
P5-E2,direct_full_kd_gold,149,E1-4_03,0
P5-E2,direct_full_kd_gold,150,G1-4_06,0
P5-E2,direct_full_kd_gold,151,S2-3_02,0
P5-E2,direct_full_kd_gold,152,E1-4_06,0
P5-E2,direct_full_kd_gold,153,S1-2_02,0
P5-E2,direct_full_kd_gold,154,S2-5_06,0
P5-E2,direct_full_kd_gold,155,S2-4_06,0
P5-E2,direct_full_kd_gold,156,SBM-3_08,0
P5-E2,direct_full_kd_gold,157,E1-4_15,0
P5-E2,direct_full_kd_gold,158,S1-17_05,0
P5-E2,direct_full_kd_gold,159,S4-5_06,0
P5-E2,direct_full_kd_gold,160,S2-2_06,0
P5-E2,direct_full_kd_gold,161,GOV-1_04,0
P5-E2,direct_full_kd_gold,162,E1.MDR-P_07-08,0
P5-E2,direct_full_kd_gold,163,S2-4_05,0
P5-E2,direct_full_kd_gold,164,MDR-A_06,0
P5-E2,direct_full_kd_gold,165,S1-8_08,0
P5-E2,direct_full_kd_gold,166,S2-4_15,0
P5-E2,direct_full_kd_gold,167,S2-2_08,0
P5-E2,direct_full_kd_gold,168,GOV-2_02,0
P5-E2,direct_full_kd_gold,169,G1.MDR-P_07-08,0
P5-E2,direct_full_kd_gold,170,E5-2_08,0
P5-E2,direct_full_kd_gold,171,E2.MDR-P_07-08,0
P5-E2,direct_full_kd_gold,172,E1-4_09,0
P5-E2,direct_full_kd_gold,173,E1-6_11,0
P5-E2,direct_full_kd_gold,174,S2-3_05,0
P5-E2,direct_full_kd_gold,175,GOV-1_08,0
P5-E2,direct_full_kd_gold,176,S2-3_12,0
P5-E2,direct_full_kd_gold,177,S1.MDR-P_07-08,0
P5-E2,direct_full_kd_gold,178,MDR-P_02,0
P5-E2,direct_full_kd_gold,179,E1-4_12,0
P5-E2,direct_full_kd_gold,180,E4.MDR-P_07-08,0
P5-E2,direct_full_kd_gold,181,S2.SBM-3_06,0
P5-E2,direct_full_kd_gold,182,MDR-P_05,0
P5-E2,direct_full_kd_gold,183,E3-4_01,0
P5-E2,direct_full_kd_gold,184,IRO-1_14,0
P5-E2,direct_full_kd_gold,185,E3.MDR-P_07-08,0
P5-E2,direct_full_kd_gold,186,BP-2_27,0
P5-E2,direct_full_kd_gold,187,E1-5_01,0
P5-E2,direct_full_kd_gold,188,S4-1_09,0
P5-E2,direct_full_kd_gold,189,S2.MDR-P_07-08,0
P5-E2,direct_full_kd_gold,190,S2-4_01,0
P5-E2,direct_full_kd_gold,191,E1-5_18,0
P5-E2,direct_full_kd_gold,192,S2-4_03,0
P5-E2,direct_full_kd_gold,193,E5.MDR-P_07-08,0
P5-E2,direct_full_kd_gold,194,S1-1_09,0
P5-E2,direct_full_kd_gold,195,E5-5_15,0
P5-E2,direct_full_kd_gold,196,SBM-1_25,0
P5-E2,direct_full_kd_gold,197,BP-2_25,0
P5-E2,direct_full_kd_gold,198,E4-1_09,0
P5-E2,direct_full_kd_gold,199,S1-1_14,0
P5-E2,direct_full_kd_gold,200,S2-2_07,0
P5-E2,direct_full_kd_gold,201,S1-1_10,0
P5-E2,direct_full_kd_gold,202,S4.MDR-P_07-08,0
P5-E2,direct_full_kd_gold,203,S1-16_03,0
P5-E2,direct_full_kd_gold,204,MDR-T_02,0
P5-E2,direct_full_kd_gold,205,S2-1_11,0
P5-E2,direct_full_kd_gold,206,MDR-A_05,0
P5-E2,direct_full_kd_gold,207,SBM-1_02,0
P5-E2,direct_full_kd_gold,208,S1-2_09,0
P5-E2,direct_full_kd_gold,209,MDR-P_09,0
P5-E2,direct_full_kd_gold,210,E5-2_06,0
P5-E2,direct_full_kd_gold,211,S1-4_12,0
P5-E2,direct_full_kd_gold,212,S2-2_09,0
P5-E2,direct_full_kd_gold,213,SBM-3_09,0
P5-E2,direct_full_kd_gold,214,E1-5_07,0
P5-E2,direct_full_kd_gold,215,S3.MDR-P_07-08,0
P5-E2,direct_full_kd_gold,216,S1-4_14,0
P5-E2,direct_full_kd_gold,217,E3.IRO-1_02,0
P5-E2,direct_full_kd_gold,218,MDR-P_08,0
P5-E2,direct_full_kd_gold,219,E1.MDR-T_14-19,0
P5-E2,direct_full_kd_gold,220,E2-4_10,0
P5-E2,direct_full_kd_gold,221,S3-5_06,0
P5-E2,direct_full_kd_gold,222,MDR-P_07,0
P5-E2,direct_full_kd_gold,223,S1.MDR-T_14-19,0
P5-E2,direct_full_kd_gold,224,E1-5_14,0
P5-E2,direct_full_kd_gold,225,S1-1_13,0
P5-E2,direct_full_kd_gold,226,E5-5_17,0
P5-E2,direct_full_kd_gold,227,S2-1_05,0
P5-E2,direct_full_kd_gold,228,E2.MDR-T_14-19,0
P5-E2,direct_full_kd_gold,229,S1-17_13,0
P5-E2,direct_full_kd_gold,230,E5-5_16,0
P5-E2,direct_full_kd_gold,231,MDR-T_14,0
P5-E2,direct_full_kd_gold,232,S2-1_04,0
P5-E2,direct_full_kd_gold,233,S3-1_09,0
P5-E2,direct_full_kd_gold,234,S4-1_05,0
P5-E2,direct_full_kd_gold,235,E4.MDR-T_14-19,0
P5-E2,direct_full_kd_gold,236,S2-4_07,0
P5-E2,direct_full_kd_gold,237,S1-1_07,0
P5-E2,direct_full_kd_gold,238,S1-4_09,0
P5-E2,direct_full_kd_gold,239,S1-1_08,0
P5-E2,direct_full_kd_gold,240,MDR-P_06,0
P5-E2,direct_full_kd_gold,241,G1.MDR-A_13-14,0
P5-E2,direct_full_kd_gold,242,S1-2_14,0
P5-E2,direct_full_kd_gold,243,E3.MDR-T_14-19,0
P5-E2,direct_full_kd_gold,244,S2-5_02,0
P5-E2,direct_full_kd_gold,245,E1-6_27,0
P5-E2,direct_full_kd_gold,246,S1.MDR-A_13-14,0
P5-E2,direct_full_kd_gold,247,E1.MDR-A_13-14,0
P5-E2,direct_full_kd_gold,248,S1-1_06,0
P5-E2,direct_full_kd_gold,249,BP-1_02,0
P5-E2,direct_full_kd_gold,250,E2.MDR-A_13-14,0
P5-E2,direct_full_kd_gold,251,S4-4_18,0
P5-E2,direct_full_kd_gold,252,SBM-3_11,0
P5-E2,direct_full_kd_gold,253,S1-1_22,0
P5-E2,direct_full_kd_gold,254,MDR-M_01,0
P5-E2,direct_full_kd_gold,255,S2-1_08,0
P5-E2,direct_full_kd_gold,256,SBM-1_01,0
P5-E2,direct_full_kd_gold,257,S2-4_18,0
P5-E2,direct_full_kd_gold,258,S2-5_03,0
P5-E2,direct_full_kd_gold,259,E5.MDR-T_14-19,0
P5-E2,direct_full_kd_gold,260,S1-4_20,0
P5-E2,direct_full_kd_gold,261,E4.MDR-A_13-14,0
P5-E2,direct_full_kd_gold,262,S4-1_02,0
P5-E2,direct_full_kd_gold,263,E5-5_09,0
P5-E2,direct_full_kd_gold,264,S2.MDR-T_14-19,0
P5-E2,direct_full_kd_gold,265,G1-4_08,0
P5-E2,direct_full_kd_gold,266,S4-4_12,0
P5-E2,direct_full_kd_gold,267,S2-4_12,0
P5-E2,direct_full_kd_gold,268,S2-3_01,0
P5-E2,direct_full_kd_gold,269,G1-4_07,0
P5-E2,direct_full_kd_gold,270,MDR-T_05,0
P5-E2,direct_full_kd_gold,271,S3-1_05,0
P5-E2,direct_full_kd_gold,272,G1-4_04,0
P5-E2,direct_full_kd_gold,273,E3.MDR-A_13-14,0
P5-E2,direct_full_kd_gold,274,BP-2_22,0
P5-E2,direct_full_kd_gold,275,E1-6_26,0
P5-E2,direct_full_kd_gold,276,E1-9_41,0
P5-E2,direct_full_kd_gold,277,S2-1_06,0
P5-E2,direct_full_kd_gold,278,S4-1_06,0
P5-E2,direct_full_kd_gold,279,E5-2_02,0
P5-E2,direct_full_kd_gold,280,E1-5_11,0
P5-E2,direct_full_kd_gold,281,BP-1_04,0
P5-E2,direct_full_kd_gold,282,S4.MDR-T_01-13,0
P5-E2,direct_full_kd_gold,283,S4.MDR-T_14-19,0
P5-E2,direct_full_kd_gold,284,E1-9_42,0
P5-E2,direct_full_kd_gold,285,E4-5_18,0
P5-E2,direct_full_kd_gold,286,BP-2_24,0
P5-E2,direct_full_kd_gold,287,E5-5_07,0
P5-E2,direct_full_kd_gold,288,E1-9_01,0
P5-E2,direct_full_kd_gold,289,MDR-T_04,0
P5-E2,direct_full_kd_gold,290,MDR-T_07,0
P5-E2,direct_full_kd_gold,291,MDR-T_18,0
P5-E2,direct_full_kd_gold,292,E5.MDR-A_13-14,0
P5-E2,direct_full_kd_gold,293,BP-1_01,0
P5-E2,direct_full_kd_gold,294,SBM-2_02,0
P5-E2,direct_full_kd_gold,295,S2.MDR-A_13-14,0
P5-E2,direct_full_kd_gold,296,E1-5_03,0
P5-E2,direct_full_kd_gold,297,E4-3_10,0
P5-E2,direct_full_kd_gold,298,E1-9_03,0
P5-E2,direct_full_kd_gold,299,GOV-1_10,0
P5-E2,direct_full_kd_gold,300,E5-5_08,0
P5-E2,direct_full_kd_gold,301,E1-4_25,0
P5-E2,direct_full_kd_gold,302,S2-4_11,0
P5-E2,direct_full_kd_gold,303,E1-4_01,0
P5-E2,direct_full_kd_gold,304,E3-3_08,0
P5-E2,direct_full_kd_gold,305,G1-3_04,0
P5-E2,direct_full_kd_gold,306,S3-4_19,0
P5-E2,direct_full_kd_gold,307,E3-4_12,0
P5-E2,direct_full_kd_gold,308,E1-5_06,0
P5-E2,direct_full_kd_gold,309,S4.MDR-A_13-14,0
P5-E2,direct_full_kd_gold,310,E2-4_02,0
P5-E2,direct_full_kd_gold,311,S3-1_06,0
P5-E2,direct_full_kd_gold,312,E1-9_02,0
P5-E2,direct_full_kd_gold,313,E1-5_05,0
P5-E2,direct_full_kd_gold,314,SBM-2_03,0
P5-E2,direct_full_kd_gold,315,GOV-1_17,0
P5-E2,direct_full_kd_gold,316,E1-9_14,0
P5-E2,direct_full_kd_gold,317,S1-4_11,0
P5-E2,direct_full_kd_gold,318,S3.MDR-T_14-19,0
P5-E2,direct_full_kd_gold,319,E3.MDR-A_01-12,0
P5-E2,direct_full_kd_gold,320,G1-4_02,0
P5-E2,direct_full_kd_gold,321,BP-2_23,0
P5-E2,direct_full_kd_gold,322,SBM-2_04,0
P5-E2,direct_full_kd_gold,323,S2-4_13,0
P5-E2,direct_full_kd_gold,324,E1-5_10,0
P5-E2,direct_full_kd_gold,325,IRO-1_01,0
P5-E2,direct_full_kd_gold,326,E1-6_28,0
P5-E2,direct_full_kd_gold,327,GOV-1_16,0
P5-E2,direct_full_kd_gold,328,S3-4_12,0
P5-E2,direct_full_kd_gold,329,S1-4_10,0
P5-E2,direct_full_kd_gold,330,E3-4_11,0
P5-E2,direct_full_kd_gold,331,E1-5_02,0
P5-E2,direct_full_kd_gold,332,S4-4_15,0
P5-E2,direct_full_kd_gold,333,SBM-2_06,0
P5-E2,direct_full_kd_gold,334,S1-3_07,0
P5-E2,direct_full_kd_gold,335,E5.IRO-1_01,0
P5-E2,direct_full_kd_gold,336,S3-1_02,0
P5-E2,direct_full_kd_gold,337,MDR-T_20,0
P5-E2,direct_full_kd_gold,338,S4-3_11,0
P5-E2,direct_full_kd_gold,339,S1-4_13,0
P5-E2,direct_full_kd_gold,340,S4-3_04,0
P5-E2,direct_full_kd_gold,341,E2-3_09,0
P5-E2,direct_full_kd_gold,342,S2-3_11,0
P5-E2,direct_full_kd_gold,343,SBM-1_28,0
P5-E2,direct_full_kd_gold,344,E2-4_01,0
P5-E2,direct_full_kd_gold,345,E5-2_05,0
P5-E2,direct_full_kd_gold,346,E5-5_03,0
P5-E2,direct_full_kd_gold,347,S3.MDR-A_13-14,0
P5-E2,direct_full_kd_gold,348,S2-3_04,0
P5-E2,direct_full_kd_gold,349,SBM-2_01,0
P5-E2,direct_full_kd_gold,350,S4.MDR-A_01-12,0
P5-E2,direct_full_kd_gold,351,MDR-A_14,0
P5-E2,direct_full_kd_gold,352,E2-4_17,0
P5-E2,direct_full_kd_gold,353,SBM-3_04,0
P5-E2,direct_full_kd_gold,354,GOV-1_11,0
P5-E2,direct_full_kd_gold,355,MDR-A_15,0
P5-E2,direct_full_kd_gold,356,E3-4_02,0
P5-E2,direct_full_kd_gold,357,SBM-2_12,0
P5-E2,direct_full_kd_gold,358,IRO-1_04,0
P5-E2,direct_full_kd_gold,359,E3-4_06,0
P5-E2,direct_full_kd_gold,360,BP-2_21,0
P5-E2,direct_full_kd_gold,361,SBM-1_08,0
P5-E2,direct_full_kd_gold,362,E1.MDR-A_01-12,0
P5-E2,direct_full_kd_gold,363,S3-1_01,0
P5-E2,direct_full_kd_gold,364,SBM-3_07,0
P5-E2,direct_full_kd_gold,365,E5-4_05,0
P5-E2,direct_full_kd_gold,366,S4-3_08,0
P5-E2,direct_full_kd_gold,367,S4-1_01,0
P5-E2,direct_full_kd_gold,368,S1-3_06,0
P5-E2,direct_full_kd_gold,369,E1-5_12,0
P5-E2,direct_full_kd_gold,370,E1-6_17,0
P5-E2,direct_full_kd_gold,371,S4-3_03,0
P5-E2,direct_full_kd_gold,372,S4-4_11,0
P5-E2,direct_full_kd_gold,373,E1.SBM-3_01,0
P5-E2,direct_full_kd_gold,374,BP-2_26,0
P5-E2,direct_full_kd_gold,375,S3-4_15,0
P5-E2,direct_full_kd_gold,376,S4-4_04,0
P5-E2,direct_full_kd_gold,377,MDR-T_09,0
P5-E2,direct_full_kd_gold,378,E1-3_03,0
P5-E2,direct_full_kd_gold,379,S4-2_09,0
P5-E2,direct_full_kd_gold,380,IRO-1_03,0
P5-E2,direct_full_kd_gold,381,MDR-A_01,0
P5-E2,direct_full_kd_gold,382,S2-3_03,0
P5-E2,direct_full_kd_gold,383,S4-2_01,0
P5-E2,direct_full_kd_gold,384,SBM-3_01,0
P5-E2,direct_full_kd_gold,385,IRO-1_05,0
P5-E2,direct_full_kd_gold,386,MDR-T_21,0
P5-E2,direct_full_kd_gold,387,E3-2_02,0
P5-E2,direct_full_kd_gold,388,E2.IRO-1_03,0
P5-E2,direct_full_kd_gold,389,S4-5_02,0
P5-E2,direct_full_kd_gold,390,S1-4_02,0
P5-E2,direct_full_kd_gold,391,SBM-2_05,0
P5-E2,direct_full_kd_gold,392,E5-2_07,0
P5-E2,direct_full_kd_gold,393,S2-2_02,0
P5-E2,direct_full_kd_gold,394,E5-2_03,0
P5-E2,direct_full_kd_gold,395,G1.MDR-A_01-12,0
P5-E2,direct_full_kd_gold,396,S3.MDR-T_01-13,0
P5-E2,direct_full_kd_gold,397,E1.MDR-T_01-13,0
P5-E2,direct_full_kd_gold,398,E4-5_06,0
P5-E2,direct_full_kd_gold,399,MDR-T_16,0
P5-E2,direct_full_kd_gold,400,G1-4_05,0
P5-E2,direct_full_kd_gold,401,S4-2_03,0
P5-E2,direct_full_kd_gold,402,E1-5_08,0
P5-E2,direct_full_kd_gold,403,IRO-1_02,0
P5-E2,direct_full_kd_gold,404,S3-4_17,0
P5-E2,direct_full_kd_gold,405,E3-3_04,0
P5-E2,direct_full_kd_gold,406,E5.MDR-T_01-13,0
P5-E2,direct_full_kd_gold,407,E2.MDR-A_01-12,0
P5-E2,direct_full_kd_gold,408,SBM-1_23,0
P5-E2,direct_full_kd_gold,409,S3-3_20,0
P5-E2,direct_full_kd_gold,410,E2.MDR-T_01-13,0
P5-E2,direct_full_kd_gold,411,S4-3_07,0
P5-E2,direct_full_kd_gold,412,MDR-T_17,0
P5-E2,direct_full_kd_gold,413,S4-3_05,0
P5-E2,direct_full_kd_gold,414,S1-3_10,0
P5-E2,direct_full_kd_gold,415,E5-5_18,0
P5-E2,direct_full_kd_gold,416,IRO-1_06,0
P5-E2,direct_full_kd_gold,417,SBM-3_02,0
P5-E2,direct_full_kd_gold,418,E4.MDR-T_01-13,0
P5-E2,direct_full_kd_gold,419,S4-4_03,0
P5-E2,direct_full_kd_gold,420,MDR-T_13,0
P5-E2,direct_full_kd_gold,421,SBM-1_15,0
P5-E2,direct_full_kd_gold,422,S1-3_11,0
P5-E2,direct_full_kd_gold,423,G1-4_01,0
P5-E2,direct_full_kd_gold,424,S2-3_08,0
P5-E2,direct_full_kd_gold,425,S2-3_07,0
P5-E2,direct_full_kd_gold,426,S4-2_07,0
P5-E2,direct_full_kd_gold,427,E1-5_13,0
P5-E2,direct_full_kd_gold,428,S3-3_13,0
P5-E2,direct_full_kd_gold,429,S1-2_10,0
P5-E2,direct_full_kd_gold,430,S4-4_06,0
P5-E2,direct_full_kd_gold,431,E3-4_05,0
P5-E2,direct_full_kd_gold,432,E3.MDR-T_01-13,0
P5-E2,direct_full_kd_gold,433,S2-2_03,0
P5-E2,direct_full_kd_gold,434,S1-2_03,0
P5-E2,direct_full_kd_gold,435,S3-2_01,0
P5-E2,direct_full_kd_gold,436,S1-3_09,0
P5-E2,direct_full_kd_gold,437,E1-2_01,0
P5-E2,direct_full_kd_gold,438,E3.IRO-1_01,0
P5-E2,direct_full_kd_gold,439,E3-2_01,0
P5-E2,direct_full_kd_gold,440,S4-3_02,0
P5-E2,direct_full_kd_gold,441,S3.MDR-A_01-12,0
P5-E2,direct_full_kd_gold,442,S3-4_04,0
P5-E2,direct_full_kd_gold,443,S4-2_08,0
P5-E2,direct_full_kd_gold,444,E4-5_09,0
P5-E2,direct_full_kd_gold,445,SBM-1_09,0
P5-E2,direct_full_kd_gold,446,S4.SBM-3_05,0
P5-E2,direct_full_kd_gold,447,S4.SBM-3_04,0
P5-E2,direct_full_kd_gold,448,S3.SBM-3_05,0
P5-E2,direct_full_kd_gold,449,G1-2_02,0
P5-E2,direct_full_kd_gold,450,S4-4_07,0
P5-E2,direct_full_kd_gold,451,MDR-A_13,0
P5-E2,direct_full_kd_gold,452,S4-3_06,0
P5-E2,direct_full_kd_gold,453,MDR-A_04,0
P5-E2,direct_full_kd_gold,454,S4-4_05,0
P5-E2,direct_full_kd_gold,455,S2-4_02,0
P5-E2,direct_full_kd_gold,456,S3-3_12,0
P5-E2,direct_full_kd_gold,457,S3-3_17,0
P5-E2,direct_full_kd_gold,458,S3-2_03,0
P5-E2,direct_full_kd_gold,459,S4-4_01,0
P5-E2,direct_full_kd_gold,460,S2-3_06,0
P5-E2,direct_full_kd_gold,461,SBM-1_21,0
P5-E2,direct_full_kd_gold,462,S3-4_10,0
P5-E2,direct_full_kd_gold,463,S3-4_11,0
P5-E2,direct_full_kd_gold,464,S4-5_03,0
P5-E2,direct_full_kd_gold,465,S4-4_02,0
P5-E2,direct_full_kd_gold,466,E2-4_15,0
P5-E2,direct_full_kd_gold,467,E1-4_22,0
P5-E2,direct_full_kd_gold,468,S3-4_05,0
P5-E2,direct_full_kd_gold,469,E2-3_06,0
P5-E2,direct_full_kd_gold,470,S3-4_03,0
P5-E2,direct_full_kd_gold,471,S3-4_02,0
P5-E2,direct_full_kd_gold,472,E2-4_09,0
P5-E2,direct_full_kd_gold,473,S4-1_04,0
P5-E2,direct_full_kd_gold,474,S3-3_16,0
P5-E2,direct_full_kd_gold,475,S4-4_13,0
P5-E2,direct_full_kd_gold,476,S3-3_15,0
P5-E2,direct_full_kd_gold,477,S3-5_03,0
P5-E2,direct_full_kd_gold,478,E2-3_05,0
P5-E2,direct_full_kd_gold,479,S3-2_08,0
P5-E2,direct_full_kd_gold,480,S3-4_06,0
P5-E2,direct_full_kd_gold,481,SBM-1_19,0
P5-E2,direct_full_kd_gold,482,S4-3_01,0
P5-E2,direct_full_kd_gold,483,S3.SBM-3_04,0
P5-E2,direct_full_kd_gold,484,SBM-1_05,0
P5-E2,direct_full_kd_gold,485,S3-4_07,0
P5-E2,direct_full_kd_gold,486,S4-2_06,0
P5-E2,direct_full_kd_gold,487,E4.MDR-A_01-12,0
P5-E2,direct_full_kd_gold,488,S3-2_09,0
P5-E2,direct_full_kd_gold,489,S4-3_12,0
P5-E2,direct_full_kd_gold,490,S3-2_06,0
P5-E2,direct_full_kd_gold,491,S3-5_02,0
P5-E2,direct_full_kd_gold,492,E4-3_14,0
P5-E2,direct_full_kd_gold,493,S3-4_13,0
P5-E2,direct_full_kd_gold,494,S3-3_14,0
P5-E2,direct_full_kd_gold,495,E4-5_07,0
P5-E2,direct_full_kd_gold,496,S3-3_11,0
P5-E2,direct_full_kd_gold,497,S3-3_10,0
P5-E2,direct_full_kd_gold,498,S3-1_04,0
P5-E2,direct_full_kd_gold,499,S3-2_05,0
P5-E2,direct_full_kd_gold,500,S3-4_01,0
P5-E2,direct_full_kd_gold,501,E4-2_01,0
P5-E2,direct_full_kd_gold,502,S4-3_09,0
P5-E2,direct_full_kd_gold,503,E4-2_02,0
P5-E2,direct_full_kd_gold,504,S3-3_18,0
P5-E2,direct_full_kd_gold,505,E4-3_15,0
P5-E2,direct_full_kd_gold,506,S4-2_05,0
P5-E2,direct_full_kd_gold,507,E2-2_01,0
P5-E2,direct_full_kd_gold,508,E4-1_11,0
P5-E2,direct_full_kd_gold,509,E4.IRO-1_15,0
P5-E2,direct_full_kd_gold,510,E4-5_08,0
P5-E2,direct_full_kd_gold,511,MDR-T_10,0
P5-E2,direct_full_kd_gold,512,E4-3_01,0
P5-E2,direct_full_kd_gold,513,SBM-1_17,0
P5-E2,direct_full_kd_gold,514,S4-2_02,0
P5-E2,direct_full_kd_gold,515,S3-3_21,0
P5-E2,direct_full_kd_gold,516,S3-2_02,0
P5-E2,direct_full_kd_gold,517,E4-5_14,0
P5-E2,direct_full_kd_gold_medium,1,S1-16_05,1
P5-E2,direct_full_kd_gold_medium,2,S1-16_04,1
P5-E2,direct_full_kd_gold_medium,3,S1-10_01,0
P5-E2,direct_full_kd_gold_medium,4,S1-16_01,1
P5-E2,direct_full_kd_gold_medium,5,S1-10_03,0
P5-E2,direct_full_kd_gold_medium,6,S1-10_02,0
P5-E2,direct_full_kd_gold_medium,7,S1-7_01,0
P5-E2,direct_full_kd_gold_medium,8,S1-10_04,1
P5-E2,direct_full_kd_gold_medium,9,S1-7_02,0
P5-E2,direct_full_kd_gold_medium,10,S1-7_03,0
P5-E2,direct_full_kd_gold_medium,11,S1-6_01,0
P5-E2,direct_full_kd_gold_medium,12,S1-6_09,0
P5-E2,direct_full_kd_gold_medium,13,S1-16_02,0
P5-E2,direct_full_kd_gold_medium,14,S1-9_01,0
P5-E2,direct_full_kd_gold_medium,15,S1-6_07,0
P5-E2,direct_full_kd_gold_medium,16,S1-6_10,0
P5-E2,direct_full_kd_gold_medium,17,GOV-1_03,0
P5-E2,direct_full_kd_gold_medium,18,S1-9_02,0
P5-E2,direct_full_kd_gold_medium,19,S1-6_19,0
P5-E2,direct_full_kd_gold_medium,20,S1-6_15,0
P5-E2,direct_full_kd_gold_medium,21,S1-6_20,0
P5-E2,direct_full_kd_gold_medium,22,S1-7_08,0
P5-E2,direct_full_kd_gold_medium,23,S1-7_10,0
P5-E2,direct_full_kd_gold_medium,24,S1-6_03,0
P5-E2,direct_full_kd_gold_medium,25,S1-6_14,0
P5-E2,direct_full_kd_gold_medium,26,S1-13_04,0
P5-E2,direct_full_kd_gold_medium,27,S1-6_08,0
P5-E2,direct_full_kd_gold_medium,28,S1-8_01,0
P5-E2,direct_full_kd_gold_medium,29,SBM-1_04,0
P5-E2,direct_full_kd_gold_medium,30,S1-6_05,0
P5-E2,direct_full_kd_gold_medium,31,S1-6_06,0
P5-E2,direct_full_kd_gold_medium,32,S1-11_06,0
P5-E2,direct_full_kd_gold_medium,33,S1-6_02,0
P5-E2,direct_full_kd_gold_medium,34,S1-7_07,0
P5-E2,direct_full_kd_gold_medium,35,S1-9_03,0
P5-E2,direct_full_kd_gold_medium,36,SBM-1_03,0
P5-E2,direct_full_kd_gold_medium,37,S1-6_12,0
P5-E2,direct_full_kd_gold_medium,38,S1-6_04,0
P5-E2,direct_full_kd_gold_medium,39,S1-15_03,0
P5-E2,direct_full_kd_gold_medium,40,S1-6_11,0
P5-E2,direct_full_kd_gold_medium,41,S1-8_04,0
P5-E2,direct_full_kd_gold_medium,42,S1-11_04,0
P5-E2,direct_full_kd_gold_medium,43,S1-7_09,0
P5-E2,direct_full_kd_gold_medium,44,S1-11_05,0
P5-E2,direct_full_kd_gold_medium,45,S1-13_01,0
P5-E2,direct_full_kd_gold_medium,46,S1-9_04,0
P5-E2,direct_full_kd_gold_medium,47,S1-17_11,0
P5-E2,direct_full_kd_gold_medium,48,S1-11_01,0
P5-E2,direct_full_kd_gold_medium,49,S1-13_03,0
P5-E2,direct_full_kd_gold_medium,50,S1-1_03,0
P5-E2,direct_full_kd_gold_medium,51,S1-13_06,0
P5-E2,direct_full_kd_gold_medium,52,S1-11_03,0
P5-E2,direct_full_kd_gold_medium,53,S1-9_05,0
P5-E2,direct_full_kd_gold_medium,54,S1-17_08,0
P5-E2,direct_full_kd_gold_medium,55,S1-11_10,0
P5-E2,direct_full_kd_gold_medium,56,S1-1_01,0
P5-E2,direct_full_kd_gold_medium,57,SBM-1_06,0
P5-E2,direct_full_kd_gold_medium,58,S1-7_06,0
P5-E2,direct_full_kd_gold_medium,59,S1-11_11,0
P5-E2,direct_full_kd_gold_medium,60,S1-14_07,0
P5-E2,direct_full_kd_gold_medium,61,S1-14_02,0
P5-E2,direct_full_kd_gold_medium,62,GOV-3_01,0
P5-E2,direct_full_kd_gold_medium,63,GOV-1_05,0
P5-E2,direct_full_kd_gold_medium,64,S1-8_02,0
P5-E2,direct_full_kd_gold_medium,65,S1-11_07,0
P5-E2,direct_full_kd_gold_medium,66,S1-6_18,0
P5-E2,direct_full_kd_gold_medium,67,S1-6_16,0
P5-E2,direct_full_kd_gold_medium,68,S1-6_13,0
P5-E2,direct_full_kd_gold_medium,69,E1.GOV-3_01,0
P5-E2,direct_full_kd_gold_medium,70,S1-15_01,0
P5-E2,direct_full_kd_gold_medium,71,S1-11_09,0
P5-E2,direct_full_kd_gold_medium,72,S1-15_02,0
P5-E2,direct_full_kd_gold_medium,73,S1-8_03,0
P5-E2,direct_full_kd_gold_medium,74,S1-14_09,0
P5-E2,direct_full_kd_gold_medium,75,S1-14_04,0
P5-E2,direct_full_kd_gold_medium,76,S1-2_01,0
P5-E2,direct_full_kd_gold_medium,77,E1.GOV-3_03,0
P5-E2,direct_full_kd_gold_medium,78,S1.MDR-T_01-13,0
P5-E2,direct_full_kd_gold_medium,79,S1-13_02,0
P5-E2,direct_full_kd_gold_medium,80,S1-12_01,0
P5-E2,direct_full_kd_gold_medium,81,S1-14_06,0
P5-E2,direct_full_kd_gold_medium,82,E1-6_04,0
P5-E2,direct_full_kd_gold_medium,83,S1-4_16,0
P5-E2,direct_full_kd_gold_medium,84,S1-3_04,0
P5-E2,direct_full_kd_gold_medium,85,MDR-P_03,0
P5-E2,direct_full_kd_gold_medium,86,S1-14_08,0
P5-E2,direct_full_kd_gold_medium,87,GOV-3_02,0
P5-E2,direct_full_kd_gold_medium,88,S2-1_01,0
P5-E2,direct_full_kd_gold_medium,89,S1-2_12,0
P5-E2,direct_full_kd_gold_medium,90,E1-6_01,0
P5-E2,direct_full_kd_gold_medium,91,S1-17_03,0
P5-E2,direct_full_kd_gold_medium,92,S1-2_11,0
P5-E2,direct_full_kd_gold_medium,93,S1-14_03,0
P5-E2,direct_full_kd_gold_medium,94,S1-5_02,0
P5-E2,direct_full_kd_gold_medium,95,S1-3_05,0
P5-E2,direct_full_kd_gold_medium,96,GOV-1_06,0
P5-E2,direct_full_kd_gold_medium,97,S1-17_07,0
P5-E2,direct_full_kd_gold_medium,98,S1-14_05,0
P5-E2,direct_full_kd_gold_medium,99,S1-13_05,0
P5-E2,direct_full_kd_gold_medium,100,SBM-1_07,0
P5-E2,direct_full_kd_gold_medium,101,S1-7_05,0
P5-E2,direct_full_kd_gold_medium,102,S1-3_08,0
P5-E2,direct_full_kd_gold_medium,103,S1-1_12,0
P5-E2,direct_full_kd_gold_medium,104,S1.MDR-A_01-12,0
P5-E2,direct_full_kd_gold_medium,105,S1-1_05,0
P5-E2,direct_full_kd_gold_medium,106,S1.SBM-3_03,0
P5-E2,direct_full_kd_gold_medium,107,GOV-1_12,0
P5-E2,direct_full_kd_gold_medium,108,GOV-1_02,0
P5-E2,direct_full_kd_gold_medium,109,S1-4_05,0
P5-E2,direct_full_kd_gold_medium,110,GOV-3_04,0
P5-E2,direct_full_kd_gold_medium,111,S1-4_01,0
P5-E2,direct_full_kd_gold_medium,112,G1-5_11,0
P5-E2,direct_full_kd_gold_medium,113,G1.GOV-1_01,0
P5-E2,direct_full_kd_gold_medium,114,S1-5_03,0
P5-E2,direct_full_kd_gold_medium,115,GOV-1_01,0
P5-E2,direct_full_kd_gold_medium,116,S2.MDR-T_01-13,0
P5-E2,direct_full_kd_gold_medium,117,S4-3_13,0
P5-E2,direct_full_kd_gold_medium,118,S2-1_03,0
P5-E2,direct_full_kd_gold_medium,119,S2-3_09,0
P5-E2,direct_full_kd_gold_medium,120,E1-6_31,0
P5-E2,direct_full_kd_gold_medium,121,G1-3_03,0
P5-E2,direct_full_kd_gold_medium,122,S1-4_04,0
P5-E2,direct_full_kd_gold_medium,123,E1-6_30,0
P5-E2,direct_full_kd_gold_medium,124,S1-4_03,0
P5-E2,direct_full_kd_gold_medium,125,S1-14_12,0
P5-E2,direct_full_kd_gold_medium,126,S1.SBM-3_04,0
P5-E2,direct_full_kd_gold_medium,127,S1-3_02,0
P5-E2,direct_full_kd_gold_medium,128,S1-17_02,0
P5-E2,direct_full_kd_gold_medium,129,S1-2_07,0
P5-E2,direct_full_kd_gold_medium,130,G1.GOV-1_02,0
P5-E2,direct_full_kd_gold_medium,131,S1-2_08,0
P5-E2,direct_full_kd_gold_medium,132,S2-2_01,0
P5-E2,direct_full_kd_gold_medium,133,S1-1_21,0
P5-E2,direct_full_kd_gold_medium,134,S2-4_04,0
P5-E2,direct_full_kd_gold_medium,135,E5.MDR-A_01-12,0
P5-E2,direct_full_kd_gold_medium,136,S1-17_01,0
P5-E2,direct_full_kd_gold_medium,137,G1-1_10,0
P5-E2,direct_full_kd_gold_medium,138,S1-2_06,0
P5-E2,direct_full_kd_gold_medium,139,S2.SBM-3_05,0
P5-E2,direct_full_kd_gold_medium,140,GOV-3_03,0
P5-E2,direct_full_kd_gold_medium,141,S1-3_01,0
P5-E2,direct_full_kd_gold_medium,142,S2.MDR-A_01-12,0
P5-E2,direct_full_kd_gold_medium,143,GOV-1_07,0
P5-E2,direct_full_kd_gold_medium,144,E1-6_07,0
P5-E2,direct_full_kd_gold_medium,145,G1-4_06,0
P5-E2,direct_full_kd_gold_medium,146,GOV-2_01,0
P5-E2,direct_full_kd_gold_medium,147,S1-5_06,0
P5-E2,direct_full_kd_gold_medium,148,S1-2_02,0
P5-E2,direct_full_kd_gold_medium,149,S1-17_05,0
P5-E2,direct_full_kd_gold_medium,150,E1-4_03,0
P5-E2,direct_full_kd_gold_medium,151,S2-3_02,0
P5-E2,direct_full_kd_gold_medium,152,MDR-P_01,0
P5-E2,direct_full_kd_gold_medium,153,G1.MDR-P_01-06,0
P5-E2,direct_full_kd_gold_medium,154,S2-4_06,0
P5-E2,direct_full_kd_gold_medium,155,S2-2_06,0
P5-E2,direct_full_kd_gold_medium,156,GOV-1_04,0
P5-E2,direct_full_kd_gold_medium,157,S1-8_08,0
P5-E2,direct_full_kd_gold_medium,158,E1-4_06,0
P5-E2,direct_full_kd_gold_medium,159,E1-4_15,0
P5-E2,direct_full_kd_gold_medium,160,S2-5_06,0
P5-E2,direct_full_kd_gold_medium,161,S4-5_06,0
P5-E2,direct_full_kd_gold_medium,162,SBM-3_08,0
P5-E2,direct_full_kd_gold_medium,163,S2-4_05,0
P5-E2,direct_full_kd_gold_medium,164,S2-4_15,0
P5-E2,direct_full_kd_gold_medium,165,E1-6_11,0
P5-E2,direct_full_kd_gold_medium,166,E5-2_08,0
P5-E2,direct_full_kd_gold_medium,167,GOV-1_08,0
P5-E2,direct_full_kd_gold_medium,168,S2-2_08,0
P5-E2,direct_full_kd_gold_medium,169,GOV-2_02,0
P5-E2,direct_full_kd_gold_medium,170,MDR-A_06,0
P5-E2,direct_full_kd_gold_medium,171,S2-3_12,0
P5-E2,direct_full_kd_gold_medium,172,E1-4_09,0
P5-E2,direct_full_kd_gold_medium,173,S2-3_05,0
P5-E2,direct_full_kd_gold_medium,174,S2.SBM-3_06,0
P5-E2,direct_full_kd_gold_medium,175,E1.MDR-P_07-08,0
P5-E2,direct_full_kd_gold_medium,176,E3-4_01,0
P5-E2,direct_full_kd_gold_medium,177,E5-5_15,0
P5-E2,direct_full_kd_gold_medium,178,E1-4_12,0
P5-E2,direct_full_kd_gold_medium,179,E1-5_01,0
P5-E2,direct_full_kd_gold_medium,180,MDR-P_02,0
P5-E2,direct_full_kd_gold_medium,181,S1-1_09,0
P5-E2,direct_full_kd_gold_medium,182,E2.MDR-P_07-08,0
P5-E2,direct_full_kd_gold_medium,183,S2-4_01,0
P5-E2,direct_full_kd_gold_medium,184,E1-5_18,0
P5-E2,direct_full_kd_gold_medium,185,G1.MDR-P_07-08,0
P5-E2,direct_full_kd_gold_medium,186,S4-1_09,0
P5-E2,direct_full_kd_gold_medium,187,BP-2_27,0
P5-E2,direct_full_kd_gold_medium,188,IRO-1_14,0
P5-E2,direct_full_kd_gold_medium,189,S2-4_03,0
P5-E2,direct_full_kd_gold_medium,190,MDR-P_05,0
P5-E2,direct_full_kd_gold_medium,191,S2-2_07,0
P5-E2,direct_full_kd_gold_medium,192,S1.MDR-P_07-08,0
P5-E2,direct_full_kd_gold_medium,193,E4.MDR-P_07-08,0
P5-E2,direct_full_kd_gold_medium,194,MDR-T_02,0
P5-E2,direct_full_kd_gold_medium,195,S1-1_10,0
P5-E2,direct_full_kd_gold_medium,196,S1-1_14,0
P5-E2,direct_full_kd_gold_medium,197,E3.MDR-P_07-08,0
P5-E2,direct_full_kd_gold_medium,198,BP-2_25,0
P5-E2,direct_full_kd_gold_medium,199,E5-2_06,0
P5-E2,direct_full_kd_gold_medium,200,S2-1_11,0
P5-E2,direct_full_kd_gold_medium,201,S2.MDR-P_07-08,0
P5-E2,direct_full_kd_gold_medium,202,SBM-1_25,0
P5-E2,direct_full_kd_gold_medium,203,E4-1_09,0
P5-E2,direct_full_kd_gold_medium,204,S1-2_09,0
P5-E2,direct_full_kd_gold_medium,205,E5.MDR-P_07-08,0
P5-E2,direct_full_kd_gold_medium,206,MDR-A_05,0
P5-E2,direct_full_kd_gold_medium,207,S1-16_03,0
P5-E2,direct_full_kd_gold_medium,208,SBM-1_02,0
P5-E2,direct_full_kd_gold_medium,209,S1-4_14,0
P5-E2,direct_full_kd_gold_medium,210,S2-2_09,0
P5-E2,direct_full_kd_gold_medium,211,S1-4_12,0
P5-E2,direct_full_kd_gold_medium,212,MDR-P_09,0
P5-E2,direct_full_kd_gold_medium,213,SBM-3_09,0
P5-E2,direct_full_kd_gold_medium,214,S4.MDR-P_07-08,0
P5-E2,direct_full_kd_gold_medium,215,S2-1_05,0
P5-E2,direct_full_kd_gold_medium,216,S3-5_06,0
P5-E2,direct_full_kd_gold_medium,217,E1-5_07,0
P5-E2,direct_full_kd_gold_medium,218,E5-5_16,0
P5-E2,direct_full_kd_gold_medium,219,MDR-P_08,0
P5-E2,direct_full_kd_gold_medium,220,E5-5_17,0
P5-E2,direct_full_kd_gold_medium,221,S1-1_13,0
P5-E2,direct_full_kd_gold_medium,222,S1-1_08,0
P5-E2,direct_full_kd_gold_medium,223,E1-5_14,0
P5-E2,direct_full_kd_gold_medium,224,E2-4_10,0
P5-E2,direct_full_kd_gold_medium,225,E3.IRO-1_02,0
P5-E2,direct_full_kd_gold_medium,226,S2-5_02,0
P5-E2,direct_full_kd_gold_medium,227,S2-1_04,0
P5-E2,direct_full_kd_gold_medium,228,E1.MDR-T_14-19,0
P5-E2,direct_full_kd_gold_medium,229,S1-17_13,0
P5-E2,direct_full_kd_gold_medium,230,S3.MDR-P_07-08,0
P5-E2,direct_full_kd_gold_medium,231,S2-4_07,0
P5-E2,direct_full_kd_gold_medium,232,S3-1_09,0
P5-E2,direct_full_kd_gold_medium,233,MDR-P_07,0
P5-E2,direct_full_kd_gold_medium,234,S4-1_05,0
P5-E2,direct_full_kd_gold_medium,235,MDR-T_14,0
P5-E2,direct_full_kd_gold_medium,236,S2-5_03,0
P5-E2,direct_full_kd_gold_medium,237,S1-2_14,0
P5-E2,direct_full_kd_gold_medium,238,S1-1_06,0
P5-E2,direct_full_kd_gold_medium,239,S1-1_22,0
P5-E2,direct_full_kd_gold_medium,240,S1.MDR-T_14-19,0
P5-E2,direct_full_kd_gold_medium,241,MDR-M_01,0
P5-E2,direct_full_kd_gold_medium,242,S1-4_09,0
P5-E2,direct_full_kd_gold_medium,243,S4-1_02,0
P5-E2,direct_full_kd_gold_medium,244,S1-1_07,0
P5-E2,direct_full_kd_gold_medium,245,E2.MDR-T_14-19,0
P5-E2,direct_full_kd_gold_medium,246,E1-6_27,0
P5-E2,direct_full_kd_gold_medium,247,MDR-P_06,0
P5-E2,direct_full_kd_gold_medium,248,E5-5_09,0
P5-E2,direct_full_kd_gold_medium,249,SBM-3_11,0
P5-E2,direct_full_kd_gold_medium,250,MDR-T_05,0
P5-E2,direct_full_kd_gold_medium,251,E4.MDR-T_14-19,0
P5-E2,direct_full_kd_gold_medium,252,S2-3_01,0
P5-E2,direct_full_kd_gold_medium,253,S4-4_18,0
P5-E2,direct_full_kd_gold_medium,254,S2-1_08,0
P5-E2,direct_full_kd_gold_medium,255,G1-4_08,0
P5-E2,direct_full_kd_gold_medium,256,S2-4_18,0
P5-E2,direct_full_kd_gold_medium,257,BP-1_02,0
P5-E2,direct_full_kd_gold_medium,258,S3-1_05,0
P5-E2,direct_full_kd_gold_medium,259,E5-5_07,0
P5-E2,direct_full_kd_gold_medium,260,E3.MDR-T_14-19,0
P5-E2,direct_full_kd_gold_medium,261,S1-4_20,0
P5-E2,direct_full_kd_gold_medium,262,S4-4_12,0
P5-E2,direct_full_kd_gold_medium,263,S2-4_12,0
P5-E2,direct_full_kd_gold_medium,264,G1-4_07,0
P5-E2,direct_full_kd_gold_medium,265,G1-4_04,0
P5-E2,direct_full_kd_gold_medium,266,G1.MDR-A_13-14,0
P5-E2,direct_full_kd_gold_medium,267,SBM-1_01,0
P5-E2,direct_full_kd_gold_medium,268,E5.MDR-T_14-19,0
P5-E2,direct_full_kd_gold_medium,269,E2.MDR-A_13-14,0
P5-E2,direct_full_kd_gold_medium,270,BP-2_22,0
P5-E2,direct_full_kd_gold_medium,271,S1.MDR-A_13-14,0
P5-E2,direct_full_kd_gold_medium,272,E5-2_02,0
P5-E2,direct_full_kd_gold_medium,273,E1.MDR-A_13-14,0
P5-E2,direct_full_kd_gold_medium,274,S4-1_06,0
P5-E2,direct_full_kd_gold_medium,275,S2.MDR-T_14-19,0
P5-E2,direct_full_kd_gold_medium,276,E1-5_03,0
P5-E2,direct_full_kd_gold_medium,277,MDR-T_18,0
P5-E2,direct_full_kd_gold_medium,278,E1-9_42,0
P5-E2,direct_full_kd_gold_medium,279,E1-9_41,0
P5-E2,direct_full_kd_gold_medium,280,E1-5_11,0
P5-E2,direct_full_kd_gold_medium,281,E1-9_01,0
P5-E2,direct_full_kd_gold_medium,282,S2-1_06,0
P5-E2,direct_full_kd_gold_medium,283,E1-9_03,0
P5-E2,direct_full_kd_gold_medium,284,E5-5_08,0
P5-E2,direct_full_kd_gold_medium,285,BP-2_24,0
P5-E2,direct_full_kd_gold_medium,286,S4.MDR-T_01-13,0
P5-E2,direct_full_kd_gold_medium,287,E1-6_26,0
P5-E2,direct_full_kd_gold_medium,288,E4.MDR-A_13-14,0
P5-E2,direct_full_kd_gold_medium,289,GOV-1_10,0
P5-E2,direct_full_kd_gold_medium,290,E4-5_18,0
P5-E2,direct_full_kd_gold_medium,291,SBM-2_02,0
P5-E2,direct_full_kd_gold_medium,292,MDR-T_07,0
P5-E2,direct_full_kd_gold_medium,293,S2-4_11,0
P5-E2,direct_full_kd_gold_medium,294,BP-1_04,0
P5-E2,direct_full_kd_gold_medium,295,MDR-T_04,0
P5-E2,direct_full_kd_gold_medium,296,E3.MDR-A_13-14,0
P5-E2,direct_full_kd_gold_medium,297,S4.MDR-T_14-19,0
P5-E2,direct_full_kd_gold_medium,298,E1-5_06,0
P5-E2,direct_full_kd_gold_medium,299,E2-4_02,0
P5-E2,direct_full_kd_gold_medium,300,GOV-1_17,0
P5-E2,direct_full_kd_gold_medium,301,E4-3_10,0
P5-E2,direct_full_kd_gold_medium,302,E1-9_02,0
P5-E2,direct_full_kd_gold_medium,303,E1-5_05,0
P5-E2,direct_full_kd_gold_medium,304,E3-4_12,0
P5-E2,direct_full_kd_gold_medium,305,S3-1_02,0
P5-E2,direct_full_kd_gold_medium,306,E3-3_08,0
P5-E2,direct_full_kd_gold_medium,307,S3-4_19,0
P5-E2,direct_full_kd_gold_medium,308,E1-4_01,0
P5-E2,direct_full_kd_gold_medium,309,E5.MDR-A_13-14,0
P5-E2,direct_full_kd_gold_medium,310,E1-4_25,0
P5-E2,direct_full_kd_gold_medium,311,S1-4_11,0
P5-E2,direct_full_kd_gold_medium,312,S2.MDR-A_13-14,0
P5-E2,direct_full_kd_gold_medium,313,E1-9_14,0
P5-E2,direct_full_kd_gold_medium,314,S3-1_06,0
P5-E2,direct_full_kd_gold_medium,315,BP-1_01,0
P5-E2,direct_full_kd_gold_medium,316,E1-5_10,0
P5-E2,direct_full_kd_gold_medium,317,S2-4_13,0
P5-E2,direct_full_kd_gold_medium,318,G1-4_02,0
P5-E2,direct_full_kd_gold_medium,319,G1-3_04,0
P5-E2,direct_full_kd_gold_medium,320,GOV-1_16,0
P5-E2,direct_full_kd_gold_medium,321,S3-4_12,0
P5-E2,direct_full_kd_gold_medium,322,E1-5_02,0
P5-E2,direct_full_kd_gold_medium,323,E3-4_11,0
P5-E2,direct_full_kd_gold_medium,324,SBM-2_04,0
P5-E2,direct_full_kd_gold_medium,325,SBM-2_03,0
P5-E2,direct_full_kd_gold_medium,326,IRO-1_01,0
P5-E2,direct_full_kd_gold_medium,327,E3.MDR-A_01-12,0
P5-E2,direct_full_kd_gold_medium,328,S1-4_10,0
P5-E2,direct_full_kd_gold_medium,329,BP-2_23,0
P5-E2,direct_full_kd_gold_medium,330,S3.MDR-T_14-19,0
P5-E2,direct_full_kd_gold_medium,331,S4.MDR-A_13-14,0
P5-E2,direct_full_kd_gold_medium,332,E1-6_28,0
P5-E2,direct_full_kd_gold_medium,333,S4-4_15,0
P5-E2,direct_full_kd_gold_medium,334,S4-3_11,0
P5-E2,direct_full_kd_gold_medium,335,SBM-2_06,0
P5-E2,direct_full_kd_gold_medium,336,S1-3_07,0
P5-E2,direct_full_kd_gold_medium,337,E5.IRO-1_01,0
P5-E2,direct_full_kd_gold_medium,338,E2-3_09,0
P5-E2,direct_full_kd_gold_medium,339,MDR-T_20,0
P5-E2,direct_full_kd_gold_medium,340,S1-4_13,0
P5-E2,direct_full_kd_gold_medium,341,S2-3_11,0
P5-E2,direct_full_kd_gold_medium,342,E3-4_02,0
P5-E2,direct_full_kd_gold_medium,343,S4-3_04,0
P5-E2,direct_full_kd_gold_medium,344,E5-2_05,0
P5-E2,direct_full_kd_gold_medium,345,E2-4_01,0
P5-E2,direct_full_kd_gold_medium,346,SBM-2_01,0
P5-E2,direct_full_kd_gold_medium,347,GOV-1_11,0
P5-E2,direct_full_kd_gold_medium,348,SBM-1_28,0
P5-E2,direct_full_kd_gold_medium,349,S2-3_04,0
P5-E2,direct_full_kd_gold_medium,350,SBM-3_04,0
P5-E2,direct_full_kd_gold_medium,351,S4.MDR-A_01-12,0
P5-E2,direct_full_kd_gold_medium,352,MDR-A_14,0
P5-E2,direct_full_kd_gold_medium,353,SBM-1_08,0
P5-E2,direct_full_kd_gold_medium,354,E2-4_17,0
P5-E2,direct_full_kd_gold_medium,355,S3-1_01,0
P5-E2,direct_full_kd_gold_medium,356,S4-4_11,0
P5-E2,direct_full_kd_gold_medium,357,E3-4_06,0
P5-E2,direct_full_kd_gold_medium,358,E1.MDR-A_01-12,0
P5-E2,direct_full_kd_gold_medium,359,BP-2_21,0
P5-E2,direct_full_kd_gold_medium,360,E5-5_03,0
P5-E2,direct_full_kd_gold_medium,361,MDR-A_15,0
P5-E2,direct_full_kd_gold_medium,362,SBM-2_12,0
P5-E2,direct_full_kd_gold_medium,363,S3.MDR-A_13-14,0
P5-E2,direct_full_kd_gold_medium,364,IRO-1_04,0
P5-E2,direct_full_kd_gold_medium,365,S3-4_15,0
P5-E2,direct_full_kd_gold_medium,366,E1-5_12,0
P5-E2,direct_full_kd_gold_medium,367,S4-1_01,0
P5-E2,direct_full_kd_gold_medium,368,E1-3_03,0
P5-E2,direct_full_kd_gold_medium,369,SBM-3_07,0
P5-E2,direct_full_kd_gold_medium,370,S1-3_06,0
P5-E2,direct_full_kd_gold_medium,371,E5-4_05,0
P5-E2,direct_full_kd_gold_medium,372,S4-3_03,0
P5-E2,direct_full_kd_gold_medium,373,S4-3_08,0
P5-E2,direct_full_kd_gold_medium,374,IRO-1_03,0
P5-E2,direct_full_kd_gold_medium,375,S3-4_17,0
P5-E2,direct_full_kd_gold_medium,376,MDR-T_09,0
P5-E2,direct_full_kd_gold_medium,377,S2-2_02,0
P5-E2,direct_full_kd_gold_medium,378,BP-2_26,0
P5-E2,direct_full_kd_gold_medium,379,S4-2_09,0
P5-E2,direct_full_kd_gold_medium,380,S4-2_01,0
P5-E2,direct_full_kd_gold_medium,381,E1.SBM-3_01,0
P5-E2,direct_full_kd_gold_medium,382,S4-4_04,0
P5-E2,direct_full_kd_gold_medium,383,SBM-3_01,0
P5-E2,direct_full_kd_gold_medium,384,E1-6_17,0
P5-E2,direct_full_kd_gold_medium,385,S2-3_03,0
P5-E2,direct_full_kd_gold_medium,386,S4-5_02,0
P5-E2,direct_full_kd_gold_medium,387,E3-2_02,0
P5-E2,direct_full_kd_gold_medium,388,MDR-A_01,0
P5-E2,direct_full_kd_gold_medium,389,E5-2_03,0
P5-E2,direct_full_kd_gold_medium,390,IRO-1_05,0
P5-E2,direct_full_kd_gold_medium,391,SBM-2_05,0
P5-E2,direct_full_kd_gold_medium,392,E5-2_07,0
P5-E2,direct_full_kd_gold_medium,393,S3.MDR-T_01-13,0
P5-E2,direct_full_kd_gold_medium,394,E3-3_04,0
P5-E2,direct_full_kd_gold_medium,395,E2.IRO-1_03,0
P5-E2,direct_full_kd_gold_medium,396,MDR-T_21,0
P5-E2,direct_full_kd_gold_medium,397,E1-5_08,0
P5-E2,direct_full_kd_gold_medium,398,S1-4_02,0
P5-E2,direct_full_kd_gold_medium,399,G1.MDR-A_01-12,0
P5-E2,direct_full_kd_gold_medium,400,IRO-1_02,0
P5-E2,direct_full_kd_gold_medium,401,G1-4_05,0
P5-E2,direct_full_kd_gold_medium,402,MDR-T_16,0
P5-E2,direct_full_kd_gold_medium,403,S3-3_20,0
P5-E2,direct_full_kd_gold_medium,404,IRO-1_06,0
P5-E2,direct_full_kd_gold_medium,405,E1.MDR-T_01-13,0
P5-E2,direct_full_kd_gold_medium,406,S4-2_03,0
P5-E2,direct_full_kd_gold_medium,407,E4-5_06,0
P5-E2,direct_full_kd_gold_medium,408,E5-5_18,0
P5-E2,direct_full_kd_gold_medium,409,SBM-3_02,0
P5-E2,direct_full_kd_gold_medium,410,E2.MDR-A_01-12,0
P5-E2,direct_full_kd_gold_medium,411,E5.MDR-T_01-13,0
P5-E2,direct_full_kd_gold_medium,412,S4-4_03,0
P5-E2,direct_full_kd_gold_medium,413,E2.MDR-T_01-13,0
P5-E2,direct_full_kd_gold_medium,414,SBM-1_23,0
P5-E2,direct_full_kd_gold_medium,415,MDR-T_17,0
P5-E2,direct_full_kd_gold_medium,416,MDR-T_13,0
P5-E2,direct_full_kd_gold_medium,417,E1-5_13,0
P5-E2,direct_full_kd_gold_medium,418,S3-2_01,0
P5-E2,direct_full_kd_gold_medium,419,S1-2_10,0
P5-E2,direct_full_kd_gold_medium,420,E4.MDR-T_01-13,0
P5-E2,direct_full_kd_gold_medium,421,S4-3_05,0
P5-E2,direct_full_kd_gold_medium,422,S3-3_13,0
P5-E2,direct_full_kd_gold_medium,423,S1-3_10,0
P5-E2,direct_full_kd_gold_medium,424,G1-4_01,0
P5-E2,direct_full_kd_gold_medium,425,S4-3_07,0
P5-E2,direct_full_kd_gold_medium,426,S4-4_06,0
P5-E2,direct_full_kd_gold_medium,427,E3.IRO-1_01,0
P5-E2,direct_full_kd_gold_medium,428,SBM-1_15,0
P5-E2,direct_full_kd_gold_medium,429,S1-3_11,0
P5-E2,direct_full_kd_gold_medium,430,S3-4_04,0
P5-E2,direct_full_kd_gold_medium,431,E3-4_05,0
P5-E2,direct_full_kd_gold_medium,432,S3.MDR-A_01-12,0
P5-E2,direct_full_kd_gold_medium,433,S2-3_08,0
P5-E2,direct_full_kd_gold_medium,434,S1-3_09,0
P5-E2,direct_full_kd_gold_medium,435,E3-2_01,0
P5-E2,direct_full_kd_gold_medium,436,S2-2_03,0
P5-E2,direct_full_kd_gold_medium,437,S1-2_03,0
P5-E2,direct_full_kd_gold_medium,438,E3.MDR-T_01-13,0
P5-E2,direct_full_kd_gold_medium,439,S2-3_07,0
P5-E2,direct_full_kd_gold_medium,440,E1-2_01,0
P5-E2,direct_full_kd_gold_medium,441,S4-2_07,0
P5-E2,direct_full_kd_gold_medium,442,S3.SBM-3_05,0
P5-E2,direct_full_kd_gold_medium,443,S4.SBM-3_04,0
P5-E2,direct_full_kd_gold_medium,444,S4.SBM-3_05,0
P5-E2,direct_full_kd_gold_medium,445,S4-3_02,0
P5-E2,direct_full_kd_gold_medium,446,S3-4_11,0
P5-E2,direct_full_kd_gold_medium,447,S4-4_07,0
P5-E2,direct_full_kd_gold_medium,448,S4-3_06,0
P5-E2,direct_full_kd_gold_medium,449,E4-5_09,0
P5-E2,direct_full_kd_gold_medium,450,MDR-A_04,0
P5-E2,direct_full_kd_gold_medium,451,S4-2_08,0
P5-E2,direct_full_kd_gold_medium,452,S3-3_12,0
P5-E2,direct_full_kd_gold_medium,453,G1-2_02,0
P5-E2,direct_full_kd_gold_medium,454,S3-4_10,0
P5-E2,direct_full_kd_gold_medium,455,SBM-1_09,0
P5-E2,direct_full_kd_gold_medium,456,S4-4_01,0
P5-E2,direct_full_kd_gold_medium,457,S4-4_05,0
P5-E2,direct_full_kd_gold_medium,458,S2-3_06,0
P5-E2,direct_full_kd_gold_medium,459,S2-4_02,0
P5-E2,direct_full_kd_gold_medium,460,S3-2_03,0
P5-E2,direct_full_kd_gold_medium,461,MDR-A_13,0
P5-E2,direct_full_kd_gold_medium,462,S4-5_03,0
P5-E2,direct_full_kd_gold_medium,463,E2-3_06,0
P5-E2,direct_full_kd_gold_medium,464,S3-3_17,0
P5-E2,direct_full_kd_gold_medium,465,S3-4_03,0
P5-E2,direct_full_kd_gold_medium,466,SBM-1_21,0
P5-E2,direct_full_kd_gold_medium,467,S3-4_05,0
P5-E2,direct_full_kd_gold_medium,468,S4-4_02,0
P5-E2,direct_full_kd_gold_medium,469,E2-4_09,0
P5-E2,direct_full_kd_gold_medium,470,E2-4_15,0
P5-E2,direct_full_kd_gold_medium,471,E2-3_05,0
P5-E2,direct_full_kd_gold_medium,472,S3-5_03,0
P5-E2,direct_full_kd_gold_medium,473,S3-3_15,0
P5-E2,direct_full_kd_gold_medium,474,S3-4_06,0
P5-E2,direct_full_kd_gold_medium,475,S4-1_04,0
P5-E2,direct_full_kd_gold_medium,476,E1-4_22,0
P5-E2,direct_full_kd_gold_medium,477,S3-4_02,0
P5-E2,direct_full_kd_gold_medium,478,S3-3_16,0
P5-E2,direct_full_kd_gold_medium,479,S4-4_13,0
P5-E2,direct_full_kd_gold_medium,480,S3.SBM-3_04,0
P5-E2,direct_full_kd_gold_medium,481,S3-4_07,0
P5-E2,direct_full_kd_gold_medium,482,S4-3_01,0
P5-E2,direct_full_kd_gold_medium,483,S3-2_06,0
P5-E2,direct_full_kd_gold_medium,484,S3-5_02,0
P5-E2,direct_full_kd_gold_medium,485,S3-2_08,0
P5-E2,direct_full_kd_gold_medium,486,S4-2_06,0
P5-E2,direct_full_kd_gold_medium,487,SBM-1_19,0
P5-E2,direct_full_kd_gold_medium,488,S4-3_12,0
P5-E2,direct_full_kd_gold_medium,489,SBM-1_05,0
P5-E2,direct_full_kd_gold_medium,490,S3-4_13,0
P5-E2,direct_full_kd_gold_medium,491,S3-2_09,0
P5-E2,direct_full_kd_gold_medium,492,S3-3_14,0
P5-E2,direct_full_kd_gold_medium,493,E4.MDR-A_01-12,0
P5-E2,direct_full_kd_gold_medium,494,E4-3_14,0
P5-E2,direct_full_kd_gold_medium,495,S3-3_10,0
P5-E2,direct_full_kd_gold_medium,496,S3-3_11,0
P5-E2,direct_full_kd_gold_medium,497,S3-1_04,0
P5-E2,direct_full_kd_gold_medium,498,S3-2_05,0
P5-E2,direct_full_kd_gold_medium,499,S3-4_01,0
P5-E2,direct_full_kd_gold_medium,500,E4-5_07,0
P5-E2,direct_full_kd_gold_medium,501,E4-2_01,0
P5-E2,direct_full_kd_gold_medium,502,S4-3_09,0
P5-E2,direct_full_kd_gold_medium,503,S3-3_18,0
P5-E2,direct_full_kd_gold_medium,504,E2-2_01,0
P5-E2,direct_full_kd_gold_medium,505,S4-2_05,0
P5-E2,direct_full_kd_gold_medium,506,E4-2_02,0
P5-E2,direct_full_kd_gold_medium,507,E4-3_15,0
P5-E2,direct_full_kd_gold_medium,508,E4-1_11,0
P5-E2,direct_full_kd_gold_medium,509,E4-5_08,0
P5-E2,direct_full_kd_gold_medium,510,E4.IRO-1_15,0
P5-E2,direct_full_kd_gold_medium,511,E4-3_01,0
P5-E2,direct_full_kd_gold_medium,512,MDR-T_10,0
P5-E2,direct_full_kd_gold_medium,513,S4-2_02,0
P5-E2,direct_full_kd_gold_medium,514,SBM-1_17,0
P5-E2,direct_full_kd_gold_medium,515,S3-3_21,0
P5-E2,direct_full_kd_gold_medium,516,S3-2_02,0
P5-E2,direct_full_kd_gold_medium,517,E4-5_14,0
P6-E1,direct,1,E1-5_01,0
P6-E1,direct,2,E1-5_18,1
P6-E1,direct,3,E1-5_03,0
P6-E1,direct,4,E1-5_02,0
P6-E1,direct,5,E1-5_05,0
P6-E1,direct,6,E1-5_07,0
P6-E1,direct,7,E1-6_31,0
P6-E1,direct,8,E1-6_30,0
P6-E1,direct,9,E1-5_14,0
P6-E1,direct,10,E1-5_06,0
P6-E1,direct,11,E1-5_08,0
P6-E1,direct,12,E3-4_01,0
P6-E1,direct,13,E1-5_11,0
P6-E1,direct,14,E1-5_12,0
P6-E1,direct,15,E1-5_10,0
P6-E1,direct,16,E1-5_13,0
P6-E1,direct,17,E1-6_01,0
P6-E1,direct,18,E2-4_02,0
P6-E1,direct,19,E1-6_04,0
P6-E1,direct,20,E3-4_02,0
P6-E1,direct,21,E5-5_07,0
P6-E1,direct,22,E5-5_15,0
P6-E1,direct,23,S1-13_04,0
P6-E1,direct,24,E5-5_16,0
P6-E1,direct,25,E1-4_03,0
P6-E1,direct,26,E3-4_11,0
P6-E1,direct,27,E2-4_01,0
P6-E1,direct,28,GOV-3_04,0
P6-E1,direct,29,S1-6_06,0
P6-E1,direct,30,E1-6_11,0
P6-E1,direct,31,S1-6_10,0
P6-E1,direct,32,E1-6_07,0
P6-E1,direct,33,E5.MDR-A_01-12,0
P6-E1,direct,34,SBM-1_06,0
P6-E1,direct,35,E5-5_09,0
P6-E1,direct,36,E1-6_28,0
P6-E1,direct,37,E5-5_08,0
P6-E1,direct,38,E1-6_17,0
P6-E1,direct,39,E1-6_27,0
P6-E1,direct,40,S1-13_06,0
P6-E1,direct,41,E3-4_12,0
P6-E1,direct,42,S1-6_19,0
P6-E1,direct,43,S1-6_09,0
P6-E1,direct,44,E1-4_15,0
P6-E1,direct,45,S1-6_05,0
P6-E1,direct,46,E1-4_12,0
P6-E1,direct,47,E1-3_03,0
P6-E1,direct,48,E5-2_06,0
P6-E1,direct,49,E1-4_06,0
P6-E1,direct,50,S1-6_03,0
P6-E1,direct,51,E5-4_05,0
P6-E1,direct,52,SBM-1_04,0
P6-E1,direct,53,S1-6_20,0
P6-E1,direct,54,S1-6_04,0
P6-E1,direct,55,BP-2_27,0
P6-E1,direct,56,S1-13_05,0
P6-E1,direct,57,E5-5_17,0
P6-E1,direct,58,GOV-3_03,0
P6-E1,direct,59,E1-4_09,0
P6-E1,direct,60,S1-13_03,0
P6-E1,direct,61,E2.MDR-A_01-12,0
P6-E1,direct,62,S1-6_01,0
P6-E1,direct,63,S1-10_03,0
P6-E1,direct,64,SBM-1_03,0
P6-E1,direct,65,SBM-1_07,0
P6-E1,direct,66,S1-9_02,0
P6-E1,direct,67,S1-10_02,0
P6-E1,direct,68,S1-6_02,0
P6-E1,direct,69,E3.MDR-A_01-12,0
P6-E1,direct,70,S1-7_02,0
P6-E1,direct,71,S1-16_02,0
P6-E1,direct,72,S1-7_03,0
P6-E1,direct,73,S1-6_12,0
P6-E1,direct,74,E2-4_10,0
P6-E1,direct,75,S1-16_04,0
P6-E1,direct,76,MDR-M_01,0
P6-E1,direct,77,E2-4_09,0
P6-E1,direct,78,S1-6_07,0
P6-E1,direct,79,S1-13_02,0
P6-E1,direct,80,E2-3_06,0
P6-E1,direct,81,BP-2_25,0
P6-E1,direct,82,S1-7_01,0
P6-E1,direct,83,SBM-1_08,0
P6-E1,direct,84,S1-6_08,0
P6-E1,direct,85,S1-16_05,0
P6-E1,direct,86,S1-6_11,0
P6-E1,direct,87,S1-14_07,0
P6-E1,direct,88,S1-15_03,0
P6-E1,direct,89,SBM-1_21,0
P6-E1,direct,90,E5-2_02,0
P6-E1,direct,91,E5-2_08,0
P6-E1,direct,92,E1-9_42,0
P6-E1,direct,93,S1-11_06,0
P6-E1,direct,94,BP-2_22,0
P6-E1,direct,95,S1-9_01,0
P6-E1,direct,96,BP-2_24,0
P6-E1,direct,97,E3-4_05,0
P6-E1,direct,98,E3-4_06,0
P6-E1,direct,99,S4.SBM-3_05,0
P6-E1,direct,100,S1-6_15,0
P6-E1,direct,101,S4-3_13,0
P6-E1,direct,102,MDR-P_09,0
P6-E1,direct,103,MDR-T_02,0
P6-E1,direct,104,E2-4_15,0
P6-E1,direct,105,GOV-3_01,0
P6-E1,direct,106,E1-9_41,0
P6-E1,direct,107,E1.MDR-A_01-12,0
P6-E1,direct,108,S1-6_14,0
P6-E1,direct,109,S1.SBM-3_04,0
P6-E1,direct,110,GOV-3_02,0
P6-E1,direct,111,S1-8_01,0
P6-E1,direct,112,S1-8_02,0
P6-E1,direct,113,S1-14_09,0
P6-E1,direct,114,E1-6_26,0
P6-E1,direct,115,MDR-T_17,0
P6-E1,direct,116,MDR-T_18,0
P6-E1,direct,117,SBM-2_12,0
P6-E1,direct,118,SBM-1_09,0
P6-E1,direct,119,E4.MDR-A_01-12,0
P6-E1,direct,120,S1-14_03,0
P6-E1,direct,121,BP-2_23,0
P6-E1,direct,122,S1-10_04,0
P6-E1,direct,123,S1-9_03,0
P6-E1,direct,124,E4-5_18,0
P6-E1,direct,125,SBM-3_07,0
P6-E1,direct,126,GOV-1_17,0
P6-E1,direct,127,S1-15_02,0
P6-E1,direct,128,E1-4_22,0
P6-E1,direct,129,BP-2_26,0
P6-E1,direct,130,S1-9_04,0
P6-E1,direct,131,S3.SBM-3_05,0
P6-E1,direct,132,S1-10_01,0
P6-E1,direct,133,E1-4_01,0
P6-E1,direct,134,S2.SBM-3_06,0
P6-E1,direct,135,S1-14_02,0
P6-E1,direct,136,S1-7_08,0
P6-E1,direct,137,E2-3_09,0
P6-E1,direct,138,S1-8_03,0
P6-E1,direct,139,S2-4_12,0
P6-E1,direct,140,E5-2_05,0
P6-E1,direct,141,S1-9_05,0
P6-E1,direct,142,S1-15_01,0
P6-E1,direct,143,E4-2_02,0
P6-E1,direct,144,S1-7_07,0
P6-E1,direct,145,S4-2_03,0
P6-E1,direct,146,GOV-1_16,0
P6-E1,direct,147,S2-2_03,0
P6-E1,direct,148,GOV-1_02,0
P6-E1,direct,149,E4-1_09,0
P6-E1,direct,150,SBM-1_23,0
P6-E1,direct,151,S1-2_03,0
P6-E1,direct,152,E2-3_05,0
P6-E1,direct,153,S3-2_03,0
P6-E1,direct,154,S1-6_18,0
P6-E1,direct,155,MDR-T_16,0
P6-E1,direct,156,SBM-2_03,0
P6-E1,direct,157,GOV-1_01,0
P6-E1,direct,158,S4-5_02,0
P6-E1,direct,159,E1-2_01,0
P6-E1,direct,160,S4-4_03,0
P6-E1,direct,161,S1-6_16,0
P6-E1,direct,162,IRO-1_14,0
P6-E1,direct,163,SBM-1_15,0
P6-E1,direct,164,MDR-T_20,0
P6-E1,direct,165,S2-4_18,0
P6-E1,direct,166,E1.GOV-3_03,0
P6-E1,direct,167,BP-1_02,0
P6-E1,direct,168,IRO-1_06,0
P6-E1,direct,169,S4-2_01,0
P6-E1,direct,170,GOV-1_03,0
P6-E1,direct,171,MDR-A_15,0
P6-E1,direct,172,GOV-1_05,0
P6-E1,direct,173,GOV-2_01,0
P6-E1,direct,174,S1-14_05,0
P6-E1,direct,175,S1-7_05,0
P6-E1,direct,176,S4-4_12,0
P6-E1,direct,177,SBM-1_19,0
P6-E1,direct,178,E1-9_01,0
P6-E1,direct,179,S1.MDR-A_01-12,0
P6-E1,direct,180,E5-5_18,0
P6-E1,direct,181,E3-2_01,0
P6-E1,direct,182,S1-4_09,0
P6-E1,direct,183,S1-14_06,0
P6-E1,direct,184,S4.MDR-A_01-12,0
P6-E1,direct,185,MDR-P_03,0
P6-E1,direct,186,GOV-1_06,0
P6-E1,direct,187,E4-3_14,0
P6-E1,direct,188,S1-7_09,0
P6-E1,direct,189,BP-1_04,0
P6-E1,direct,190,S4-4_18,0
P6-E1,direct,191,E3-3_08,0
P6-E1,direct,192,S1-4_16,0
P6-E1,direct,193,S1-4_20,0
P6-E1,direct,194,S1-7_10,0
P6-E1,direct,195,E1-9_03,0
P6-E1,direct,196,S1-12_01,0
P6-E1,direct,197,E1.GOV-3_01,0
P6-E1,direct,198,S3-4_12,0
P6-E1,direct,199,S2.MDR-A_01-12,0
P6-E1,direct,200,S4-2_05,0
P6-E1,direct,201,S1-17_02,0
P6-E1,direct,202,S3-4_19,0
P6-E1,direct,203,S4-4_06,0
P6-E1,direct,204,E2.IRO-1_03,0
P6-E1,direct,205,SBM-3_04,0
P6-E1,direct,206,MDR-P_02,0
P6-E1,direct,207,S1-17_01,0
P6-E1,direct,208,S2-4_03,0
P6-E1,direct,209,S1-4_03,0
P6-E1,direct,210,MDR-A_06,0
P6-E1,direct,211,S1-11_11,0
P6-E1,direct,212,SBM-1_01,0
P6-E1,direct,213,S1-2_12,0
P6-E1,direct,214,E3-3_04,0
P6-E1,direct,215,S1-4_05,0
P6-E1,direct,216,E1-9_02,0
P6-E1,direct,217,S1-13_01,0
P6-E1,direct,218,S4-4_15,0
P6-E1,direct,219,E2.MDR-T_01-13,0
P6-E1,direct,220,S1-16_01,0
P6-E1,direct,221,S1-8_04,0
P6-E1,direct,222,E4-2_01,0
P6-E1,direct,223,S4-1_01,0
P6-E1,direct,224,BP-1_01,0
P6-E1,direct,225,E3-2_02,0
P6-E1,direct,226,S1-17_07,0
P6-E1,direct,227,S4.SBM-3_04,0
P6-E1,direct,228,E3.IRO-1_01,0
P6-E1,direct,229,S1-1_01,0
P6-E1,direct,230,E4-5_06,0
P6-E1,direct,231,E2-2_01,0
P6-E1,direct,232,GOV-1_07,0
P6-E1,direct,233,S1-14_08,0
P6-E1,direct,234,S2.SBM-3_05,0
P6-E1,direct,235,SBM-3_08,0
P6-E1,direct,236,S1-14_04,0
P6-E1,direct,237,E5-2_03,0
P6-E1,direct,238,G1.MDR-P_01-06,0
P6-E1,direct,239,S2-1_11,0
P6-E1,direct,240,S1.SBM-3_03,0
P6-E1,direct,241,S1-6_13,0
P6-E1,direct,242,SBM-3_01,0
P6-E1,direct,243,E1.MDR-T_01-13,0
P6-E1,direct,244,S4.MDR-T_01-13,0
P6-E1,direct,245,S1-5_02,0
P6-E1,direct,246,S1-1_14,0
P6-E1,direct,247,MDR-A_05,0
P6-E1,direct,248,E4.IRO-1_15,0
P6-E1,direct,249,S4-4_04,0
P6-E1,direct,250,S4-4_05,0
P6-E1,direct,251,S4-1_09,0
P6-E1,direct,252,S2.MDR-T_01-13,0
P6-E1,direct,253,SBM-3_11,0
P6-E1,direct,254,S4-1_04,0
P6-E1,direct,255,S1-11_10,0
P6-E1,direct,256,S2-2_01,0
P6-E1,direct,257,GOV-1_04,0
P6-E1,direct,258,E4-3_15,0
P6-E1,direct,259,S4-2_02,0
P6-E1,direct,260,MDR-T_13,0
P6-E1,direct,261,G1-4_06,0
P6-E1,direct,262,E3.MDR-T_01-13,0
P6-E1,direct,263,S1-11_09,0
P6-E1,direct,264,GOV-1_10,0
P6-E1,direct,265,S2-4_05,0
P6-E1,direct,266,S2-5_06,0
P6-E1,direct,267,S1-11_05,0
P6-E1,direct,268,MDR-P_01,0
P6-E1,direct,269,E4.MDR-T_01-13,0
P6-E1,direct,270,S4-5_03,0
P6-E1,direct,271,SBM-2_04,0
P6-E1,direct,272,IRO-1_04,0
P6-E1,direct,273,S2-4_04,0
P6-E1,direct,274,S1-2_01,0
P6-E1,direct,275,S1-2_02,0
P6-E1,direct,276,E4-3_01,0
P6-E1,direct,277,E2.MDR-P_07-08,0
P6-E1,direct,278,SBM-1_25,0
P6-E1,direct,279,E4-3_10,0
P6-E1,direct,280,E1.SBM-3_01,0
P6-E1,direct,281,E4-1_11,0
P6-E1,direct,282,E3.IRO-1_02,0
P6-E1,direct,283,S1-2_06,0
P6-E1,direct,284,S1-4_11,0
P6-E1,direct,285,E1.MDR-P_07-08,0
P6-E1,direct,286,S1.MDR-T_01-13,0
P6-E1,direct,287,SBM-1_28,0
P6-E1,direct,288,GOV-2_02,0
P6-E1,direct,289,S2-3_03,0
P6-E1,direct,290,SBM-2_02,0
P6-E1,direct,291,S4-3_05,0
P6-E1,direct,292,S3-1_09,0
P6-E1,direct,293,MDR-P_08,0
P6-E1,direct,294,S3-5_06,0
P6-E1,direct,295,MDR-T_05,0
P6-E1,direct,296,IRO-1_02,0
P6-E1,direct,297,S3-3_12,0
P6-E1,direct,298,E5.IRO-1_01,0
P6-E1,direct,299,S4-4_01,0
P6-E1,direct,300,E3.MDR-P_07-08,0
P6-E1,direct,301,MDR-P_05,0
P6-E1,direct,302,S1-7_06,0
P6-E1,direct,303,S1-16_03,0
P6-E1,direct,304,E1-4_25,0
P6-E1,direct,305,S3-4_15,0
P6-E1,direct,306,S2-1_06,0
P6-E1,direct,307,G1-2_02,0
P6-E1,direct,308,SBM-1_02,0
P6-E1,direct,309,E4.MDR-P_07-08,0
P6-E1,direct,310,E5.MDR-T_01-13,0
P6-E1,direct,311,S3-4_03,0
P6-E1,direct,312,S4-5_06,0
P6-E1,direct,313,S1-1_05,0
P6-E1,direct,314,S4-3_03,0
P6-E1,direct,315,MDR-T_07,0
P6-E1,direct,316,S3.MDR-A_01-12,0
P6-E1,direct,317,E1-9_14,0
P6-E1,direct,318,S1-11_07,0
P6-E1,direct,319,S2-1_08,0
P6-E1,direct,320,S1-11_04,0
P6-E1,direct,321,S2.MDR-P_07-08,0
P6-E1,direct,322,S3-5_02,0
P6-E1,direct,323,SBM-3_09,0
P6-E1,direct,324,S2-4_06,0
P6-E1,direct,325,S1-5_06,0
P6-E1,direct,326,E4-5_08,0
P6-E1,direct,327,S1-11_03,0
P6-E1,direct,328,S2-2_06,0
P6-E1,direct,329,G1.MDR-P_07-08,0
P6-E1,direct,330,S4-2_08,0
P6-E1,direct,331,E5-5_03,0
P6-E1,direct,332,S1-4_13,0
P6-E1,direct,333,S1.MDR-P_07-08,0
P6-E1,direct,334,SBM-2_05,0
P6-E1,direct,335,S1-3_05,0
P6-E1,direct,336,S1-5_03,0
P6-E1,direct,337,GOV-1_12,0
P6-E1,direct,338,S1-1_09,0
P6-E1,direct,339,S1-4_01,0
P6-E1,direct,340,SBM-2_06,0
P6-E1,direct,341,S1-4_12,0
P6-E1,direct,342,S4-2_06,0
P6-E1,direct,343,E5.MDR-P_07-08,0
P6-E1,direct,344,S1-17_05,0
P6-E1,direct,345,S1-3_08,0
P6-E1,direct,346,S4-4_07,0
P6-E1,direct,347,S4-1_06,0
P6-E1,direct,348,S3.SBM-3_04,0
P6-E1,direct,349,SBM-2_01,0
P6-E1,direct,350,S3-4_05,0
P6-E1,direct,351,MDR-P_06,0
P6-E1,direct,352,S2-1_03,0
P6-E1,direct,353,S2-4_15,0
P6-E1,direct,354,S2-4_01,0
P6-E1,direct,355,S4-3_02,0
P6-E1,direct,356,G1-4_07,0
P6-E1,direct,357,S1-1_12,0
P6-E1,direct,358,S3-4_02,0
P6-E1,direct,359,S1-3_01,0
P6-E1,direct,360,E2.MDR-T_14-19,0
P6-E1,direct,361,S4.MDR-P_07-08,0
P6-E1,direct,362,S2-3_09,0
P6-E1,direct,363,S1-3_04,0
P6-E1,direct,364,S2-4_13,0
P6-E1,direct,365,S4-1_02,0
P6-E1,direct,366,IRO-1_01,0
P6-E1,direct,367,S1-1_07,0
P6-E1,direct,368,E4-5_09,0
P6-E1,direct,369,S3.MDR-P_07-08,0
P6-E1,direct,370,S1-2_11,0
P6-E1,direct,371,S4-3_01,0
P6-E1,direct,372,S4-4_13,0
P6-E1,direct,373,S3-1_06,0
P6-E1,direct,374,S1-11_01,0
P6-E1,direct,375,IRO-1_03,0
P6-E1,direct,376,S2-5_02,0
P6-E1,direct,377,G1-4_04,0
P6-E1,direct,378,S3.MDR-T_01-13,0
P6-E1,direct,379,S3-2_01,0
P6-E1,direct,380,S4-3_09,0
P6-E1,direct,381,SBM-1_05,0
P6-E1,direct,382,S2-4_02,0
P6-E1,direct,383,E2.MDR-A_13-14,0
P6-E1,direct,384,S2-4_07,0
P6-E1,direct,385,S2-3_05,0
P6-E1,direct,386,S1-3_06,0
P6-E1,direct,387,MDR-T_10,0
P6-E1,direct,388,MDR-P_07,0
P6-E1,direct,389,G1-1_10,0
P6-E1,direct,390,S1-14_12,0
P6-E1,direct,391,E3.MDR-T_14-19,0
P6-E1,direct,392,E1.MDR-A_13-14,0
P6-E1,direct,393,S3-4_04,0
P6-E1,direct,394,S4-2_07,0
P6-E1,direct,395,S2-2_09,0
P6-E1,direct,396,S1-4_04,0
P6-E1,direct,397,S1-2_07,0
P6-E1,direct,398,S4-3_07,0
P6-E1,direct,399,GOV-1_08,0
P6-E1,direct,400,MDR-T_04,0
P6-E1,direct,401,E4.MDR-T_14-19,0
P6-E1,direct,402,S2-2_08,0
P6-E1,direct,403,E2-4_17,0
P6-E1,direct,404,S3-1_01,0
P6-E1,direct,405,S3-3_15,0
P6-E1,direct,406,E3.MDR-A_13-14,0
P6-E1,direct,407,S2-3_04,0
P6-E1,direct,408,S4-2_09,0
P6-E1,direct,409,S3-2_05,0
P6-E1,direct,410,E4.MDR-A_13-14,0
P6-E1,direct,411,S1-4_10,0
P6-E1,direct,412,S1-4_14,0
P6-E1,direct,413,S2-3_06,0
P6-E1,direct,414,S1.MDR-T_14-19,0
P6-E1,direct,415,S3-4_06,0
P6-E1,direct,416,S2-3_01,0
P6-E1,direct,417,SBM-3_02,0
P6-E1,direct,418,S2.MDR-T_14-19,0
P6-E1,direct,419,MDR-A_01,0
P6-E1,direct,420,S3-4_01,0
P6-E1,direct,421,S4-3_12,0
P6-E1,direct,422,S2-3_02,0
P6-E1,direct,423,S1-2_09,0
P6-E1,direct,424,GOV-1_11,0
P6-E1,direct,425,S2-5_03,0
P6-E1,direct,426,S2-1_01,0
P6-E1,direct,427,G1.MDR-A_13-14,0
P6-E1,direct,428,MDR-A_14,0
P6-E1,direct,429,G1-4_02,0
P6-E1,direct,430,S1-4_02,0
P6-E1,direct,431,G1.GOV-1_01,0
P6-E1,direct,432,S1.MDR-A_13-14,0
P6-E1,direct,433,S1-17_11,0
P6-E1,direct,434,S3-5_03,0
P6-E1,direct,435,E1.MDR-T_14-19,0
P6-E1,direct,436,S1-1_03,0
P6-E1,direct,437,S3-3_13,0
P6-E1,direct,438,G1.GOV-1_02,0
P6-E1,direct,439,S2-1_05,0
P6-E1,direct,440,S2-1_04,0
P6-E1,direct,441,E5-2_07,0
P6-E1,direct,442,S2-2_07,0
P6-E1,direct,443,BP-2_21,0
P6-E1,direct,444,E5.MDR-T_14-19,0
P6-E1,direct,445,E4-5_14,0
P6-E1,direct,446,S1-3_02,0
P6-E1,direct,447,S4-3_04,0
P6-E1,direct,448,E5.MDR-A_13-14,0
P6-E1,direct,449,S2.MDR-A_13-14,0
P6-E1,direct,450,S4-3_08,0
P6-E1,direct,451,S3-4_17,0
P6-E1,direct,452,MDR-T_09,0
P6-E1,direct,453,G1.MDR-A_01-12,0
P6-E1,direct,454,S3-4_10,0
P6-E1,direct,455,S1-2_08,0
P6-E1,direct,456,S4-4_02,0
P6-E1,direct,457,S1-1_13,0
P6-E1,direct,458,G1-3_03,0
P6-E1,direct,459,S2-3_08,0
P6-E1,direct,460,S1-3_09,0
P6-E1,direct,461,S1-17_03,0
P6-E1,direct,462,MDR-T_14,0
P6-E1,direct,463,S4.MDR-T_14-19,0
P6-E1,direct,464,S1-3_07,0
P6-E1,direct,465,MDR-A_04,0
P6-E1,direct,466,S1-1_21,0
P6-E1,direct,467,S4-1_05,0
P6-E1,direct,468,S3-3_18,0
P6-E1,direct,469,S3-3_17,0
P6-E1,direct,470,S4-3_06,0
P6-E1,direct,471,S1-1_06,0
P6-E1,direct,472,S3-1_05,0
P6-E1,direct,473,G1-4_08,0
P6-E1,direct,474,S3.MDR-T_14-19,0
P6-E1,direct,475,S1-17_08,0
P6-E1,direct,476,G1-5_11,0
P6-E1,direct,477,S3-2_06,0
P6-E1,direct,478,S1-3_11,0
P6-E1,direct,479,S2-2_02,0
P6-E1,direct,480,S2-3_12,0
P6-E1,direct,481,S3-1_04,0
P6-E1,direct,482,S2-3_11,0
P6-E1,direct,483,S3-4_13,0
P6-E1,direct,484,S3-3_14,0
P6-E1,direct,485,SBM-1_17,0
P6-E1,direct,486,S4.MDR-A_13-14,0
P6-E1,direct,487,S3-1_02,0
P6-E1,direct,488,S3-3_10,0
P6-E1,direct,489,S3-4_07,0
P6-E1,direct,490,S1-2_10,0
P6-E1,direct,491,IRO-1_05,0
P6-E1,direct,492,G1-4_01,0
P6-E1,direct,493,S3-3_11,0
P6-E1,direct,494,S1-17_13,0
P6-E1,direct,495,S3-2_02,0
P6-E1,direct,496,S3.MDR-A_13-14,0
P6-E1,direct,497,S1-1_08,0
P6-E1,direct,498,S1-1_10,0
P6-E1,direct,499,E4-5_07,0
P6-E1,direct,500,S3-2_09,0
P6-E1,direct,501,S2-3_07,0
P6-E1,direct,502,S1-8_08,0
P6-E1,direct,503,S1-2_14,0
P6-E1,direct,504,S4-4_11,0
P6-E1,direct,505,S1-1_22,0
P6-E1,direct,506,S4-3_11,0
P6-E1,direct,507,S3-2_08,0
P6-E1,direct,508,S3-3_20,0
P6-E1,direct,509,G1-4_05,0
P6-E1,direct,510,S3-3_21,0
P6-E1,direct,511,S3-3_16,0
P6-E1,direct,512,S1-3_10,0
P6-E1,direct,513,S2-4_11,0
P6-E1,direct,514,MDR-T_21,0
P6-E1,direct,515,MDR-A_13,0
P6-E1,direct,516,S3-4_11,0
P6-E1,direct,517,G1-3_04,0
P6-E1,symbolic_multihop,1,E1-5_01,0
P6-E1,symbolic_multihop,2,E1-5_18,1
P6-E1,symbolic_multihop,3,E1-5_03,0
P6-E1,symbolic_multihop,4,E1-5_02,0
P6-E1,symbolic_multihop,5,E1-5_05,0
P6-E1,symbolic_multihop,6,E1-5_07,0
P6-E1,symbolic_multihop,7,E1-5_14,0
P6-E1,symbolic_multihop,8,E1-5_06,0
P6-E1,symbolic_multihop,9,E1-5_08,0
P6-E1,symbolic_multihop,10,E1-5_11,0
P6-E1,symbolic_multihop,11,E1-5_12,0
P6-E1,symbolic_multihop,12,E1-5_10,0
P6-E1,symbolic_multihop,13,E1-5_13,0
P6-E1,multihop_cross_encoder,1,E1-5_05,0
P6-E1,multihop_cross_encoder,2,E1-5_02,0
P6-E1,multihop_cross_encoder,3,E1-5_18,1
P6-E1,multihop_cross_encoder,4,E1-5_03,0
P6-E1,multihop_cross_encoder,5,E1-5_01,0
P6-E1,multihop_cross_encoder,6,E1-5_14,0
P6-E1,multihop_cross_encoder,7,E1-5_07,0
P6-E1,multihop_cross_encoder,8,E1-5_11,0
P6-E1,multihop_cross_encoder,9,E1-5_06,0
P6-E1,multihop_cross_encoder,10,E1-5_13,0
P6-E1,multihop_cross_encoder,11,E1-5_12,0
P6-E1,multihop_cross_encoder,12,E1-5_10,0
P6-E1,multihop_cross_encoder,13,E1-5_08,0
P6-E1,multihop_kd_gold,1,E1-5_01,0
P6-E1,multihop_kd_gold,2,E1-5_18,1
P6-E1,multihop_kd_gold,3,E1-5_03,0
P6-E1,multihop_kd_gold,4,E1-5_05,0
P6-E1,multihop_kd_gold,5,E1-5_02,0
P6-E1,multihop_kd_gold,6,E1-5_07,0
P6-E1,multihop_kd_gold,7,E1-5_06,0
P6-E1,multihop_kd_gold,8,E1-5_14,0
P6-E1,multihop_kd_gold,9,E1-5_08,0
P6-E1,multihop_kd_gold,10,E1-5_11,0
P6-E1,multihop_kd_gold,11,E1-5_13,0
P6-E1,multihop_kd_gold,12,E1-5_12,0
P6-E1,multihop_kd_gold,13,E1-5_10,0
P6-E1,multihop_kd_gold_medium,1,E1-5_01,0
P6-E1,multihop_kd_gold_medium,2,E1-5_18,1
P6-E1,multihop_kd_gold_medium,3,E1-5_03,0
P6-E1,multihop_kd_gold_medium,4,E1-5_05,0
P6-E1,multihop_kd_gold_medium,5,E1-5_02,0
P6-E1,multihop_kd_gold_medium,6,E1-5_07,0
P6-E1,multihop_kd_gold_medium,7,E1-5_14,0
P6-E1,multihop_kd_gold_medium,8,E1-5_06,0
P6-E1,multihop_kd_gold_medium,9,E1-5_08,0
P6-E1,multihop_kd_gold_medium,10,E1-5_11,0
P6-E1,multihop_kd_gold_medium,11,E1-5_13,0
P6-E1,multihop_kd_gold_medium,12,E1-5_12,0
P6-E1,multihop_kd_gold_medium,13,E1-5_10,0
P6-E1,direct_full_cross_encoder,1,E1-5_05,0
P6-E1,direct_full_cross_encoder,2,E1-5_02,0
P6-E1,direct_full_cross_encoder,3,E1-5_18,1
P6-E1,direct_full_cross_encoder,4,E1-5_03,0
P6-E1,direct_full_cross_encoder,5,E1-5_01,0
P6-E1,direct_full_cross_encoder,6,E1-5_14,0
P6-E1,direct_full_cross_encoder,7,E1-5_07,0
P6-E1,direct_full_cross_encoder,8,E1-5_11,0
P6-E1,direct_full_cross_encoder,9,E1-5_06,0
P6-E1,direct_full_cross_encoder,10,E1-5_13,0
P6-E1,direct_full_cross_encoder,11,E1-5_12,0
P6-E1,direct_full_cross_encoder,12,S1-6_18,0
P6-E1,direct_full_cross_encoder,13,E1-5_10,0
P6-E1,direct_full_cross_encoder,14,E1-5_08,0
P6-E1,direct_full_cross_encoder,15,E1-6_31,0
P6-E1,direct_full_cross_encoder,16,E1-6_30,0
P6-E1,direct_full_cross_encoder,17,E2-4_01,0
P6-E1,direct_full_cross_encoder,18,E3-4_01,0
P6-E1,direct_full_cross_encoder,19,SBM-1_03,0
P6-E1,direct_full_cross_encoder,20,E1-4_25,0
P6-E1,direct_full_cross_encoder,21,MDR-T_05,0
P6-E1,direct_full_cross_encoder,22,S1-9_03,0
P6-E1,direct_full_cross_encoder,23,S1-6_09,0
P6-E1,direct_full_cross_encoder,24,S1-9_05,0
P6-E1,direct_full_cross_encoder,25,S1-6_02,0
P6-E1,direct_full_cross_encoder,26,S1-9_04,0
P6-E1,direct_full_cross_encoder,27,SBM-1_04,0
P6-E1,direct_full_cross_encoder,28,E5-5_03,0
P6-E1,direct_full_cross_encoder,29,BP-2_21,0
P6-E1,direct_full_cross_encoder,30,MDR-T_02,0
P6-E1,direct_full_cross_encoder,31,S1-7_08,0
P6-E1,direct_full_cross_encoder,32,S1-9_01,0
P6-E1,direct_full_cross_encoder,33,S1-7_07,0
P6-E1,direct_full_cross_encoder,34,S1-6_16,0
P6-E1,direct_full_cross_encoder,35,E5-5_07,0
P6-E1,direct_full_cross_encoder,36,E5-2_03,0
P6-E1,direct_full_cross_encoder,37,S1-7_01,0
P6-E1,direct_full_cross_encoder,38,S1-4_13,0
P6-E1,direct_full_cross_encoder,39,E4-5_18,0
P6-E1,direct_full_cross_encoder,40,S1-16_02,0
P6-E1,direct_full_cross_encoder,41,S1-6_03,0
P6-E1,direct_full_cross_encoder,42,S4-3_12,0
P6-E1,direct_full_cross_encoder,43,S1-6_12,0
P6-E1,direct_full_cross_encoder,44,S1-7_10,0
P6-E1,direct_full_cross_encoder,45,S1-6_15,0
P6-E1,direct_full_cross_encoder,46,S1-6_13,0
P6-E1,direct_full_cross_encoder,47,E5-2_02,0
P6-E1,direct_full_cross_encoder,48,SBM-2_02,0
P6-E1,direct_full_cross_encoder,49,S1-6_19,0
P6-E1,direct_full_cross_encoder,50,GOV-1_01,0
P6-E1,direct_full_cross_encoder,51,S1-6_10,0
P6-E1,direct_full_cross_encoder,52,E5-4_05,0
P6-E1,direct_full_cross_encoder,53,MDR-T_04,0
P6-E1,direct_full_cross_encoder,54,S4-1_04,0
P6-E1,direct_full_cross_encoder,55,S1-6_14,0
P6-E1,direct_full_cross_encoder,56,S1-7_06,0
P6-E1,direct_full_cross_encoder,57,MDR-T_07,0
P6-E1,direct_full_cross_encoder,58,G1-3_03,0
P6-E1,direct_full_cross_encoder,59,GOV-1_02,0
P6-E1,direct_full_cross_encoder,60,S1-17_02,0
P6-E1,direct_full_cross_encoder,61,S1-5_06,0
P6-E1,direct_full_cross_encoder,62,S1-6_20,0
P6-E1,direct_full_cross_encoder,63,S1-16_03,0
P6-E1,direct_full_cross_encoder,64,S4.SBM-3_04,0
P6-E1,direct_full_cross_encoder,65,S1-2_02,0
P6-E1,direct_full_cross_encoder,66,S4-3_13,0
P6-E1,direct_full_cross_encoder,67,S4-5_06,0
P6-E1,direct_full_cross_encoder,68,S4-4_03,0
P6-E1,direct_full_cross_encoder,69,S1-7_09,0
P6-E1,direct_full_cross_encoder,70,S1-17_01,0
P6-E1,direct_full_cross_encoder,71,SBM-1_01,0
P6-E1,direct_full_cross_encoder,72,S2-5_06,0
P6-E1,direct_full_cross_encoder,73,SBM-1_02,0
P6-E1,direct_full_cross_encoder,74,S3-5_06,0
P6-E1,direct_full_cross_encoder,75,S1-16_01,0
P6-E1,direct_full_cross_encoder,76,SBM-1_25,0
P6-E1,direct_full_cross_encoder,77,S1-6_05,0
P6-E1,direct_full_cross_encoder,78,E3-4_12,0
P6-E1,direct_full_cross_encoder,79,E1-6_01,0
P6-E1,direct_full_cross_encoder,80,S1.SBM-3_03,0
P6-E1,direct_full_cross_encoder,81,E5.MDR-A_01-12,0
P6-E1,direct_full_cross_encoder,82,S1-14_08,0
P6-E1,direct_full_cross_encoder,83,MDR-A_01,0
P6-E1,direct_full_cross_encoder,84,E4-1_09,0
P6-E1,direct_full_cross_encoder,85,S2.SBM-3_05,0
P6-E1,direct_full_cross_encoder,86,S1-1_05,0
P6-E1,direct_full_cross_encoder,87,S1-17_03,0
P6-E1,direct_full_cross_encoder,88,E4-5_09,0
P6-E1,direct_full_cross_encoder,89,E3-4_05,0
P6-E1,direct_full_cross_encoder,90,S1-14_06,0
P6-E1,direct_full_cross_encoder,91,S4-2_05,0
P6-E1,direct_full_cross_encoder,92,S4-2_02,0
P6-E1,direct_full_cross_encoder,93,SBM-1_06,0
P6-E1,direct_full_cross_encoder,94,S4-3_11,0
P6-E1,direct_full_cross_encoder,95,S3-3_20,0
P6-E1,direct_full_cross_encoder,96,S1-2_12,0
P6-E1,direct_full_cross_encoder,97,S1-14_12,0
P6-E1,direct_full_cross_encoder,98,E3-4_02,0
P6-E1,direct_full_cross_encoder,99,S2-3_11,0
P6-E1,direct_full_cross_encoder,100,S1-7_02,0
P6-E1,direct_full_cross_encoder,101,G1-4_01,0
P6-E1,direct_full_cross_encoder,102,S4-4_01,0
P6-E1,direct_full_cross_encoder,103,S1-3_11,0
P6-E1,direct_full_cross_encoder,104,E5-5_17,0
P6-E1,direct_full_cross_encoder,105,SBM-3_01,0
P6-E1,direct_full_cross_encoder,106,GOV-1_03,0
P6-E1,direct_full_cross_encoder,107,G1-4_04,0
P6-E1,direct_full_cross_encoder,108,GOV-1_12,0
P6-E1,direct_full_cross_encoder,109,S2-3_12,0
P6-E1,direct_full_cross_encoder,110,MDR-P_01,0
P6-E1,direct_full_cross_encoder,111,S4-3_02,0
P6-E1,direct_full_cross_encoder,112,S4.MDR-T_01-13,0
P6-E1,direct_full_cross_encoder,113,S4-1_06,0
P6-E1,direct_full_cross_encoder,114,MDR-T_09,0
P6-E1,direct_full_cross_encoder,115,S1-3_06,0
P6-E1,direct_full_cross_encoder,116,S4-2_01,0
P6-E1,direct_full_cross_encoder,117,MDR-P_02,0
P6-E1,direct_full_cross_encoder,118,S1-1_07,0
P6-E1,direct_full_cross_encoder,119,S1-6_11,0
P6-E1,direct_full_cross_encoder,120,E2.IRO-1_03,0
P6-E1,direct_full_cross_encoder,121,S4-1_01,0
P6-E1,direct_full_cross_encoder,122,S1-14_04,0
P6-E1,direct_full_cross_encoder,123,S1-7_03,0
P6-E1,direct_full_cross_encoder,124,MDR-T_10,0
P6-E1,direct_full_cross_encoder,125,S1-9_02,0
P6-E1,direct_full_cross_encoder,126,S4-4_06,0
P6-E1,direct_full_cross_encoder,127,G1-4_08,0
P6-E1,direct_full_cross_encoder,128,S1-4_11,0
P6-E1,direct_full_cross_encoder,129,S3-1_04,0
P6-E1,direct_full_cross_encoder,130,S3-3_17,0
P6-E1,direct_full_cross_encoder,131,E2-4_09,0
P6-E1,direct_full_cross_encoder,132,MDR-P_05,0
P6-E1,direct_full_cross_encoder,133,S3-2_02,0
P6-E1,direct_full_cross_encoder,134,IRO-1_05,0
P6-E1,direct_full_cross_encoder,135,S4-2_06,0
P6-E1,direct_full_cross_encoder,136,E1-6_11,0
P6-E1,direct_full_cross_encoder,137,S2-3_08,0
P6-E1,direct_full_cross_encoder,138,S3-1_06,0
P6-E1,direct_full_cross_encoder,139,S4-3_08,0
P6-E1,direct_full_cross_encoder,140,S4-3_03,0
P6-E1,direct_full_cross_encoder,141,S3.SBM-3_04,0
P6-E1,direct_full_cross_encoder,142,S2-1_08,0
P6-E1,direct_full_cross_encoder,143,S1-1_10,0
P6-E1,direct_full_cross_encoder,144,GOV-1_07,0
P6-E1,direct_full_cross_encoder,145,S1-4_12,0
P6-E1,direct_full_cross_encoder,146,E1-6_04,0
P6-E1,direct_full_cross_encoder,147,S4-5_02,0
P6-E1,direct_full_cross_encoder,148,S1-6_06,0
P6-E1,direct_full_cross_encoder,149,E4-5_07,0
P6-E1,direct_full_cross_encoder,150,S2-3_03,0
P6-E1,direct_full_cross_encoder,151,MDR-T_21,0
P6-E1,direct_full_cross_encoder,152,S4-4_11,0
P6-E1,direct_full_cross_encoder,153,S4-4_12,0
P6-E1,direct_full_cross_encoder,154,S4-3_05,0
P6-E1,direct_full_cross_encoder,155,S1-4_10,0
P6-E1,direct_full_cross_encoder,156,E3-4_11,0
P6-E1,direct_full_cross_encoder,157,S1-8_01,0
P6-E1,direct_full_cross_encoder,158,S2-4_03,0
P6-E1,direct_full_cross_encoder,159,SBM-2_03,0
P6-E1,direct_full_cross_encoder,160,IRO-1_14,0
P6-E1,direct_full_cross_encoder,161,S2-4_12,0
P6-E1,direct_full_cross_encoder,162,SBM-3_11,0
P6-E1,direct_full_cross_encoder,163,S2-1_06,0
P6-E1,direct_full_cross_encoder,164,S3-3_12,0
P6-E1,direct_full_cross_encoder,165,S2-1_03,0
P6-E1,direct_full_cross_encoder,166,S1-4_09,0
P6-E1,direct_full_cross_encoder,167,E1-6_07,0
P6-E1,direct_full_cross_encoder,168,MDR-T_20,0
P6-E1,direct_full_cross_encoder,169,S3-4_12,0
P6-E1,direct_full_cross_encoder,170,E2.MDR-A_01-12,0
P6-E1,direct_full_cross_encoder,171,GOV-1_06,0
P6-E1,direct_full_cross_encoder,172,S4-5_03,0
P6-E1,direct_full_cross_encoder,173,SBM-3_02,0
P6-E1,direct_full_cross_encoder,174,G1-1_10,0
P6-E1,direct_full_cross_encoder,175,S1-13_01,0
P6-E1,direct_full_cross_encoder,176,S1-3_02,0
P6-E1,direct_full_cross_encoder,177,E2-4_02,0
P6-E1,direct_full_cross_encoder,178,S4.SBM-3_05,0
P6-E1,direct_full_cross_encoder,179,S1-17_13,0
P6-E1,direct_full_cross_encoder,180,SBM-1_05,0
P6-E1,direct_full_cross_encoder,181,S1-4_01,0
P6-E1,direct_full_cross_encoder,182,E2-2_01,0
P6-E1,direct_full_cross_encoder,183,S4.MDR-A_01-12,0
P6-E1,direct_full_cross_encoder,184,S3-3_21,0
P6-E1,direct_full_cross_encoder,185,MDR-M_01,0
P6-E1,direct_full_cross_encoder,186,S4-4_05,0
P6-E1,direct_full_cross_encoder,187,BP-1_01,0
P6-E1,direct_full_cross_encoder,188,MDR-T_13,0
P6-E1,direct_full_cross_encoder,189,S1-3_07,0
P6-E1,direct_full_cross_encoder,190,E5-5_15,0
P6-E1,direct_full_cross_encoder,191,S4-2_09,0
P6-E1,direct_full_cross_encoder,192,S1-4_03,0
P6-E1,direct_full_cross_encoder,193,S4-3_01,0
P6-E1,direct_full_cross_encoder,194,S3-4_03,0
P6-E1,direct_full_cross_encoder,195,S1-8_08,0
P6-E1,direct_full_cross_encoder,196,E4-3_10,0
P6-E1,direct_full_cross_encoder,197,S4-3_07,0
P6-E1,direct_full_cross_encoder,198,E3.IRO-1_02,0
P6-E1,direct_full_cross_encoder,199,S1-17_08,0
P6-E1,direct_full_cross_encoder,200,SBM-1_07,0
P6-E1,direct_full_cross_encoder,201,E4.MDR-A_01-12,0
P6-E1,direct_full_cross_encoder,202,BP-2_27,0
P6-E1,direct_full_cross_encoder,203,S4-4_15,0
P6-E1,direct_full_cross_encoder,204,E3-4_06,0
P6-E1,direct_full_cross_encoder,205,S1-3_10,0
P6-E1,direct_full_cross_encoder,206,E2-4_15,0
P6-E1,direct_full_cross_encoder,207,E1.MDR-T_14-19,0
P6-E1,direct_full_cross_encoder,208,IRO-1_01,0
P6-E1,direct_full_cross_encoder,209,S3.MDR-T_01-13,0
P6-E1,direct_full_cross_encoder,210,S4-2_07,0
P6-E1,direct_full_cross_encoder,211,IRO-1_02,0
P6-E1,direct_full_cross_encoder,212,E5-2_07,0
P6-E1,direct_full_cross_encoder,213,S1-2_07,0
P6-E1,direct_full_cross_encoder,214,E5-2_06,0
P6-E1,direct_full_cross_encoder,215,S1-17_07,0
P6-E1,direct_full_cross_encoder,216,S3-2_06,0
P6-E1,direct_full_cross_encoder,217,S1-3_08,0
P6-E1,direct_full_cross_encoder,218,E4-5_08,0
P6-E1,direct_full_cross_encoder,219,E1.MDR-P_07-08,0
P6-E1,direct_full_cross_encoder,220,G1-4_06,0
P6-E1,direct_full_cross_encoder,221,S1-13_02,0
P6-E1,direct_full_cross_encoder,222,SBM-1_09,0
P6-E1,direct_full_cross_encoder,223,S1-2_06,0
P6-E1,direct_full_cross_encoder,224,G1-4_07,0
P6-E1,direct_full_cross_encoder,225,MDR-P_07,0
P6-E1,direct_full_cross_encoder,226,E5-2_08,0
P6-E1,direct_full_cross_encoder,227,MDR-P_09,0
P6-E1,direct_full_cross_encoder,228,E3.MDR-P_07-08,0
P6-E1,direct_full_cross_encoder,229,E4.MDR-P_07-08,0
P6-E1,direct_full_cross_encoder,230,S1-2_10,0
P6-E1,direct_full_cross_encoder,231,S1-16_05,0
P6-E1,direct_full_cross_encoder,232,MDR-T_14,0
P6-E1,direct_full_cross_encoder,233,S3-3_13,0
P6-E1,direct_full_cross_encoder,234,S4-3_04,0
P6-E1,direct_full_cross_encoder,235,MDR-P_03,0
P6-E1,direct_full_cross_encoder,236,S1-2_14,0
P6-E1,direct_full_cross_encoder,237,E1.MDR-T_01-13,0
P6-E1,direct_full_cross_encoder,238,S2-3_07,0
P6-E1,direct_full_cross_encoder,239,E4-5_06,0
P6-E1,direct_full_cross_encoder,240,S1.MDR-T_01-13,0
P6-E1,direct_full_cross_encoder,241,S1.MDR-P_07-08,0
P6-E1,direct_full_cross_encoder,242,E3.MDR-A_01-12,0
P6-E1,direct_full_cross_encoder,243,S1-14_09,0
P6-E1,direct_full_cross_encoder,244,S1-2_11,0
P6-E1,direct_full_cross_encoder,245,S1-10_04,0
P6-E1,direct_full_cross_encoder,246,S2-3_04,0
P6-E1,direct_full_cross_encoder,247,S1-16_04,0
P6-E1,direct_full_cross_encoder,248,E4.MDR-T_01-13,0
P6-E1,direct_full_cross_encoder,249,E5.MDR-P_07-08,0
P6-E1,direct_full_cross_encoder,250,S1.MDR-T_14-19,0
P6-E1,direct_full_cross_encoder,251,E4.MDR-T_14-19,0
P6-E1,direct_full_cross_encoder,252,G1.MDR-P_07-08,0
P6-E1,direct_full_cross_encoder,253,S3-5_02,0
P6-E1,direct_full_cross_encoder,254,E2.MDR-P_07-08,0
P6-E1,direct_full_cross_encoder,255,S2-4_06,0
P6-E1,direct_full_cross_encoder,256,S4.MDR-P_07-08,0
P6-E1,direct_full_cross_encoder,257,E3.MDR-T_14-19,0
P6-E1,direct_full_cross_encoder,258,E5.MDR-T_01-13,0
P6-E1,direct_full_cross_encoder,259,S4-3_09,0
P6-E1,direct_full_cross_encoder,260,SBM-3_07,0
P6-E1,direct_full_cross_encoder,261,E2.MDR-T_01-13,0
P6-E1,direct_full_cross_encoder,262,E1-4_03,0
P6-E1,direct_full_cross_encoder,263,S4.MDR-T_14-19,0
P6-E1,direct_full_cross_encoder,264,S3.MDR-P_07-08,0
P6-E1,direct_full_cross_encoder,265,E1.MDR-A_13-14,0
P6-E1,direct_full_cross_encoder,266,G1-4_05,0
P6-E1,direct_full_cross_encoder,267,BP-2_22,0
P6-E1,direct_full_cross_encoder,268,S2-2_02,0
P6-E1,direct_full_cross_encoder,269,S1-2_01,0
P6-E1,direct_full_cross_encoder,270,G1.GOV-1_02,0
P6-E1,direct_full_cross_encoder,271,MDR-A_13,0
P6-E1,direct_full_cross_encoder,272,S1-1_14,0
P6-E1,direct_full_cross_encoder,273,E1-6_27,0
P6-E1,direct_full_cross_encoder,274,S1-4_05,0
P6-E1,direct_full_cross_encoder,275,S3-4_01,0
P6-E1,direct_full_cross_encoder,276,E5.MDR-T_14-19,0
P6-E1,direct_full_cross_encoder,277,S3.MDR-T_14-19,0
P6-E1,direct_full_cross_encoder,278,E3.MDR-T_01-13,0
P6-E1,direct_full_cross_encoder,279,S2-4_11,0
P6-E1,direct_full_cross_encoder,280,S2.MDR-P_07-08,0
P6-E1,direct_full_cross_encoder,281,S1-2_08,0
P6-E1,direct_full_cross_encoder,282,S2-1_11,0
P6-E1,direct_full_cross_encoder,283,E4-3_14,0
P6-E1,direct_full_cross_encoder,284,E3-2_01,0
P6-E1,direct_full_cross_encoder,285,S4-4_04,0
P6-E1,direct_full_cross_encoder,286,S4-1_09,0
P6-E1,direct_full_cross_encoder,287,S2.MDR-T_14-19,0
P6-E1,direct_full_cross_encoder,288,G1.GOV-1_01,0
P6-E1,direct_full_cross_encoder,289,S3-3_11,0
P6-E1,direct_full_cross_encoder,290,SBM-2_01,0
P6-E1,direct_full_cross_encoder,291,MDR-P_08,0
P6-E1,direct_full_cross_encoder,292,S2-4_05,0
P6-E1,direct_full_cross_encoder,293,S1-5_02,0
P6-E1,direct_full_cross_encoder,294,SBM-2_04,0
P6-E1,direct_full_cross_encoder,295,E4.MDR-A_13-14,0
P6-E1,direct_full_cross_encoder,296,E3.MDR-A_13-14,0
P6-E1,direct_full_cross_encoder,297,S1-3_05,0
P6-E1,direct_full_cross_encoder,298,E1-3_03,0
P6-E1,direct_full_cross_encoder,299,SBM-2_05,0
P6-E1,direct_full_cross_encoder,300,S1.MDR-A_13-14,0
P6-E1,direct_full_cross_encoder,301,E5-5_16,0
P6-E1,direct_full_cross_encoder,302,S3-1_09,0
P6-E1,direct_full_cross_encoder,303,SBM-3_04,0
P6-E1,direct_full_cross_encoder,304,S1-3_09,0
P6-E1,direct_full_cross_encoder,305,E5-5_09,0
P6-E1,direct_full_cross_encoder,306,S1-8_03,0
P6-E1,direct_full_cross_encoder,307,S1-4_02,0
P6-E1,direct_full_cross_encoder,308,SBM-1_17,0
P6-E1,direct_full_cross_encoder,309,S1-14_05,0
P6-E1,direct_full_cross_encoder,310,S1-13_06,0
P6-E1,direct_full_cross_encoder,311,S4.MDR-A_13-14,0
P6-E1,direct_full_cross_encoder,312,E5.MDR-A_13-14,0
P6-E1,direct_full_cross_encoder,313,GOV-1_05,0
P6-E1,direct_full_cross_encoder,314,G1.MDR-A_13-14,0
P6-E1,direct_full_cross_encoder,315,S3-3_16,0
P6-E1,direct_full_cross_encoder,316,E2.MDR-A_13-14,0
P6-E1,direct_full_cross_encoder,317,S3.MDR-A_13-14,0
P6-E1,direct_full_cross_encoder,318,G1-3_04,0
P6-E1,direct_full_cross_encoder,319,E2.MDR-T_14-19,0
P6-E1,direct_full_cross_encoder,320,MDR-A_05,0
P6-E1,direct_full_cross_encoder,321,S1-13_05,0
P6-E1,direct_full_cross_encoder,322,GOV-1_04,0
P6-E1,direct_full_cross_encoder,323,E5-5_08,0
P6-E1,direct_full_cross_encoder,324,G1.MDR-P_01-06,0
P6-E1,direct_full_cross_encoder,325,IRO-1_03,0
P6-E1,direct_full_cross_encoder,326,S3-4_05,0
P6-E1,direct_full_cross_encoder,327,S2.MDR-A_13-14,0
P6-E1,direct_full_cross_encoder,328,S1-14_03,0
P6-E1,direct_full_cross_encoder,329,S4-3_06,0
P6-E1,direct_full_cross_encoder,330,S2-3_01,0
P6-E1,direct_full_cross_encoder,331,BP-2_25,0
P6-E1,direct_full_cross_encoder,332,S1-3_01,0
P6-E1,direct_full_cross_encoder,333,S4-4_02,0
P6-E1,direct_full_cross_encoder,334,S3-4_11,0
P6-E1,direct_full_cross_encoder,335,S2-4_02,0
P6-E1,direct_full_cross_encoder,336,S1-6_08,0
P6-E1,direct_full_cross_encoder,337,MDR-A_14,0
P6-E1,direct_full_cross_encoder,338,S1-14_07,0
P6-E1,direct_full_cross_encoder,339,MDR-A_15,0
P6-E1,direct_full_cross_encoder,340,S1.MDR-A_01-12,0
P6-E1,direct_full_cross_encoder,341,S2-3_06,0
P6-E1,direct_full_cross_encoder,342,E2-3_05,0
P6-E1,direct_full_cross_encoder,343,S3-2_01,0
P6-E1,direct_full_cross_encoder,344,S4-1_02,0
P6-E1,direct_full_cross_encoder,345,S1-10_03,0
P6-E1,direct_full_cross_encoder,346,S1-13_03,0
P6-E1,direct_full_cross_encoder,347,S3-2_08,0
P6-E1,direct_full_cross_encoder,348,S3-4_06,0
P6-E1,direct_full_cross_encoder,349,S3-3_10,0
P6-E1,direct_full_cross_encoder,350,S2-4_01,0
P6-E1,direct_full_cross_encoder,351,E1-6_26,0
P6-E1,direct_full_cross_encoder,352,MDR-T_18,0
P6-E1,direct_full_cross_encoder,353,S3-3_15,0
P6-E1,direct_full_cross_encoder,354,S1-6_01,0
P6-E1,direct_full_cross_encoder,355,S3-2_05,0
P6-E1,direct_full_cross_encoder,356,SBM-1_15,0
P6-E1,direct_full_cross_encoder,357,S3-3_14,0
P6-E1,direct_full_cross_encoder,358,BP-2_24,0
P6-E1,direct_full_cross_encoder,359,S2-2_08,0
P6-E1,direct_full_cross_encoder,360,GOV-1_08,0
P6-E1,direct_full_cross_encoder,361,S1-1_22,0
P6-E1,direct_full_cross_encoder,362,S1-5_03,0
P6-E1,direct_full_cross_encoder,363,S4-4_13,0
P6-E1,direct_full_cross_encoder,364,S2-1_01,0
P6-E1,direct_full_cross_encoder,365,S1-1_01,0
P6-E1,direct_full_cross_encoder,366,E1-6_17,0
P6-E1,direct_full_cross_encoder,367,MDR-T_16,0
P6-E1,direct_full_cross_encoder,368,S1-12_01,0
P6-E1,direct_full_cross_encoder,369,S1-14_02,0
P6-E1,direct_full_cross_encoder,370,E2-3_06,0
P6-E1,direct_full_cross_encoder,371,S4-4_07,0
P6-E1,direct_full_cross_encoder,372,S1-4_20,0
P6-E1,direct_full_cross_encoder,373,E1-2_01,0
P6-E1,direct_full_cross_encoder,374,S3.MDR-A_01-12,0
P6-E1,direct_full_cross_encoder,375,BP-1_04,0
P6-E1,direct_full_cross_encoder,376,G1-2_02,0
P6-E1,direct_full_cross_encoder,377,S4-2_08,0
P6-E1,direct_full_cross_encoder,378,S1-1_13,0
P6-E1,direct_full_cross_encoder,379,S1-2_09,0
P6-E1,direct_full_cross_encoder,380,S2-3_02,0
P6-E1,direct_full_cross_encoder,381,S2-4_04,0
P6-E1,direct_full_cross_encoder,382,SBM-2_06,0
P6-E1,direct_full_cross_encoder,383,SBM-1_28,0
P6-E1,direct_full_cross_encoder,384,S1-1_12,0
P6-E1,direct_full_cross_encoder,385,S1-15_02,0
P6-E1,direct_full_cross_encoder,386,S3.SBM-3_05,0
P6-E1,direct_full_cross_encoder,387,S1-1_03,0
P6-E1,direct_full_cross_encoder,388,S2.MDR-T_01-13,0
P6-E1,direct_full_cross_encoder,389,S1.SBM-3_04,0
P6-E1,direct_full_cross_encoder,390,GOV-1_16,0
P6-E1,direct_full_cross_encoder,391,S3-3_18,0
P6-E1,direct_full_cross_encoder,392,S1-4_04,0
P6-E1,direct_full_cross_encoder,393,S4-4_18,0
P6-E1,direct_full_cross_encoder,394,S3-4_10,0
P6-E1,direct_full_cross_encoder,395,SBM-1_23,0
P6-E1,direct_full_cross_encoder,396,S2-4_18,0
P6-E1,direct_full_cross_encoder,397,E3-3_08,0
P6-E1,direct_full_cross_encoder,398,S3-5_03,0
P6-E1,direct_full_cross_encoder,399,E2-4_10,0
P6-E1,direct_full_cross_encoder,400,E1-4_12,0
P6-E1,direct_full_cross_encoder,401,E2-3_09,0
P6-E1,direct_full_cross_encoder,402,S2-2_06,0
P6-E1,direct_full_cross_encoder,403,S3-4_19,0
P6-E1,direct_full_cross_encoder,404,S1-10_01,0
P6-E1,direct_full_cross_encoder,405,E3-3_04,0
P6-E1,direct_full_cross_encoder,406,E1-6_28,0
P6-E1,direct_full_cross_encoder,407,E5-2_05,0
P6-E1,direct_full_cross_encoder,408,S1-11_01,0
P6-E1,direct_full_cross_encoder,409,E1-4_09,0
P6-E1,direct_full_cross_encoder,410,E1.SBM-3_01,0
P6-E1,direct_full_cross_encoder,411,S1-11_05,0
P6-E1,direct_full_cross_encoder,412,IRO-1_04,0
P6-E1,direct_full_cross_encoder,413,S3-1_02,0
P6-E1,direct_full_cross_encoder,414,S1-10_02,0
P6-E1,direct_full_cross_encoder,415,MDR-A_06,0
P6-E1,direct_full_cross_encoder,416,S2.SBM-3_06,0
P6-E1,direct_full_cross_encoder,417,S3-4_02,0
P6-E1,direct_full_cross_encoder,418,S3-4_04,0
P6-E1,direct_full_cross_encoder,419,MDR-T_17,0
P6-E1,direct_full_cross_encoder,420,S1-6_04,0
P6-E1,direct_full_cross_encoder,421,E5-5_18,0
P6-E1,direct_full_cross_encoder,422,MDR-A_04,0
P6-E1,direct_full_cross_encoder,423,S1-11_07,0
P6-E1,direct_full_cross_encoder,424,S1-15_01,0
P6-E1,direct_full_cross_encoder,425,S1-11_11,0
P6-E1,direct_full_cross_encoder,426,E1-4_15,0
P6-E1,direct_full_cross_encoder,427,S2-2_07,0
P6-E1,direct_full_cross_encoder,428,SBM-2_12,0
P6-E1,direct_full_cross_encoder,429,S1-6_07,0
P6-E1,direct_full_cross_encoder,430,S3-2_09,0
P6-E1,direct_full_cross_encoder,431,G1-4_02,0
P6-E1,direct_full_cross_encoder,432,S1-3_04,0
P6-E1,direct_full_cross_encoder,433,S3-4_15,0
P6-E1,direct_full_cross_encoder,434,E1-4_06,0
P6-E1,direct_full_cross_encoder,435,S2-5_02,0
P6-E1,direct_full_cross_encoder,436,BP-1_02,0
P6-E1,direct_full_cross_encoder,437,G1-5_11,0
P6-E1,direct_full_cross_encoder,438,S1-17_05,0
P6-E1,direct_full_cross_encoder,439,SBM-1_08,0
P6-E1,direct_full_cross_encoder,440,S2-2_01,0
P6-E1,direct_full_cross_encoder,441,S1-1_09,0
P6-E1,direct_full_cross_encoder,442,G1.MDR-A_01-12,0
P6-E1,direct_full_cross_encoder,443,S2-1_05,0
P6-E1,direct_full_cross_encoder,444,MDR-P_06,0
P6-E1,direct_full_cross_encoder,445,S1-4_14,0
P6-E1,direct_full_cross_encoder,446,S1-13_04,0
P6-E1,direct_full_cross_encoder,447,GOV-1_11,0
P6-E1,direct_full_cross_encoder,448,S4-1_05,0
P6-E1,direct_full_cross_encoder,449,S1-1_06,0
P6-E1,direct_full_cross_encoder,450,S3-4_07,0
P6-E1,direct_full_cross_encoder,451,S1-1_08,0
P6-E1,direct_full_cross_encoder,452,S1-2_03,0
P6-E1,direct_full_cross_encoder,453,S3-4_13,0
P6-E1,direct_full_cross_encoder,454,E3-2_02,0
P6-E1,direct_full_cross_encoder,455,S1-15_03,0
P6-E1,direct_full_cross_encoder,456,S1-11_03,0
P6-E1,direct_full_cross_encoder,457,S2-2_03,0
P6-E1,direct_full_cross_encoder,458,S2-1_04,0
P6-E1,direct_full_cross_encoder,459,S2-4_15,0
P6-E1,direct_full_cross_encoder,460,S4-2_03,0
P6-E1,direct_full_cross_encoder,461,GOV-3_01,0
P6-E1,direct_full_cross_encoder,462,S3-1_05,0
P6-E1,direct_full_cross_encoder,463,E4-3_15,0
P6-E1,direct_full_cross_encoder,464,S3-2_03,0
P6-E1,direct_full_cross_encoder,465,S1-11_04,0
P6-E1,direct_full_cross_encoder,466,GOV-1_17,0
P6-E1,direct_full_cross_encoder,467,E2-4_17,0
P6-E1,direct_full_cross_encoder,468,S1-4_16,0
P6-E1,direct_full_cross_encoder,469,GOV-3_02,0
P6-E1,direct_full_cross_encoder,470,GOV-2_02,0
P6-E1,direct_full_cross_encoder,471,S1-11_09,0
P6-E1,direct_full_cross_encoder,472,S1-8_02,0
P6-E1,direct_full_cross_encoder,473,BP-2_23,0
P6-E1,direct_full_cross_encoder,474,S2-2_09,0
P6-E1,direct_full_cross_encoder,475,S3-1_01,0
P6-E1,direct_full_cross_encoder,476,E1.MDR-A_01-12,0
P6-E1,direct_full_cross_encoder,477,GOV-2_01,0
P6-E1,direct_full_cross_encoder,478,SBM-3_09,0
P6-E1,direct_full_cross_encoder,479,E4-2_01,0
P6-E1,direct_full_cross_encoder,480,S2-4_13,0
P6-E1,direct_full_cross_encoder,481,S1-11_06,0
P6-E1,direct_full_cross_encoder,482,S2-3_09,0
P6-E1,direct_full_cross_encoder,483,S2.MDR-A_01-12,0
P6-E1,direct_full_cross_encoder,484,SBM-1_21,0
P6-E1,direct_full_cross_encoder,485,S1-17_11,0
P6-E1,direct_full_cross_encoder,486,E1-9_01,0
P6-E1,direct_full_cross_encoder,487,E4-3_01,0
P6-E1,direct_full_cross_encoder,488,E1-9_14,0
P6-E1,direct_full_cross_encoder,489,GOV-1_10,0
P6-E1,direct_full_cross_encoder,490,E1.GOV-3_03,0
P6-E1,direct_full_cross_encoder,491,S2-5_03,0
P6-E1,direct_full_cross_encoder,492,S1-11_10,0
P6-E1,direct_full_cross_encoder,493,S2-3_05,0
P6-E1,direct_full_cross_encoder,494,S2-4_07,0
P6-E1,direct_full_cross_encoder,495,S1-1_21,0
P6-E1,direct_full_cross_encoder,496,E1-9_03,0
P6-E1,direct_full_cross_encoder,497,IRO-1_06,0
P6-E1,direct_full_cross_encoder,498,GOV-3_03,0
P6-E1,direct_full_cross_encoder,499,E1-9_02,0
P6-E1,direct_full_cross_encoder,500,BP-2_26,0
P6-E1,direct_full_cross_encoder,501,GOV-3_04,0
P6-E1,direct_full_cross_encoder,502,E1.GOV-3_01,0
P6-E1,direct_full_cross_encoder,503,E1-9_41,0
P6-E1,direct_full_cross_encoder,504,SBM-1_19,0
P6-E1,direct_full_cross_encoder,505,E1-4_22,0
P6-E1,direct_full_cross_encoder,506,E1-9_42,0
P6-E1,direct_full_cross_encoder,507,E5.IRO-1_01,0
P6-E1,direct_full_cross_encoder,508,E4.IRO-1_15,0
P6-E1,direct_full_cross_encoder,509,S3-4_17,0
P6-E1,direct_full_cross_encoder,510,E4-1_11,0
P6-E1,direct_full_cross_encoder,511,S1-7_05,0
P6-E1,direct_full_cross_encoder,512,SBM-3_08,0
P6-E1,direct_full_cross_encoder,513,S1-8_04,0
P6-E1,direct_full_cross_encoder,514,E4-2_02,0
P6-E1,direct_full_cross_encoder,515,E4-5_14,0
P6-E1,direct_full_cross_encoder,516,E1-4_01,0
P6-E1,direct_full_cross_encoder,517,E3.IRO-1_01,0
P6-E1,direct_full_kd_gold,1,E1-5_01,0
P6-E1,direct_full_kd_gold,2,E1-5_18,1
P6-E1,direct_full_kd_gold,3,E1-5_03,0
P6-E1,direct_full_kd_gold,4,E1-5_05,0
P6-E1,direct_full_kd_gold,5,E1-5_02,0
P6-E1,direct_full_kd_gold,6,E1-5_07,0
P6-E1,direct_full_kd_gold,7,E1-5_06,0
P6-E1,direct_full_kd_gold,8,E1-5_14,0
P6-E1,direct_full_kd_gold,9,E1-6_30,0
P6-E1,direct_full_kd_gold,10,E1-6_31,0
P6-E1,direct_full_kd_gold,11,E1-5_08,0
P6-E1,direct_full_kd_gold,12,E1-5_11,0
P6-E1,direct_full_kd_gold,13,E1-5_13,0
P6-E1,direct_full_kd_gold,14,E1-5_12,0
P6-E1,direct_full_kd_gold,15,E3-4_01,0
P6-E1,direct_full_kd_gold,16,E1-5_10,0
P6-E1,direct_full_kd_gold,17,E1-6_01,0
P6-E1,direct_full_kd_gold,18,E1-6_04,0
P6-E1,direct_full_kd_gold,19,E2-4_02,0
P6-E1,direct_full_kd_gold,20,E3-4_02,0
P6-E1,direct_full_kd_gold,21,E1-4_03,0
P6-E1,direct_full_kd_gold,22,E1-3_03,0
P6-E1,direct_full_kd_gold,23,E1-6_11,0
P6-E1,direct_full_kd_gold,24,E1-6_07,0
P6-E1,direct_full_kd_gold,25,E5-5_07,0
P6-E1,direct_full_kd_gold,26,E5-5_15,0
P6-E1,direct_full_kd_gold,27,E1-6_17,0
P6-E1,direct_full_kd_gold,28,E1-6_27,0
P6-E1,direct_full_kd_gold,29,E1-6_28,0
P6-E1,direct_full_kd_gold,30,E5.MDR-A_01-12,0
P6-E1,direct_full_kd_gold,31,E1-4_12,0
P6-E1,direct_full_kd_gold,32,E1-4_15,0
P6-E1,direct_full_kd_gold,33,E1-4_06,0
P6-E1,direct_full_kd_gold,34,E5-5_16,0
P6-E1,direct_full_kd_gold,35,E1-4_09,0
P6-E1,direct_full_kd_gold,36,E2-4_01,0
P6-E1,direct_full_kd_gold,37,E3-4_11,0
P6-E1,direct_full_kd_gold,38,GOV-3_04,0
P6-E1,direct_full_kd_gold,39,E5-5_08,0
P6-E1,direct_full_kd_gold,40,S1-13_04,0
P6-E1,direct_full_kd_gold,41,E5-5_09,0
P6-E1,direct_full_kd_gold,42,E3-4_12,0
P6-E1,direct_full_kd_gold,43,SBM-1_06,0
P6-E1,direct_full_kd_gold,44,E2.MDR-A_01-12,0
P6-E1,direct_full_kd_gold,45,E5-2_06,0
P6-E1,direct_full_kd_gold,46,S1-6_10,0
P6-E1,direct_full_kd_gold,47,BP-2_27,0
P6-E1,direct_full_kd_gold,48,E5-5_17,0
P6-E1,direct_full_kd_gold,49,E3.MDR-A_01-12,0
P6-E1,direct_full_kd_gold,50,S1-6_09,0
P6-E1,direct_full_kd_gold,51,SBM-1_07,0
P6-E1,direct_full_kd_gold,52,S1-6_06,0
P6-E1,direct_full_kd_gold,53,S1-16_02,0
P6-E1,direct_full_kd_gold,54,E5-4_05,0
P6-E1,direct_full_kd_gold,55,S1-13_06,0
P6-E1,direct_full_kd_gold,56,S1-6_19,0
P6-E1,direct_full_kd_gold,57,E2-4_10,0
P6-E1,direct_full_kd_gold,58,GOV-3_03,0
P6-E1,direct_full_kd_gold,59,S1-6_03,0
P6-E1,direct_full_kd_gold,60,S1-10_03,0
P6-E1,direct_full_kd_gold,61,S1-10_02,0
P6-E1,direct_full_kd_gold,62,S1-6_20,0
P6-E1,direct_full_kd_gold,63,E1-6_26,0
P6-E1,direct_full_kd_gold,64,SBM-1_04,0
P6-E1,direct_full_kd_gold,65,E1-9_42,0
P6-E1,direct_full_kd_gold,66,MDR-M_01,0
P6-E1,direct_full_kd_gold,67,E1-9_41,0
P6-E1,direct_full_kd_gold,68,S1-6_05,0
P6-E1,direct_full_kd_gold,69,E1.MDR-A_01-12,0
P6-E1,direct_full_kd_gold,70,BP-2_25,0
P6-E1,direct_full_kd_gold,71,S1-6_04,0
P6-E1,direct_full_kd_gold,72,S1-7_03,0
P6-E1,direct_full_kd_gold,73,E2-3_06,0
P6-E1,direct_full_kd_gold,74,S1-6_12,0
P6-E1,direct_full_kd_gold,75,S1-6_01,0
P6-E1,direct_full_kd_gold,76,E2-4_09,0
P6-E1,direct_full_kd_gold,77,E1-4_01,0
P6-E1,direct_full_kd_gold,78,S1-13_05,0
P6-E1,direct_full_kd_gold,79,S1-9_02,0
P6-E1,direct_full_kd_gold,80,E5-2_02,0
P6-E1,direct_full_kd_gold,81,E1-4_22,0
P6-E1,direct_full_kd_gold,82,S1-6_02,0
P6-E1,direct_full_kd_gold,83,BP-2_24,0
P6-E1,direct_full_kd_gold,84,S1-7_02,0
P6-E1,direct_full_kd_gold,85,SBM-1_08,0
P6-E1,direct_full_kd_gold,86,SBM-1_03,0
P6-E1,direct_full_kd_gold,87,SBM-1_21,0
P6-E1,direct_full_kd_gold,88,BP-2_22,0
P6-E1,direct_full_kd_gold,89,S1-13_03,0
P6-E1,direct_full_kd_gold,90,MDR-T_17,0
P6-E1,direct_full_kd_gold,91,MDR-P_09,0
P6-E1,direct_full_kd_gold,92,E5-2_08,0
P6-E1,direct_full_kd_gold,93,S1-13_02,0
P6-E1,direct_full_kd_gold,94,SBM-1_09,0
P6-E1,direct_full_kd_gold,95,E2-4_15,0
P6-E1,direct_full_kd_gold,96,S1-6_15,0
P6-E1,direct_full_kd_gold,97,IRO-1_14,0
P6-E1,direct_full_kd_gold,98,S1-8_01,0
P6-E1,direct_full_kd_gold,99,S4-3_13,0
P6-E1,direct_full_kd_gold,100,GOV-3_01,0
P6-E1,direct_full_kd_gold,101,S1-16_05,0
P6-E1,direct_full_kd_gold,102,S1-16_04,0
P6-E1,direct_full_kd_gold,103,MDR-T_02,0
P6-E1,direct_full_kd_gold,104,E3-4_05,0
P6-E1,direct_full_kd_gold,105,S1-8_02,0
P6-E1,direct_full_kd_gold,106,S1-7_01,0
P6-E1,direct_full_kd_gold,107,S1-6_08,0
P6-E1,direct_full_kd_gold,108,E4-1_09,0
P6-E1,direct_full_kd_gold,109,BP-2_23,0
P6-E1,direct_full_kd_gold,110,MDR-T_16,0
P6-E1,direct_full_kd_gold,111,E4.MDR-A_01-12,0
P6-E1,direct_full_kd_gold,112,S1-6_14,0
P6-E1,direct_full_kd_gold,113,S4.SBM-3_05,0
P6-E1,direct_full_kd_gold,114,S1-9_01,0
P6-E1,direct_full_kd_gold,115,E3-4_06,0
P6-E1,direct_full_kd_gold,116,S1-6_11,0
P6-E1,direct_full_kd_gold,117,S4.MDR-A_01-12,0
P6-E1,direct_full_kd_gold,118,E1-9_01,0
P6-E1,direct_full_kd_gold,119,S1-6_07,0
P6-E1,direct_full_kd_gold,120,GOV-1_17,0
P6-E1,direct_full_kd_gold,121,S1-14_07,0
P6-E1,direct_full_kd_gold,122,MDR-T_18,0
P6-E1,direct_full_kd_gold,123,BP-2_26,0
P6-E1,direct_full_kd_gold,124,E1-2_01,0
P6-E1,direct_full_kd_gold,125,S1-15_03,0
P6-E1,direct_full_kd_gold,126,S1.MDR-A_01-12,0
P6-E1,direct_full_kd_gold,127,GOV-3_02,0
P6-E1,direct_full_kd_gold,128,SBM-2_12,0
P6-E1,direct_full_kd_gold,129,E2-3_05,0
P6-E1,direct_full_kd_gold,130,E1.GOV-3_03,0
P6-E1,direct_full_kd_gold,131,S1-10_01,0
P6-E1,direct_full_kd_gold,132,IRO-1_06,0
P6-E1,direct_full_kd_gold,133,E2-3_09,0
P6-E1,direct_full_kd_gold,134,S1-8_03,0
P6-E1,direct_full_kd_gold,135,S1.SBM-3_04,0
P6-E1,direct_full_kd_gold,136,E5-2_05,0
P6-E1,direct_full_kd_gold,137,MDR-T_20,0
P6-E1,direct_full_kd_gold,138,E4-5_18,0
P6-E1,direct_full_kd_gold,139,S1-7_08,0
P6-E1,direct_full_kd_gold,140,S2-4_12,0
P6-E1,direct_full_kd_gold,141,E1-9_03,0
P6-E1,direct_full_kd_gold,142,S4.MDR-T_01-13,0
P6-E1,direct_full_kd_gold,143,BP-1_04,0
P6-E1,direct_full_kd_gold,144,E1.GOV-3_01,0
P6-E1,direct_full_kd_gold,145,SBM-3_07,0
P6-E1,direct_full_kd_gold,146,S1-4_09,0
P6-E1,direct_full_kd_gold,147,GOV-1_16,0
P6-E1,direct_full_kd_gold,148,SBM-1_23,0
P6-E1,direct_full_kd_gold,149,SBM-1_15,0
P6-E1,direct_full_kd_gold,150,S4-4_12,0
P6-E1,direct_full_kd_gold,151,S1-14_03,0
P6-E1,direct_full_kd_gold,152,S1-9_03,0
P6-E1,direct_full_kd_gold,153,S4-4_03,0
P6-E1,direct_full_kd_gold,154,E4-2_02,0
P6-E1,direct_full_kd_gold,155,E2.IRO-1_03,0
P6-E1,direct_full_kd_gold,156,S1-10_04,0
P6-E1,direct_full_kd_gold,157,S2.MDR-A_01-12,0
P6-E1,direct_full_kd_gold,158,E3-2_01,0
P6-E1,direct_full_kd_gold,159,S4-5_02,0
P6-E1,direct_full_kd_gold,160,S1-14_09,0
P6-E1,direct_full_kd_gold,161,S1-11_06,0
P6-E1,direct_full_kd_gold,162,MDR-A_15,0
P6-E1,direct_full_kd_gold,163,E1-9_02,0
P6-E1,direct_full_kd_gold,164,BP-1_02,0
P6-E1,direct_full_kd_gold,165,S4-2_01,0
P6-E1,direct_full_kd_gold,166,S2.SBM-3_06,0
P6-E1,direct_full_kd_gold,167,S1-7_07,0
P6-E1,direct_full_kd_gold,168,S3.SBM-3_05,0
P6-E1,direct_full_kd_gold,169,S2-4_18,0
P6-E1,direct_full_kd_gold,170,S3-4_12,0
P6-E1,direct_full_kd_gold,171,E5-5_18,0
P6-E1,direct_full_kd_gold,172,E3-3_04,0
P6-E1,direct_full_kd_gold,173,E3-3_08,0
P6-E1,direct_full_kd_gold,174,S2.MDR-T_01-13,0
P6-E1,direct_full_kd_gold,175,S1-7_10,0
P6-E1,direct_full_kd_gold,176,E3.IRO-1_01,0
P6-E1,direct_full_kd_gold,177,S1.MDR-T_01-13,0
P6-E1,direct_full_kd_gold,178,G1.MDR-P_01-06,0
P6-E1,direct_full_kd_gold,179,S1-6_16,0
P6-E1,direct_full_kd_gold,180,GOV-2_01,0
P6-E1,direct_full_kd_gold,181,MDR-P_03,0
P6-E1,direct_full_kd_gold,182,SBM-1_19,0
P6-E1,direct_full_kd_gold,183,S1-4_20,0
P6-E1,direct_full_kd_gold,184,S4-4_18,0
P6-E1,direct_full_kd_gold,185,GOV-1_01,0
P6-E1,direct_full_kd_gold,186,S1-14_05,0
P6-E1,direct_full_kd_gold,187,S1-4_16,0
P6-E1,direct_full_kd_gold,188,S1-14_02,0
P6-E1,direct_full_kd_gold,189,S1-15_02,0
P6-E1,direct_full_kd_gold,190,GOV-1_02,0
P6-E1,direct_full_kd_gold,191,S1-9_04,0
P6-E1,direct_full_kd_gold,192,BP-1_01,0
P6-E1,direct_full_kd_gold,193,S4-1_01,0
P6-E1,direct_full_kd_gold,194,S4-4_06,0
P6-E1,direct_full_kd_gold,195,S1-15_01,0
P6-E1,direct_full_kd_gold,196,S1-1_01,0
P6-E1,direct_full_kd_gold,197,S3-4_19,0
P6-E1,direct_full_kd_gold,198,S1-6_18,0
P6-E1,direct_full_kd_gold,199,S1-9_05,0
P6-E1,direct_full_kd_gold,200,E4-3_14,0
P6-E1,direct_full_kd_gold,201,S1-4_03,0
P6-E1,direct_full_kd_gold,202,S1-4_05,0
P6-E1,direct_full_kd_gold,203,E1-9_14,0
P6-E1,direct_full_kd_gold,204,IRO-1_02,0
P6-E1,direct_full_kd_gold,205,MDR-A_06,0
P6-E1,direct_full_kd_gold,206,GOV-1_05,0
P6-E1,direct_full_kd_gold,207,E2.MDR-T_01-13,0
P6-E1,direct_full_kd_gold,208,SBM-1_01,0
P6-E1,direct_full_kd_gold,209,S1-7_09,0
P6-E1,direct_full_kd_gold,210,GOV-1_06,0
P6-E1,direct_full_kd_gold,211,SBM-2_03,0
P6-E1,direct_full_kd_gold,212,GOV-1_03,0
P6-E1,direct_full_kd_gold,213,E2-2_01,0
P6-E1,direct_full_kd_gold,214,S1.SBM-3_03,0
P6-E1,direct_full_kd_gold,215,S2-4_03,0
P6-E1,direct_full_kd_gold,216,S4.SBM-3_04,0
P6-E1,direct_full_kd_gold,217,G1-2_02,0
P6-E1,direct_full_kd_gold,218,E1.SBM-3_01,0
P6-E1,direct_full_kd_gold,219,E1.MDR-T_01-13,0
P6-E1,direct_full_kd_gold,220,E4-1_11,0
P6-E1,direct_full_kd_gold,221,E5.IRO-1_01,0
P6-E1,direct_full_kd_gold,222,S4-4_15,0
P6-E1,direct_full_kd_gold,223,S1-12_01,0
P6-E1,direct_full_kd_gold,224,S4-2_03,0
P6-E1,direct_full_kd_gold,225,S1-2_03,0
P6-E1,direct_full_kd_gold,226,S2.SBM-3_05,0
P6-E1,direct_full_kd_gold,227,E4-5_06,0
P6-E1,direct_full_kd_gold,228,SBM-3_08,0
P6-E1,direct_full_kd_gold,229,S1-5_02,0
P6-E1,direct_full_kd_gold,230,MDR-P_02,0
P6-E1,direct_full_kd_gold,231,S4-4_04,0
P6-E1,direct_full_kd_gold,232,S2-2_03,0
P6-E1,direct_full_kd_gold,233,SBM-3_01,0
P6-E1,direct_full_kd_gold,234,E3.MDR-T_01-13,0
P6-E1,direct_full_kd_gold,235,SBM-3_04,0
P6-E1,direct_full_kd_gold,236,S1-6_13,0
P6-E1,direct_full_kd_gold,237,S1-4_11,0
P6-E1,direct_full_kd_gold,238,S3-2_03,0
P6-E1,direct_full_kd_gold,239,E4.MDR-T_01-13,0
P6-E1,direct_full_kd_gold,240,E3-2_02,0
P6-E1,direct_full_kd_gold,241,E4-2_01,0
P6-E1,direct_full_kd_gold,242,S4-4_05,0
P6-E1,direct_full_kd_gold,243,IRO-1_01,0
P6-E1,direct_full_kd_gold,244,GOV-1_07,0
P6-E1,direct_full_kd_gold,245,MDR-T_13,0
P6-E1,direct_full_kd_gold,246,S1-8_04,0
P6-E1,direct_full_kd_gold,247,IRO-1_04,0
P6-E1,direct_full_kd_gold,248,S3.MDR-A_01-12,0
P6-E1,direct_full_kd_gold,249,E1-4_25,0
P6-E1,direct_full_kd_gold,250,MDR-P_05,0
P6-E1,direct_full_kd_gold,251,S1-2_12,0
P6-E1,direct_full_kd_gold,252,S1-2_01,0
P6-E1,direct_full_kd_gold,253,GOV-1_04,0
P6-E1,direct_full_kd_gold,254,S1-14_06,0
P6-E1,direct_full_kd_gold,255,S4-2_05,0
P6-E1,direct_full_kd_gold,256,E4-3_10,0
P6-E1,direct_full_kd_gold,257,E3.IRO-1_02,0
P6-E1,direct_full_kd_gold,258,S1-16_03,0
P6-E1,direct_full_kd_gold,259,S2-4_05,0
P6-E1,direct_full_kd_gold,260,E4.IRO-1_15,0
P6-E1,direct_full_kd_gold,261,S4-1_06,0
P6-E1,direct_full_kd_gold,262,S1-17_02,0
P6-E1,direct_full_kd_gold,263,S2-5_06,0
P6-E1,direct_full_kd_gold,264,S2-1_08,0
P6-E1,direct_full_kd_gold,265,S4-1_09,0
P6-E1,direct_full_kd_gold,266,S1-17_07,0
P6-E1,direct_full_kd_gold,267,SBM-1_28,0
P6-E1,direct_full_kd_gold,268,MDR-A_05,0
P6-E1,direct_full_kd_gold,269,S2-1_11,0
P6-E1,direct_full_kd_gold,270,S1-1_14,0
P6-E1,direct_full_kd_gold,271,S4-4_01,0
P6-E1,direct_full_kd_gold,272,S1-16_01,0
P6-E1,direct_full_kd_gold,273,S2-2_01,0
P6-E1,direct_full_kd_gold,274,S3.MDR-T_01-13,0
P6-E1,direct_full_kd_gold,275,GOV-1_10,0
P6-E1,direct_full_kd_gold,276,S2-4_04,0
P6-E1,direct_full_kd_gold,277,S4-5_03,0
P6-E1,direct_full_kd_gold,278,E5.MDR-T_01-13,0
P6-E1,direct_full_kd_gold,279,S1-7_05,0
P6-E1,direct_full_kd_gold,280,MDR-P_08,0
P6-E1,direct_full_kd_gold,281,S1-13_01,0
P6-E1,direct_full_kd_gold,282,S1-14_04,0
P6-E1,direct_full_kd_gold,283,S1-1_07,0
P6-E1,direct_full_kd_gold,284,S4-1_04,0
P6-E1,direct_full_kd_gold,285,S1-11_11,0
P6-E1,direct_full_kd_gold,286,S1-17_01,0
P6-E1,direct_full_kd_gold,287,S1-7_06,0
P6-E1,direct_full_kd_gold,288,MDR-T_10,0
P6-E1,direct_full_kd_gold,289,S1-5_06,0
P6-E1,direct_full_kd_gold,290,MDR-P_06,0
P6-E1,direct_full_kd_gold,291,GOV-2_02,0
P6-E1,direct_full_kd_gold,292,S4-5_06,0
P6-E1,direct_full_kd_gold,293,S3-5_06,0
P6-E1,direct_full_kd_gold,294,E4-3_15,0
P6-E1,direct_full_kd_gold,295,SBM-3_11,0
P6-E1,direct_full_kd_gold,296,S2-1_06,0
P6-E1,direct_full_kd_gold,297,S1-4_01,0
P6-E1,direct_full_kd_gold,298,MDR-P_01,0
P6-E1,direct_full_kd_gold,299,S4-3_05,0
P6-E1,direct_full_kd_gold,300,S3-1_09,0
P6-E1,direct_full_kd_gold,301,E5-2_03,0
P6-E1,direct_full_kd_gold,302,IRO-1_03,0
P6-E1,direct_full_kd_gold,303,S2-3_03,0
P6-E1,direct_full_kd_gold,304,S3-1_06,0
P6-E1,direct_full_kd_gold,305,SBM-1_25,0
P6-E1,direct_full_kd_gold,306,SBM-1_02,0
P6-E1,direct_full_kd_gold,307,G1-1_10,0
P6-E1,direct_full_kd_gold,308,E4-3_01,0
P6-E1,direct_full_kd_gold,309,E5-5_03,0
P6-E1,direct_full_kd_gold,310,S1-14_08,0
P6-E1,direct_full_kd_gold,311,E1.MDR-P_07-08,0
P6-E1,direct_full_kd_gold,312,S2-4_06,0
P6-E1,direct_full_kd_gold,313,S4-3_03,0
P6-E1,direct_full_kd_gold,314,S1-2_06,0
P6-E1,direct_full_kd_gold,315,S3-4_15,0
P6-E1,direct_full_kd_gold,316,E2.MDR-P_07-08,0
P6-E1,direct_full_kd_gold,317,S4-4_07,0
P6-E1,direct_full_kd_gold,318,S1-4_13,0
P6-E1,direct_full_kd_gold,319,S3-4_03,0
P6-E1,direct_full_kd_gold,320,S3-3_12,0
P6-E1,direct_full_kd_gold,321,S1-4_12,0
P6-E1,direct_full_kd_gold,322,S1-11_05,0
P6-E1,direct_full_kd_gold,323,S1-3_04,0
P6-E1,direct_full_kd_gold,324,S1-5_03,0
P6-E1,direct_full_kd_gold,325,S1-3_08,0
P6-E1,direct_full_kd_gold,326,MDR-T_07,0
P6-E1,direct_full_kd_gold,327,S1-3_06,0
P6-E1,direct_full_kd_gold,328,S1-1_05,0
P6-E1,direct_full_kd_gold,329,E3.MDR-P_07-08,0
P6-E1,direct_full_kd_gold,330,G1-4_06,0
P6-E1,direct_full_kd_gold,331,E4-5_08,0
P6-E1,direct_full_kd_gold,332,SBM-3_09,0
P6-E1,direct_full_kd_gold,333,G1.MDR-P_07-08,0
P6-E1,direct_full_kd_gold,334,S4-4_13,0
P6-E1,direct_full_kd_gold,335,S1-2_02,0
P6-E1,direct_full_kd_gold,336,S2-3_09,0
P6-E1,direct_full_kd_gold,337,SBM-2_04,0
P6-E1,direct_full_kd_gold,338,S1-1_09,0
P6-E1,direct_full_kd_gold,339,S1.MDR-P_07-08,0
P6-E1,direct_full_kd_gold,340,S2-4_15,0
P6-E1,direct_full_kd_gold,341,SBM-2_02,0
P6-E1,direct_full_kd_gold,342,S4-2_08,0
P6-E1,direct_full_kd_gold,343,S2-4_01,0
P6-E1,direct_full_kd_gold,344,S3-4_05,0
P6-E1,direct_full_kd_gold,345,E4.MDR-P_07-08,0
P6-E1,direct_full_kd_gold,346,S4-2_06,0
P6-E1,direct_full_kd_gold,347,S2.MDR-P_07-08,0
P6-E1,direct_full_kd_gold,348,S3-5_02,0
P6-E1,direct_full_kd_gold,349,GOV-1_12,0
P6-E1,direct_full_kd_gold,350,E2.MDR-T_14-19,0
P6-E1,direct_full_kd_gold,351,S4-2_02,0
P6-E1,direct_full_kd_gold,352,S4-3_02,0
P6-E1,direct_full_kd_gold,353,G1.GOV-1_01,0
P6-E1,direct_full_kd_gold,354,G1.GOV-1_02,0
P6-E1,direct_full_kd_gold,355,S1-3_05,0
P6-E1,direct_full_kd_gold,356,S1-4_04,0
P6-E1,direct_full_kd_gold,357,S2-2_06,0
P6-E1,direct_full_kd_gold,358,S1-1_12,0
P6-E1,direct_full_kd_gold,359,S3.SBM-3_04,0
P6-E1,direct_full_kd_gold,360,S2-1_03,0
P6-E1,direct_full_kd_gold,361,E3.MDR-T_14-19,0
P6-E1,direct_full_kd_gold,362,S4-1_02,0
P6-E1,direct_full_kd_gold,363,S1.MDR-T_14-19,0
P6-E1,direct_full_kd_gold,364,S1-11_09,0
P6-E1,direct_full_kd_gold,365,S2-4_13,0
P6-E1,direct_full_kd_gold,366,S1-4_10,0
P6-E1,direct_full_kd_gold,367,S1-11_10,0
P6-E1,direct_full_kd_gold,368,S1-4_14,0
P6-E1,direct_full_kd_gold,369,MDR-T_05,0
P6-E1,direct_full_kd_gold,370,S1-11_03,0
P6-E1,direct_full_kd_gold,371,S2-4_07,0
P6-E1,direct_full_kd_gold,372,S1-11_04,0
P6-E1,direct_full_kd_gold,373,S4-3_09,0
P6-E1,direct_full_kd_gold,374,S1-3_01,0
P6-E1,direct_full_kd_gold,375,E5.MDR-P_07-08,0
P6-E1,direct_full_kd_gold,376,S4-3_01,0
P6-E1,direct_full_kd_gold,377,G1-3_03,0
P6-E1,direct_full_kd_gold,378,E4.MDR-T_14-19,0
P6-E1,direct_full_kd_gold,379,S2.MDR-T_14-19,0
P6-E1,direct_full_kd_gold,380,S3.MDR-P_07-08,0
P6-E1,direct_full_kd_gold,381,S3-2_01,0
P6-E1,direct_full_kd_gold,382,S2-5_02,0
P6-E1,direct_full_kd_gold,383,S4.MDR-P_07-08,0
P6-E1,direct_full_kd_gold,384,E4-5_09,0
P6-E1,direct_full_kd_gold,385,S2-3_05,0
P6-E1,direct_full_kd_gold,386,SBM-2_06,0
P6-E1,direct_full_kd_gold,387,G1.MDR-A_01-12,0
P6-E1,direct_full_kd_gold,388,S3-4_02,0
P6-E1,direct_full_kd_gold,389,S1-2_07,0
P6-E1,direct_full_kd_gold,390,SBM-2_05,0
P6-E1,direct_full_kd_gold,391,S4-3_07,0
P6-E1,direct_full_kd_gold,392,MDR-T_04,0
P6-E1,direct_full_kd_gold,393,S1-3_02,0
P6-E1,direct_full_kd_gold,394,S3-4_06,0
P6-E1,direct_full_kd_gold,395,S4-2_07,0
P6-E1,direct_full_kd_gold,396,S1-11_07,0
P6-E1,direct_full_kd_gold,397,S2-2_09,0
P6-E1,direct_full_kd_gold,398,S1-2_11,0
P6-E1,direct_full_kd_gold,399,S3-4_04,0
P6-E1,direct_full_kd_gold,400,MDR-T_14,0
P6-E1,direct_full_kd_gold,401,MDR-T_09,0
P6-E1,direct_full_kd_gold,402,SBM-2_01,0
P6-E1,direct_full_kd_gold,403,S2-3_04,0
P6-E1,direct_full_kd_gold,404,E1.MDR-T_14-19,0
P6-E1,direct_full_kd_gold,405,S2-3_02,0
P6-E1,direct_full_kd_gold,406,GOV-1_08,0
P6-E1,direct_full_kd_gold,407,S4-3_08,0
P6-E1,direct_full_kd_gold,408,S1-3_07,0
P6-E1,direct_full_kd_gold,409,E5.MDR-T_14-19,0
P6-E1,direct_full_kd_gold,410,S4.MDR-T_14-19,0
P6-E1,direct_full_kd_gold,411,S4-3_04,0
P6-E1,direct_full_kd_gold,412,E2.MDR-A_13-14,0
P6-E1,direct_full_kd_gold,413,E5-2_07,0
P6-E1,direct_full_kd_gold,414,S2-2_08,0
P6-E1,direct_full_kd_gold,415,S1-2_09,0
P6-E1,direct_full_kd_gold,416,S3.MDR-T_14-19,0
P6-E1,direct_full_kd_gold,417,G1-4_04,0
P6-E1,direct_full_kd_gold,418,E1.MDR-A_13-14,0
P6-E1,direct_full_kd_gold,419,S2-1_01,0
P6-E1,direct_full_kd_gold,420,S2-5_03,0
P6-E1,direct_full_kd_gold,421,S3-4_01,0
P6-E1,direct_full_kd_gold,422,G1.MDR-A_13-14,0
P6-E1,direct_full_kd_gold,423,S3-3_13,0
P6-E1,direct_full_kd_gold,424,S1-11_01,0
P6-E1,direct_full_kd_gold,425,S2-3_01,0
P6-E1,direct_full_kd_gold,426,S1-1_03,0
P6-E1,direct_full_kd_gold,427,S1-17_11,0
P6-E1,direct_full_kd_gold,428,S1.MDR-A_13-14,0
P6-E1,direct_full_kd_gold,429,MDR-A_14,0
P6-E1,direct_full_kd_gold,430,S3-5_03,0
P6-E1,direct_full_kd_gold,431,S1-17_03,0
P6-E1,direct_full_kd_gold,432,E3.MDR-A_13-14,0
P6-E1,direct_full_kd_gold,433,SBM-3_02,0
P6-E1,direct_full_kd_gold,434,S3-2_05,0
P6-E1,direct_full_kd_gold,435,S2-2_07,0
P6-E1,direct_full_kd_gold,436,S1-2_08,0
P6-E1,direct_full_kd_gold,437,BP-2_21,0
P6-E1,direct_full_kd_gold,438,G1-5_11,0
P6-E1,direct_full_kd_gold,439,S1-4_02,0
P6-E1,direct_full_kd_gold,440,S2-4_02,0
P6-E1,direct_full_kd_gold,441,IRO-1_05,0
P6-E1,direct_full_kd_gold,442,S3-1_01,0
P6-E1,direct_full_kd_gold,443,MDR-P_07,0
P6-E1,direct_full_kd_gold,444,E4.MDR-A_13-14,0
P6-E1,direct_full_kd_gold,445,G1-4_07,0
P6-E1,direct_full_kd_gold,446,S3-4_13,0
P6-E1,direct_full_kd_gold,447,S1-3_11,0
P6-E1,direct_full_kd_gold,448,S1-3_09,0
P6-E1,direct_full_kd_gold,449,S3-4_17,0
P6-E1,direct_full_kd_gold,450,GOV-1_11,0
P6-E1,direct_full_kd_gold,451,S2-1_04,0
P6-E1,direct_full_kd_gold,452,S4-3_12,0
P6-E1,direct_full_kd_gold,453,S3-3_18,0
P6-E1,direct_full_kd_gold,454,S3-3_17,0
P6-E1,direct_full_kd_gold,455,S2-3_08,0
P6-E1,direct_full_kd_gold,456,S3-4_10,0
P6-E1,direct_full_kd_gold,457,S1-1_13,0
P6-E1,direct_full_kd_gold,458,SBM-1_05,0
P6-E1,direct_full_kd_gold,459,E2-4_17,0
P6-E1,direct_full_kd_gold,460,S4-1_05,0
P6-E1,direct_full_kd_gold,461,S4-2_09,0
P6-E1,direct_full_kd_gold,462,S2.MDR-A_13-14,0
P6-E1,direct_full_kd_gold,463,S1-1_21,0
P6-E1,direct_full_kd_gold,464,S3-3_15,0
P6-E1,direct_full_kd_gold,465,S1-14_12,0
P6-E1,direct_full_kd_gold,466,S3-1_05,0
P6-E1,direct_full_kd_gold,467,S1-1_06,0
P6-E1,direct_full_kd_gold,468,S2-3_06,0
P6-E1,direct_full_kd_gold,469,S1-17_08,0
P6-E1,direct_full_kd_gold,470,S3-4_07,0
P6-E1,direct_full_kd_gold,471,G1-4_02,0
P6-E1,direct_full_kd_gold,472,E5.MDR-A_13-14,0
P6-E1,direct_full_kd_gold,473,S4-4_02,0
P6-E1,direct_full_kd_gold,474,S2-3_12,0
P6-E1,direct_full_kd_gold,475,S1-17_05,0
P6-E1,direct_full_kd_gold,476,S3-2_06,0
P6-E1,direct_full_kd_gold,477,MDR-A_04,0
P6-E1,direct_full_kd_gold,478,S3-3_10,0
P6-E1,direct_full_kd_gold,479,S4-3_06,0
P6-E1,direct_full_kd_gold,480,S4.MDR-A_13-14,0
P6-E1,direct_full_kd_gold,481,MDR-A_01,0
P6-E1,direct_full_kd_gold,482,S1-1_10,0
P6-E1,direct_full_kd_gold,483,S3-1_04,0
P6-E1,direct_full_kd_gold,484,S3-3_14,0
P6-E1,direct_full_kd_gold,485,S3.MDR-A_13-14,0
P6-E1,direct_full_kd_gold,486,S1-2_14,0
P6-E1,direct_full_kd_gold,487,S3-1_02,0
P6-E1,direct_full_kd_gold,488,S1-17_13,0
P6-E1,direct_full_kd_gold,489,S1-1_22,0
P6-E1,direct_full_kd_gold,490,E4-5_14,0
P6-E1,direct_full_kd_gold,491,E4-5_07,0
P6-E1,direct_full_kd_gold,492,S3-3_11,0
P6-E1,direct_full_kd_gold,493,G1-4_08,0
P6-E1,direct_full_kd_gold,494,S3-2_09,0
P6-E1,direct_full_kd_gold,495,S2-2_02,0
P6-E1,direct_full_kd_gold,496,S1-8_08,0
P6-E1,direct_full_kd_gold,497,S2-1_05,0
P6-E1,direct_full_kd_gold,498,S2-3_11,0
P6-E1,direct_full_kd_gold,499,S2-3_07,0
P6-E1,direct_full_kd_gold,500,S3-2_08,0
P6-E1,direct_full_kd_gold,501,S1-3_10,0
P6-E1,direct_full_kd_gold,502,S4-4_11,0
P6-E1,direct_full_kd_gold,503,S4-3_11,0
P6-E1,direct_full_kd_gold,504,S3-3_16,0
P6-E1,direct_full_kd_gold,505,S1-1_08,0
P6-E1,direct_full_kd_gold,506,G1-4_01,0
P6-E1,direct_full_kd_gold,507,SBM-1_17,0
P6-E1,direct_full_kd_gold,508,S3-3_20,0
P6-E1,direct_full_kd_gold,509,S1-2_10,0
P6-E1,direct_full_kd_gold,510,S3-2_02,0
P6-E1,direct_full_kd_gold,511,G1-4_05,0
P6-E1,direct_full_kd_gold,512,S2-4_11,0
P6-E1,direct_full_kd_gold,513,MDR-T_21,0
P6-E1,direct_full_kd_gold,514,S3-3_21,0
P6-E1,direct_full_kd_gold,515,G1-3_04,0
P6-E1,direct_full_kd_gold,516,S3-4_11,0
P6-E1,direct_full_kd_gold,517,MDR-A_13,0
P6-E1,direct_full_kd_gold_medium,1,E1-5_01,0
P6-E1,direct_full_kd_gold_medium,2,E1-5_18,1
P6-E1,direct_full_kd_gold_medium,3,E1-5_03,0
P6-E1,direct_full_kd_gold_medium,4,E1-5_05,0
P6-E1,direct_full_kd_gold_medium,5,E1-5_02,0
P6-E1,direct_full_kd_gold_medium,6,E1-5_07,0
P6-E1,direct_full_kd_gold_medium,7,E1-5_14,0
P6-E1,direct_full_kd_gold_medium,8,E1-5_06,0
P6-E1,direct_full_kd_gold_medium,9,E1-6_30,0
P6-E1,direct_full_kd_gold_medium,10,E1-6_31,0
P6-E1,direct_full_kd_gold_medium,11,E1-5_08,0
P6-E1,direct_full_kd_gold_medium,12,E1-5_11,0
P6-E1,direct_full_kd_gold_medium,13,E3-4_01,0
P6-E1,direct_full_kd_gold_medium,14,E1-5_13,0
P6-E1,direct_full_kd_gold_medium,15,E1-5_12,0
P6-E1,direct_full_kd_gold_medium,16,E1-5_10,0
P6-E1,direct_full_kd_gold_medium,17,E1-6_01,0
P6-E1,direct_full_kd_gold_medium,18,E1-6_04,0
P6-E1,direct_full_kd_gold_medium,19,E2-4_02,0
P6-E1,direct_full_kd_gold_medium,20,E3-4_02,0
P6-E1,direct_full_kd_gold_medium,21,E1-4_03,0
P6-E1,direct_full_kd_gold_medium,22,E5-5_07,0
P6-E1,direct_full_kd_gold_medium,23,E5-5_15,0
P6-E1,direct_full_kd_gold_medium,24,E1-6_07,0
P6-E1,direct_full_kd_gold_medium,25,E1-6_11,0
P6-E1,direct_full_kd_gold_medium,26,E1-3_03,0
P6-E1,direct_full_kd_gold_medium,27,E5.MDR-A_01-12,0
P6-E1,direct_full_kd_gold_medium,28,E1-6_17,0
P6-E1,direct_full_kd_gold_medium,29,E1-6_27,0
P6-E1,direct_full_kd_gold_medium,30,E1-6_28,0
P6-E1,direct_full_kd_gold_medium,31,E5-5_16,0
P6-E1,direct_full_kd_gold_medium,32,GOV-3_04,0
P6-E1,direct_full_kd_gold_medium,33,E1-4_15,0
P6-E1,direct_full_kd_gold_medium,34,E1-4_12,0
P6-E1,direct_full_kd_gold_medium,35,E2-4_01,0
P6-E1,direct_full_kd_gold_medium,36,E1-4_06,0
P6-E1,direct_full_kd_gold_medium,37,E1-4_09,0
P6-E1,direct_full_kd_gold_medium,38,E5-5_08,0
P6-E1,direct_full_kd_gold_medium,39,E3-4_11,0
P6-E1,direct_full_kd_gold_medium,40,E5-5_09,0
P6-E1,direct_full_kd_gold_medium,41,S1-13_04,0
P6-E1,direct_full_kd_gold_medium,42,SBM-1_06,0
P6-E1,direct_full_kd_gold_medium,43,S1-6_10,0
P6-E1,direct_full_kd_gold_medium,44,E5-2_06,0
P6-E1,direct_full_kd_gold_medium,45,E3-4_12,0
P6-E1,direct_full_kd_gold_medium,46,E2.MDR-A_01-12,0
P6-E1,direct_full_kd_gold_medium,47,BP-2_27,0
P6-E1,direct_full_kd_gold_medium,48,E5-5_17,0
P6-E1,direct_full_kd_gold_medium,49,S1-6_06,0
P6-E1,direct_full_kd_gold_medium,50,S1-6_09,0
P6-E1,direct_full_kd_gold_medium,51,E3.MDR-A_01-12,0
P6-E1,direct_full_kd_gold_medium,52,SBM-1_07,0
P6-E1,direct_full_kd_gold_medium,53,E5-4_05,0
P6-E1,direct_full_kd_gold_medium,54,S1-16_02,0
P6-E1,direct_full_kd_gold_medium,55,GOV-3_03,0
P6-E1,direct_full_kd_gold_medium,56,S1-6_19,0
P6-E1,direct_full_kd_gold_medium,57,S1-13_06,0
P6-E1,direct_full_kd_gold_medium,58,S1-6_03,0
P6-E1,direct_full_kd_gold_medium,59,S1-10_03,0
P6-E1,direct_full_kd_gold_medium,60,E2-4_10,0
P6-E1,direct_full_kd_gold_medium,61,S1-10_02,0
P6-E1,direct_full_kd_gold_medium,62,SBM-1_04,0
P6-E1,direct_full_kd_gold_medium,63,S1-6_05,0
P6-E1,direct_full_kd_gold_medium,64,MDR-M_01,0
P6-E1,direct_full_kd_gold_medium,65,S1-6_20,0
P6-E1,direct_full_kd_gold_medium,66,S1-6_04,0
P6-E1,direct_full_kd_gold_medium,67,S1-6_01,0
P6-E1,direct_full_kd_gold_medium,68,BP-2_25,0
P6-E1,direct_full_kd_gold_medium,69,S1-7_03,0
P6-E1,direct_full_kd_gold_medium,70,S1-9_02,0
P6-E1,direct_full_kd_gold_medium,71,S1-6_12,0
P6-E1,direct_full_kd_gold_medium,72,E2-3_06,0
P6-E1,direct_full_kd_gold_medium,73,S1-7_02,0
P6-E1,direct_full_kd_gold_medium,74,E2-4_09,0
P6-E1,direct_full_kd_gold_medium,75,E1-9_42,0
P6-E1,direct_full_kd_gold_medium,76,BP-2_24,0
P6-E1,direct_full_kd_gold_medium,77,E1.MDR-A_01-12,0
P6-E1,direct_full_kd_gold_medium,78,S1-13_05,0
P6-E1,direct_full_kd_gold_medium,79,S1-6_02,0
P6-E1,direct_full_kd_gold_medium,80,SBM-1_03,0
P6-E1,direct_full_kd_gold_medium,81,BP-2_22,0
P6-E1,direct_full_kd_gold_medium,82,E5-2_02,0
P6-E1,direct_full_kd_gold_medium,83,SBM-1_21,0
P6-E1,direct_full_kd_gold_medium,84,E1-6_26,0
P6-E1,direct_full_kd_gold_medium,85,E1-9_41,0
P6-E1,direct_full_kd_gold_medium,86,SBM-1_08,0
P6-E1,direct_full_kd_gold_medium,87,S1-13_03,0
P6-E1,direct_full_kd_gold_medium,88,MDR-T_17,0
P6-E1,direct_full_kd_gold_medium,89,E5-2_08,0
P6-E1,direct_full_kd_gold_medium,90,E1-4_01,0
P6-E1,direct_full_kd_gold_medium,91,MDR-P_09,0
P6-E1,direct_full_kd_gold_medium,92,S1-13_02,0
P6-E1,direct_full_kd_gold_medium,93,S1-16_05,0
P6-E1,direct_full_kd_gold_medium,94,GOV-3_01,0
P6-E1,direct_full_kd_gold_medium,95,E1-4_22,0
P6-E1,direct_full_kd_gold_medium,96,IRO-1_14,0
P6-E1,direct_full_kd_gold_medium,97,S1-6_15,0
P6-E1,direct_full_kd_gold_medium,98,S1-16_04,0
P6-E1,direct_full_kd_gold_medium,99,S1-7_01,0
P6-E1,direct_full_kd_gold_medium,100,SBM-1_09,0
P6-E1,direct_full_kd_gold_medium,101,S4-3_13,0
P6-E1,direct_full_kd_gold_medium,102,S1-6_08,0
P6-E1,direct_full_kd_gold_medium,103,E2-4_15,0
P6-E1,direct_full_kd_gold_medium,104,MDR-T_02,0
P6-E1,direct_full_kd_gold_medium,105,BP-2_23,0
P6-E1,direct_full_kd_gold_medium,106,S1-8_01,0
P6-E1,direct_full_kd_gold_medium,107,MDR-T_16,0
P6-E1,direct_full_kd_gold_medium,108,S1-9_01,0
P6-E1,direct_full_kd_gold_medium,109,E4-1_09,0
P6-E1,direct_full_kd_gold_medium,110,MDR-T_18,0
P6-E1,direct_full_kd_gold_medium,111,S4.SBM-3_05,0
P6-E1,direct_full_kd_gold_medium,112,S1-8_02,0
P6-E1,direct_full_kd_gold_medium,113,S1-6_07,0
P6-E1,direct_full_kd_gold_medium,114,E3-4_05,0
P6-E1,direct_full_kd_gold_medium,115,S1-14_07,0
P6-E1,direct_full_kd_gold_medium,116,S1-6_14,0
P6-E1,direct_full_kd_gold_medium,117,S1-6_11,0
P6-E1,direct_full_kd_gold_medium,118,GOV-1_17,0
P6-E1,direct_full_kd_gold_medium,119,S1-15_03,0
P6-E1,direct_full_kd_gold_medium,120,E4.MDR-A_01-12,0
P6-E1,direct_full_kd_gold_medium,121,E3-4_06,0
P6-E1,direct_full_kd_gold_medium,122,S4.MDR-A_01-12,0
P6-E1,direct_full_kd_gold_medium,123,BP-2_26,0
P6-E1,direct_full_kd_gold_medium,124,GOV-3_02,0
P6-E1,direct_full_kd_gold_medium,125,S1.MDR-A_01-12,0
P6-E1,direct_full_kd_gold_medium,126,IRO-1_06,0
P6-E1,direct_full_kd_gold_medium,127,SBM-2_12,0
P6-E1,direct_full_kd_gold_medium,128,S1.SBM-3_04,0
P6-E1,direct_full_kd_gold_medium,129,S1-10_01,0
P6-E1,direct_full_kd_gold_medium,130,E1-9_01,0
P6-E1,direct_full_kd_gold_medium,131,E1-2_01,0
P6-E1,direct_full_kd_gold_medium,132,E1.GOV-3_03,0
P6-E1,direct_full_kd_gold_medium,133,MDR-T_20,0
P6-E1,direct_full_kd_gold_medium,134,E5-2_05,0
P6-E1,direct_full_kd_gold_medium,135,E2-3_05,0
P6-E1,direct_full_kd_gold_medium,136,S2-4_12,0
P6-E1,direct_full_kd_gold_medium,137,E2-3_09,0
P6-E1,direct_full_kd_gold_medium,138,S1-7_08,0
P6-E1,direct_full_kd_gold_medium,139,S1-14_03,0
P6-E1,direct_full_kd_gold_medium,140,E4-5_18,0
P6-E1,direct_full_kd_gold_medium,141,S1-8_03,0
P6-E1,direct_full_kd_gold_medium,142,S1-14_09,0
P6-E1,direct_full_kd_gold_medium,143,E1-9_03,0
P6-E1,direct_full_kd_gold_medium,144,S4.MDR-T_01-13,0
P6-E1,direct_full_kd_gold_medium,145,GOV-1_16,0
P6-E1,direct_full_kd_gold_medium,146,SBM-3_07,0
P6-E1,direct_full_kd_gold_medium,147,S4-4_03,0
P6-E1,direct_full_kd_gold_medium,148,S1-11_06,0
P6-E1,direct_full_kd_gold_medium,149,S1-9_03,0
P6-E1,direct_full_kd_gold_medium,150,S4-4_12,0
P6-E1,direct_full_kd_gold_medium,151,S4-5_02,0
P6-E1,direct_full_kd_gold_medium,152,S2.MDR-A_01-12,0
P6-E1,direct_full_kd_gold_medium,153,SBM-1_23,0
P6-E1,direct_full_kd_gold_medium,154,S1-4_09,0
P6-E1,direct_full_kd_gold_medium,155,E1.GOV-3_01,0
P6-E1,direct_full_kd_gold_medium,156,S1-10_04,0
P6-E1,direct_full_kd_gold_medium,157,S4-2_01,0
P6-E1,direct_full_kd_gold_medium,158,E4-2_02,0
P6-E1,direct_full_kd_gold_medium,159,BP-1_04,0
P6-E1,direct_full_kd_gold_medium,160,E2.IRO-1_03,0
P6-E1,direct_full_kd_gold_medium,161,MDR-A_15,0
P6-E1,direct_full_kd_gold_medium,162,S1-14_02,0
P6-E1,direct_full_kd_gold_medium,163,S2.SBM-3_06,0
P6-E1,direct_full_kd_gold_medium,164,E3-2_01,0
P6-E1,direct_full_kd_gold_medium,165,GOV-2_01,0
P6-E1,direct_full_kd_gold_medium,166,SBM-1_15,0
P6-E1,direct_full_kd_gold_medium,167,S3.SBM-3_05,0
P6-E1,direct_full_kd_gold_medium,168,S1-4_16,0
P6-E1,direct_full_kd_gold_medium,169,S3-4_12,0
P6-E1,direct_full_kd_gold_medium,170,E5-5_18,0
P6-E1,direct_full_kd_gold_medium,171,S1-14_05,0
P6-E1,direct_full_kd_gold_medium,172,E1-9_02,0
P6-E1,direct_full_kd_gold_medium,173,S1-9_04,0
P6-E1,direct_full_kd_gold_medium,174,S2-4_18,0
P6-E1,direct_full_kd_gold_medium,175,S1-7_10,0
P6-E1,direct_full_kd_gold_medium,176,S1-7_07,0
P6-E1,direct_full_kd_gold_medium,177,BP-1_02,0
P6-E1,direct_full_kd_gold_medium,178,MDR-P_03,0
P6-E1,direct_full_kd_gold_medium,179,E3.IRO-1_01,0
P6-E1,direct_full_kd_gold_medium,180,S2.MDR-T_01-13,0
P6-E1,direct_full_kd_gold_medium,181,S1-6_16,0
P6-E1,direct_full_kd_gold_medium,182,S4-4_06,0
P6-E1,direct_full_kd_gold_medium,183,S1-15_02,0
P6-E1,direct_full_kd_gold_medium,184,S1-6_18,0
P6-E1,direct_full_kd_gold_medium,185,S1.MDR-T_01-13,0
P6-E1,direct_full_kd_gold_medium,186,S4-4_18,0
P6-E1,direct_full_kd_gold_medium,187,S1-4_20,0
P6-E1,direct_full_kd_gold_medium,188,S1-9_05,0
P6-E1,direct_full_kd_gold_medium,189,S4-1_01,0
P6-E1,direct_full_kd_gold_medium,190,G1.MDR-P_01-06,0
P6-E1,direct_full_kd_gold_medium,191,S1-1_01,0
P6-E1,direct_full_kd_gold_medium,192,E3-3_04,0
P6-E1,direct_full_kd_gold_medium,193,S1-15_01,0
P6-E1,direct_full_kd_gold_medium,194,GOV-1_01,0
P6-E1,direct_full_kd_gold_medium,195,E3-3_08,0
P6-E1,direct_full_kd_gold_medium,196,S1-4_03,0
P6-E1,direct_full_kd_gold_medium,197,GOV-1_02,0
P6-E1,direct_full_kd_gold_medium,198,S3-4_19,0
P6-E1,direct_full_kd_gold_medium,199,BP-1_01,0
P6-E1,direct_full_kd_gold_medium,200,SBM-1_19,0
P6-E1,direct_full_kd_gold_medium,201,S1-4_05,0
P6-E1,direct_full_kd_gold_medium,202,IRO-1_02,0
P6-E1,direct_full_kd_gold_medium,203,E4-3_14,0
P6-E1,direct_full_kd_gold_medium,204,GOV-1_05,0
P6-E1,direct_full_kd_gold_medium,205,GOV-1_03,0
P6-E1,direct_full_kd_gold_medium,206,S2-4_03,0
P6-E1,direct_full_kd_gold_medium,207,S1-7_09,0
P6-E1,direct_full_kd_gold_medium,208,GOV-1_06,0
P6-E1,direct_full_kd_gold_medium,209,SBM-2_03,0
P6-E1,direct_full_kd_gold_medium,210,S1.SBM-3_03,0
P6-E1,direct_full_kd_gold_medium,211,S4-4_15,0
P6-E1,direct_full_kd_gold_medium,212,S4.SBM-3_04,0
P6-E1,direct_full_kd_gold_medium,213,MDR-A_06,0
P6-E1,direct_full_kd_gold_medium,214,S1-12_01,0
P6-E1,direct_full_kd_gold_medium,215,SBM-1_01,0
P6-E1,direct_full_kd_gold_medium,216,E1-9_14,0
P6-E1,direct_full_kd_gold_medium,217,S4-2_03,0
P6-E1,direct_full_kd_gold_medium,218,G1-2_02,0
P6-E1,direct_full_kd_gold_medium,219,S1-5_02,0
P6-E1,direct_full_kd_gold_medium,220,E2.MDR-T_01-13,0
P6-E1,direct_full_kd_gold_medium,221,E5.IRO-1_01,0
P6-E1,direct_full_kd_gold_medium,222,SBM-3_01,0
P6-E1,direct_full_kd_gold_medium,223,S4-4_04,0
P6-E1,direct_full_kd_gold_medium,224,S1-2_03,0
P6-E1,direct_full_kd_gold_medium,225,S2.SBM-3_05,0
P6-E1,direct_full_kd_gold_medium,226,E2-2_01,0
P6-E1,direct_full_kd_gold_medium,227,SBM-3_04,0
P6-E1,direct_full_kd_gold_medium,228,S2-2_03,0
P6-E1,direct_full_kd_gold_medium,229,S1-6_13,0
P6-E1,direct_full_kd_gold_medium,230,E4-5_06,0
P6-E1,direct_full_kd_gold_medium,231,E4-1_11,0
P6-E1,direct_full_kd_gold_medium,232,E1.MDR-T_01-13,0
P6-E1,direct_full_kd_gold_medium,233,S1-2_01,0
P6-E1,direct_full_kd_gold_medium,234,SBM-3_08,0
P6-E1,direct_full_kd_gold_medium,235,MDR-P_02,0
P6-E1,direct_full_kd_gold_medium,236,S1-14_06,0
P6-E1,direct_full_kd_gold_medium,237,S4-4_05,0
P6-E1,direct_full_kd_gold_medium,238,S1-2_12,0
P6-E1,direct_full_kd_gold_medium,239,S3-2_03,0
P6-E1,direct_full_kd_gold_medium,240,S3.MDR-A_01-12,0
P6-E1,direct_full_kd_gold_medium,241,S1-4_11,0
P6-E1,direct_full_kd_gold_medium,242,S4-2_05,0
P6-E1,direct_full_kd_gold_medium,243,E1.SBM-3_01,0
P6-E1,direct_full_kd_gold_medium,244,GOV-1_04,0
P6-E1,direct_full_kd_gold_medium,245,IRO-1_01,0
P6-E1,direct_full_kd_gold_medium,246,IRO-1_04,0
P6-E1,direct_full_kd_gold_medium,247,E4-2_01,0
P6-E1,direct_full_kd_gold_medium,248,S1-17_02,0
P6-E1,direct_full_kd_gold_medium,249,S2-2_01,0
P6-E1,direct_full_kd_gold_medium,250,S1-14_04,0
P6-E1,direct_full_kd_gold_medium,251,E3.MDR-T_01-13,0
P6-E1,direct_full_kd_gold_medium,252,S1-8_04,0
P6-E1,direct_full_kd_gold_medium,253,MDR-T_13,0
P6-E1,direct_full_kd_gold_medium,254,E3-2_02,0
P6-E1,direct_full_kd_gold_medium,255,S2-4_05,0
P6-E1,direct_full_kd_gold_medium,256,S4-4_01,0
P6-E1,direct_full_kd_gold_medium,257,MDR-P_05,0
P6-E1,direct_full_kd_gold_medium,258,GOV-1_10,0
P6-E1,direct_full_kd_gold_medium,259,S4-5_03,0
P6-E1,direct_full_kd_gold_medium,260,E4.MDR-T_01-13,0
P6-E1,direct_full_kd_gold_medium,261,S1-13_01,0
P6-E1,direct_full_kd_gold_medium,262,S1-17_07,0
P6-E1,direct_full_kd_gold_medium,263,S4-1_06,0
P6-E1,direct_full_kd_gold_medium,264,S1-7_05,0
P6-E1,direct_full_kd_gold_medium,265,GOV-1_07,0
P6-E1,direct_full_kd_gold_medium,266,S2-4_04,0
P6-E1,direct_full_kd_gold_medium,267,S2-5_06,0
P6-E1,direct_full_kd_gold_medium,268,S1-17_01,0
P6-E1,direct_full_kd_gold_medium,269,S4-1_09,0
P6-E1,direct_full_kd_gold_medium,270,S1-16_01,0
P6-E1,direct_full_kd_gold_medium,271,S2-1_08,0
P6-E1,direct_full_kd_gold_medium,272,MDR-A_05,0
P6-E1,direct_full_kd_gold_medium,273,S1-1_14,0
P6-E1,direct_full_kd_gold_medium,274,S2-1_11,0
P6-E1,direct_full_kd_gold_medium,275,S1-16_03,0
P6-E1,direct_full_kd_gold_medium,276,S4-1_04,0
P6-E1,direct_full_kd_gold_medium,277,E4-3_10,0
P6-E1,direct_full_kd_gold_medium,278,E4.IRO-1_15,0
P6-E1,direct_full_kd_gold_medium,279,E3.IRO-1_02,0
P6-E1,direct_full_kd_gold_medium,280,S1-7_06,0
P6-E1,direct_full_kd_gold_medium,281,SBM-1_28,0
P6-E1,direct_full_kd_gold_medium,282,S3.MDR-T_01-13,0
P6-E1,direct_full_kd_gold_medium,283,MDR-P_08,0
P6-E1,direct_full_kd_gold_medium,284,S1-4_01,0
P6-E1,direct_full_kd_gold_medium,285,GOV-2_02,0
P6-E1,direct_full_kd_gold_medium,286,E5-2_03,0
P6-E1,direct_full_kd_gold_medium,287,S1-11_11,0
P6-E1,direct_full_kd_gold_medium,288,S4-5_06,0
P6-E1,direct_full_kd_gold_medium,289,S3-5_06,0
P6-E1,direct_full_kd_gold_medium,290,S1-5_06,0
P6-E1,direct_full_kd_gold_medium,291,S1-1_07,0
P6-E1,direct_full_kd_gold_medium,292,MDR-P_06,0
P6-E1,direct_full_kd_gold_medium,293,S4-3_05,0
P6-E1,direct_full_kd_gold_medium,294,MDR-T_10,0
P6-E1,direct_full_kd_gold_medium,295,E5.MDR-T_01-13,0
P6-E1,direct_full_kd_gold_medium,296,SBM-3_11,0
P6-E1,direct_full_kd_gold_medium,297,S1-14_08,0
P6-E1,direct_full_kd_gold_medium,298,E1-4_25,0
P6-E1,direct_full_kd_gold_medium,299,S3-4_15,0
P6-E1,direct_full_kd_gold_medium,300,IRO-1_03,0
P6-E1,direct_full_kd_gold_medium,301,MDR-P_01,0
P6-E1,direct_full_kd_gold_medium,302,S3-1_09,0
P6-E1,direct_full_kd_gold_medium,303,S2-1_06,0
P6-E1,direct_full_kd_gold_medium,304,S2-4_06,0
P6-E1,direct_full_kd_gold_medium,305,S1-2_06,0
P6-E1,direct_full_kd_gold_medium,306,S3-1_06,0
P6-E1,direct_full_kd_gold_medium,307,E4-3_15,0
P6-E1,direct_full_kd_gold_medium,308,SBM-1_25,0
P6-E1,direct_full_kd_gold_medium,309,S4-4_07,0
P6-E1,direct_full_kd_gold_medium,310,S3-4_03,0
P6-E1,direct_full_kd_gold_medium,311,E4-3_01,0
P6-E1,direct_full_kd_gold_medium,312,S1-5_03,0
P6-E1,direct_full_kd_gold_medium,313,G1-1_10,0
P6-E1,direct_full_kd_gold_medium,314,S2-3_03,0
P6-E1,direct_full_kd_gold_medium,315,S1-3_08,0
P6-E1,direct_full_kd_gold_medium,316,SBM-1_02,0
P6-E1,direct_full_kd_gold_medium,317,S1-11_05,0
P6-E1,direct_full_kd_gold_medium,318,S1-1_05,0
P6-E1,direct_full_kd_gold_medium,319,S4-3_03,0
P6-E1,direct_full_kd_gold_medium,320,G1-4_06,0
P6-E1,direct_full_kd_gold_medium,321,S2-4_01,0
P6-E1,direct_full_kd_gold_medium,322,S1-1_09,0
P6-E1,direct_full_kd_gold_medium,323,S1-2_02,0
P6-E1,direct_full_kd_gold_medium,324,S1-4_12,0
P6-E1,direct_full_kd_gold_medium,325,E5-5_03,0
P6-E1,direct_full_kd_gold_medium,326,S1-4_13,0
P6-E1,direct_full_kd_gold_medium,327,S4-2_06,0
P6-E1,direct_full_kd_gold_medium,328,S2-4_15,0
P6-E1,direct_full_kd_gold_medium,329,S4-4_13,0
P6-E1,direct_full_kd_gold_medium,330,SBM-2_04,0
P6-E1,direct_full_kd_gold_medium,331,S4-1_02,0
P6-E1,direct_full_kd_gold_medium,332,S3-5_02,0
P6-E1,direct_full_kd_gold_medium,333,S3-3_12,0
P6-E1,direct_full_kd_gold_medium,334,S3-4_05,0
P6-E1,direct_full_kd_gold_medium,335,S1-3_04,0
P6-E1,direct_full_kd_gold_medium,336,MDR-T_07,0
P6-E1,direct_full_kd_gold_medium,337,S2-2_06,0
P6-E1,direct_full_kd_gold_medium,338,S4-2_08,0
P6-E1,direct_full_kd_gold_medium,339,E4-5_08,0
P6-E1,direct_full_kd_gold_medium,340,SBM-2_02,0
P6-E1,direct_full_kd_gold_medium,341,S1-4_04,0
P6-E1,direct_full_kd_gold_medium,342,GOV-1_12,0
P6-E1,direct_full_kd_gold_medium,343,S2-3_09,0
P6-E1,direct_full_kd_gold_medium,344,SBM-3_09,0
P6-E1,direct_full_kd_gold_medium,345,E1.MDR-P_07-08,0
P6-E1,direct_full_kd_gold_medium,346,S1-3_06,0
P6-E1,direct_full_kd_gold_medium,347,E2.MDR-P_07-08,0
P6-E1,direct_full_kd_gold_medium,348,S3.SBM-3_04,0
P6-E1,direct_full_kd_gold_medium,349,S1-1_12,0
P6-E1,direct_full_kd_gold_medium,350,S2-1_03,0
P6-E1,direct_full_kd_gold_medium,351,S4-2_02,0
P6-E1,direct_full_kd_gold_medium,352,S2-4_07,0
P6-E1,direct_full_kd_gold_medium,353,S1-3_05,0
P6-E1,direct_full_kd_gold_medium,354,S2-4_13,0
P6-E1,direct_full_kd_gold_medium,355,S4-3_02,0
P6-E1,direct_full_kd_gold_medium,356,S1-3_01,0
P6-E1,direct_full_kd_gold_medium,357,S1-11_09,0
P6-E1,direct_full_kd_gold_medium,358,S1-11_03,0
P6-E1,direct_full_kd_gold_medium,359,S3-2_01,0
P6-E1,direct_full_kd_gold_medium,360,S1-4_14,0
P6-E1,direct_full_kd_gold_medium,361,S4-3_01,0
P6-E1,direct_full_kd_gold_medium,362,E3.MDR-P_07-08,0
P6-E1,direct_full_kd_gold_medium,363,S1-11_04,0
P6-E1,direct_full_kd_gold_medium,364,S1-4_10,0
P6-E1,direct_full_kd_gold_medium,365,G1.GOV-1_02,0
P6-E1,direct_full_kd_gold_medium,366,G1.MDR-P_07-08,0
P6-E1,direct_full_kd_gold_medium,367,S1-11_10,0
P6-E1,direct_full_kd_gold_medium,368,MDR-T_05,0
P6-E1,direct_full_kd_gold_medium,369,G1.GOV-1_01,0
P6-E1,direct_full_kd_gold_medium,370,S1-2_07,0
P6-E1,direct_full_kd_gold_medium,371,S2-5_02,0
P6-E1,direct_full_kd_gold_medium,372,S1.MDR-P_07-08,0
P6-E1,direct_full_kd_gold_medium,373,E4.MDR-P_07-08,0
P6-E1,direct_full_kd_gold_medium,374,S2.MDR-P_07-08,0
P6-E1,direct_full_kd_gold_medium,375,E2.MDR-T_14-19,0
P6-E1,direct_full_kd_gold_medium,376,S4-3_09,0
P6-E1,direct_full_kd_gold_medium,377,G1-3_03,0
P6-E1,direct_full_kd_gold_medium,378,S2-3_05,0
P6-E1,direct_full_kd_gold_medium,379,S3-4_02,0
P6-E1,direct_full_kd_gold_medium,380,S3-4_06,0
P6-E1,direct_full_kd_gold_medium,381,SBM-2_06,0
P6-E1,direct_full_kd_gold_medium,382,SBM-2_05,0
P6-E1,direct_full_kd_gold_medium,383,S1-2_11,0
P6-E1,direct_full_kd_gold_medium,384,S3-4_04,0
P6-E1,direct_full_kd_gold_medium,385,E3.MDR-T_14-19,0
P6-E1,direct_full_kd_gold_medium,386,G1.MDR-A_01-12,0
P6-E1,direct_full_kd_gold_medium,387,S2-2_09,0
P6-E1,direct_full_kd_gold_medium,388,GOV-1_08,0
P6-E1,direct_full_kd_gold_medium,389,S1-1_03,0
P6-E1,direct_full_kd_gold_medium,390,S1.MDR-T_14-19,0
P6-E1,direct_full_kd_gold_medium,391,S2-1_01,0
P6-E1,direct_full_kd_gold_medium,392,SBM-2_01,0
P6-E1,direct_full_kd_gold_medium,393,E4-5_09,0
P6-E1,direct_full_kd_gold_medium,394,S1-11_07,0
P6-E1,direct_full_kd_gold_medium,395,S1-3_02,0
P6-E1,direct_full_kd_gold_medium,396,S4-3_07,0
P6-E1,direct_full_kd_gold_medium,397,E5.MDR-P_07-08,0
P6-E1,direct_full_kd_gold_medium,398,MDR-T_04,0
P6-E1,direct_full_kd_gold_medium,399,E4.MDR-T_14-19,0
P6-E1,direct_full_kd_gold_medium,400,MDR-T_14,0
P6-E1,direct_full_kd_gold_medium,401,S4-2_07,0
P6-E1,direct_full_kd_gold_medium,402,E5-2_07,0
P6-E1,direct_full_kd_gold_medium,403,MDR-T_09,0
P6-E1,direct_full_kd_gold_medium,404,S2-5_03,0
P6-E1,direct_full_kd_gold_medium,405,S2-3_02,0
P6-E1,direct_full_kd_gold_medium,406,S2.MDR-T_14-19,0
P6-E1,direct_full_kd_gold_medium,407,S3-4_01,0
P6-E1,direct_full_kd_gold_medium,408,S1-2_09,0
P6-E1,direct_full_kd_gold_medium,409,S2-3_04,0
P6-E1,direct_full_kd_gold_medium,410,S3.MDR-P_07-08,0
P6-E1,direct_full_kd_gold_medium,411,S3-5_03,0
P6-E1,direct_full_kd_gold_medium,412,S4.MDR-P_07-08,0
P6-E1,direct_full_kd_gold_medium,413,S4-3_08,0
P6-E1,direct_full_kd_gold_medium,414,S2-3_01,0
P6-E1,direct_full_kd_gold_medium,415,SBM-3_02,0
P6-E1,direct_full_kd_gold_medium,416,S1-17_11,0
P6-E1,direct_full_kd_gold_medium,417,G1-4_04,0
P6-E1,direct_full_kd_gold_medium,418,S1-11_01,0
P6-E1,direct_full_kd_gold_medium,419,S2-2_07,0
P6-E1,direct_full_kd_gold_medium,420,S2-2_08,0
P6-E1,direct_full_kd_gold_medium,421,S4-3_04,0
P6-E1,direct_full_kd_gold_medium,422,S3-2_05,0
P6-E1,direct_full_kd_gold_medium,423,S1-3_07,0
P6-E1,direct_full_kd_gold_medium,424,S2-4_02,0
P6-E1,direct_full_kd_gold_medium,425,S3-1_01,0
P6-E1,direct_full_kd_gold_medium,426,S3-4_17,0
P6-E1,direct_full_kd_gold_medium,427,MDR-A_14,0
P6-E1,direct_full_kd_gold_medium,428,E1.MDR-T_14-19,0
P6-E1,direct_full_kd_gold_medium,429,S3-3_13,0
P6-E1,direct_full_kd_gold_medium,430,S1-17_03,0
P6-E1,direct_full_kd_gold_medium,431,S1-2_08,0
P6-E1,direct_full_kd_gold_medium,432,S1-14_12,0
P6-E1,direct_full_kd_gold_medium,433,S1-4_02,0
P6-E1,direct_full_kd_gold_medium,434,BP-2_21,0
P6-E1,direct_full_kd_gold_medium,435,IRO-1_05,0
P6-E1,direct_full_kd_gold_medium,436,S4.MDR-T_14-19,0
P6-E1,direct_full_kd_gold_medium,437,S3-4_13,0
P6-E1,direct_full_kd_gold_medium,438,E5.MDR-T_14-19,0
P6-E1,direct_full_kd_gold_medium,439,S3-4_10,0
P6-E1,direct_full_kd_gold_medium,440,S2-1_04,0
P6-E1,direct_full_kd_gold_medium,441,E2.MDR-A_13-14,0
P6-E1,direct_full_kd_gold_medium,442,S1-17_08,0
P6-E1,direct_full_kd_gold_medium,443,S3.MDR-T_14-19,0
P6-E1,direct_full_kd_gold_medium,444,S4-1_05,0
P6-E1,direct_full_kd_gold_medium,445,MDR-P_07,0
P6-E1,direct_full_kd_gold_medium,446,GOV-1_11,0
P6-E1,direct_full_kd_gold_medium,447,S4-2_09,0
P6-E1,direct_full_kd_gold_medium,448,G1-4_07,0
P6-E1,direct_full_kd_gold_medium,449,E1.MDR-A_13-14,0
P6-E1,direct_full_kd_gold_medium,450,G1-5_11,0
P6-E1,direct_full_kd_gold_medium,451,S3-4_07,0
P6-E1,direct_full_kd_gold_medium,452,S3-1_05,0
P6-E1,direct_full_kd_gold_medium,453,S1-1_06,0
P6-E1,direct_full_kd_gold_medium,454,S1-1_13,0
P6-E1,direct_full_kd_gold_medium,455,S1-3_09,0
P6-E1,direct_full_kd_gold_medium,456,G1.MDR-A_13-14,0
P6-E1,direct_full_kd_gold_medium,457,SBM-1_05,0
P6-E1,direct_full_kd_gold_medium,458,S1-3_11,0
P6-E1,direct_full_kd_gold_medium,459,S3-3_17,0
P6-E1,direct_full_kd_gold_medium,460,S1-1_21,0
P6-E1,direct_full_kd_gold_medium,461,S3-3_18,0
P6-E1,direct_full_kd_gold_medium,462,S1.MDR-A_13-14,0
P6-E1,direct_full_kd_gold_medium,463,S4-3_12,0
P6-E1,direct_full_kd_gold_medium,464,S3-2_06,0
P6-E1,direct_full_kd_gold_medium,465,E3.MDR-A_13-14,0
P6-E1,direct_full_kd_gold_medium,466,S2-3_08,0
P6-E1,direct_full_kd_gold_medium,467,S3-3_15,0
P6-E1,direct_full_kd_gold_medium,468,S1-17_05,0
P6-E1,direct_full_kd_gold_medium,469,S4-4_02,0
P6-E1,direct_full_kd_gold_medium,470,S2-3_06,0
P6-E1,direct_full_kd_gold_medium,471,E2-4_17,0
P6-E1,direct_full_kd_gold_medium,472,E4.MDR-A_13-14,0
P6-E1,direct_full_kd_gold_medium,473,S3-3_10,0
P6-E1,direct_full_kd_gold_medium,474,MDR-A_04,0
P6-E1,direct_full_kd_gold_medium,475,G1-4_02,0
P6-E1,direct_full_kd_gold_medium,476,S3-1_02,0
P6-E1,direct_full_kd_gold_medium,477,S2.MDR-A_13-14,0
P6-E1,direct_full_kd_gold_medium,478,S3-3_14,0
P6-E1,direct_full_kd_gold_medium,479,S3-1_04,0
P6-E1,direct_full_kd_gold_medium,480,S2-3_12,0
P6-E1,direct_full_kd_gold_medium,481,S4-3_06,0
P6-E1,direct_full_kd_gold_medium,482,S1-2_14,0
P6-E1,direct_full_kd_gold_medium,483,S1-1_10,0
P6-E1,direct_full_kd_gold_medium,484,S2-1_05,0
P6-E1,direct_full_kd_gold_medium,485,E5.MDR-A_13-14,0
P6-E1,direct_full_kd_gold_medium,486,MDR-A_01,0
P6-E1,direct_full_kd_gold_medium,487,G1-4_08,0
P6-E1,direct_full_kd_gold_medium,488,S1-17_13,0
P6-E1,direct_full_kd_gold_medium,489,E4-5_07,0
P6-E1,direct_full_kd_gold_medium,490,S3-3_11,0
P6-E1,direct_full_kd_gold_medium,491,S1-1_22,0
P6-E1,direct_full_kd_gold_medium,492,S3-2_09,0
P6-E1,direct_full_kd_gold_medium,493,S4.MDR-A_13-14,0
P6-E1,direct_full_kd_gold_medium,494,E4-5_14,0
P6-E1,direct_full_kd_gold_medium,495,S2-2_02,0
P6-E1,direct_full_kd_gold_medium,496,S3.MDR-A_13-14,0
P6-E1,direct_full_kd_gold_medium,497,S1-8_08,0
P6-E1,direct_full_kd_gold_medium,498,S1-1_08,0
P6-E1,direct_full_kd_gold_medium,499,S2-3_11,0
P6-E1,direct_full_kd_gold_medium,500,S4-4_11,0
P6-E1,direct_full_kd_gold_medium,501,S3-2_08,0
P6-E1,direct_full_kd_gold_medium,502,S2-3_07,0
P6-E1,direct_full_kd_gold_medium,503,S3-3_16,0
P6-E1,direct_full_kd_gold_medium,504,S4-3_11,0
P6-E1,direct_full_kd_gold_medium,505,G1-4_01,0
P6-E1,direct_full_kd_gold_medium,506,S1-2_10,0
P6-E1,direct_full_kd_gold_medium,507,SBM-1_17,0
P6-E1,direct_full_kd_gold_medium,508,S1-3_10,0
P6-E1,direct_full_kd_gold_medium,509,G1-4_05,0
P6-E1,direct_full_kd_gold_medium,510,S3-3_20,0
P6-E1,direct_full_kd_gold_medium,511,S3-2_02,0
P6-E1,direct_full_kd_gold_medium,512,S2-4_11,0
P6-E1,direct_full_kd_gold_medium,513,MDR-T_21,0
P6-E1,direct_full_kd_gold_medium,514,S3-3_21,0
P6-E1,direct_full_kd_gold_medium,515,G1-3_04,0
P6-E1,direct_full_kd_gold_medium,516,S3-4_11,0
P6-E1,direct_full_kd_gold_medium,517,MDR-A_13,0
