brsr_id,brsr_text,brsr_match_type,brsr_mapping_semantics,gri_code_from_brsr,gri_standard,gri_disclosure,gri_granularity,esrs_datapoint_id,esrs_sheet,esrs_topic_code,esrs_dr,esrs_paragraph,esrs_name,esrs_data_type,gri_esrs_source,interop_mapping_type,interop_esrs_requirement,mapping_chain,mapping_confidence,gri_parent_disclosure,esrs_expansion_count,expansion_class,precision_class,precision_reason,candidate_status
A13,"Reporting boundary - Are the disclosures under this report made on a standalone basis (i.e. only for the entity) or on a consolidated basis (i.e. for the entity and all the entities which form a part of its consolidated financial statements, taken together).",direct,direct,2-2-A,GRI 2,2-2,requirement,BP-1_01,ESRS 2,ESRS 2,BP-1,5 a,Basis for preparation of sustainability statement,semi-narrative,GRI-EFRAG-Nov2024-datapoint-mapping,direct,ESRS 1 5.1; ESRS 2 BP-1 §5 (a) and (b) i,BRSR -> GRI -> ESRS,transitive_official,2-2,2,small_expansion,review,small_expansion_exact_gri_requirement,candidate
A13,"Reporting boundary - Are the disclosures under this report made on a standalone basis (i.e. only for the entity) or on a consolidated basis (i.e. for the entity and all the entities which form a part of its consolidated financial statements, taken together).",direct,direct,2-2-A,GRI 2,2-2,requirement,BP-1_02,ESRS 2,ESRS 2,BP-1,5 b i,Scope of consolidation of consolidated sustainability statement is same as for financial statements,narrative,GRI-EFRAG-Nov2024-datapoint-mapping,direct,ESRS 1 5.1; ESRS 2 BP-1 §5 (a) and (b) i,BRSR -> GRI -> ESRS,transitive_official,2-2,2,small_expansion,review,small_expansion_exact_gri_requirement,candidate
A13,"Reporting boundary - Are the disclosures under this report made on a standalone basis (i.e. only for the entity) or on a consolidated basis (i.e. for the entity and all the entities which form a part of its consolidated financial statements, taken together).",direct,direct,2-2-C,GRI 2,2-2,requirement,BP-1_01,ESRS 2,ESRS 2,BP-1,5 a,Basis for preparation of sustainability statement,semi-narrative,GRI-EFRAG-Nov2024-datapoint-mapping,direct,ESRS 1 5.1; ESRS 2 BP-1 §5 (a) and (b) i,BRSR -> GRI -> ESRS,transitive_official,2-2,2,small_expansion,review,small_expansion_exact_gri_requirement,candidate
A13,"Reporting boundary - Are the disclosures under this report made on a standalone basis (i.e. only for the entity) or on a consolidated basis (i.e. for the entity and all the entities which form a part of its consolidated financial statements, taken together).",direct,direct,2-2-C,GRI 2,2-2,requirement,BP-1_02,ESRS 2,ESRS 2,BP-1,5 b i,Scope of consolidation of consolidated sustainability statement is same as for financial statements,narrative,GRI-EFRAG-Nov2024-datapoint-mapping,direct,ESRS 1 5.1; ESRS 2 BP-1 §5 (a) and (b) i,BRSR -> GRI -> ESRS,transitive_official,2-2,2,small_expansion,review,small_expansion_exact_gri_requirement,candidate
A13,"Reporting boundary - Are the disclosures under this report made on a standalone basis (i.e. only for the entity) or on a consolidated basis (i.e. for the entity and all the entities which form a part of its consolidated financial statements, taken together).",direct,direct,2-2,GRI 2,2-2,disclosure,BP-1_01,ESRS 2,ESRS 2,BP-1,5 a,Basis for preparation of sustainability statement,semi-narrative,GRI-EFRAG-Nov2024-datapoint-mapping,direct,ESRS 1 5.1; ESRS 2 BP-1 §5 (a) and (b) i,BRSR -> GRI -> ESRS,transitive_official,2-2,2,small_expansion,review,small_expansion_disclosure_level,candidate
A13,"Reporting boundary - Are the disclosures under this report made on a standalone basis (i.e. only for the entity) or on a consolidated basis (i.e. for the entity and all the entities which form a part of its consolidated financial statements, taken together).",direct,direct,2-2,GRI 2,2-2,disclosure,BP-1_02,ESRS 2,ESRS 2,BP-1,5 b i,Scope of consolidation of consolidated sustainability statement is same as for financial statements,narrative,GRI-EFRAG-Nov2024-datapoint-mapping,direct,ESRS 1 5.1; ESRS 2 BP-1 §5 (a) and (b) i,BRSR -> GRI -> ESRS,transitive_official,2-2,2,small_expansion,review,small_expansion_disclosure_level,candidate
A20,Turnover rate for permanent employees and workers (Disclose trends for the past 3 years),direct,direct,401-1-B,GRI 401,401-1,requirement,S1-6_11,ESRS S1,S1,S1-6,50 c,Number of employee who have left undertaking,Decimal,GRI-EFRAG-Nov2024-datapoint-mapping,partial_requirement,ESRS S1 S1-6 §50 (c),BRSR -> GRI -> ESRS,transitive_official,401-1,2,small_expansion,review,small_expansion_partial_requirement,candidate
A20,Turnover rate for permanent employees and workers (Disclose trends for the past 3 years),direct,direct,401-1-B,GRI 401,401-1,requirement,S1-6_12,ESRS S1,S1,S1-6,50 c,Percentage of employee turnover,Percent,GRI-EFRAG-Nov2024-datapoint-mapping,partial_requirement,ESRS S1 S1-6 §50 (c),BRSR -> GRI -> ESRS,transitive_official,401-1,2,small_expansion,review,small_expansion_partial_requirement,candidate
A20,Turnover rate for permanent employees and workers (Disclose trends for the past 3 years),direct,direct,401-1,GRI 401,401-1,disclosure,S1-6_11,ESRS S1,S1,S1-6,50 c,Number of employee who have left undertaking,Decimal,GRI-EFRAG-Nov2024-datapoint-mapping,partial_requirement,ESRS S1 S1-6 §50 (c),BRSR -> GRI -> ESRS,transitive_official,401-1,2,small_expansion,review,small_expansion_partial_requirement,candidate
A20,Turnover rate for permanent employees and workers (Disclose trends for the past 3 years),direct,direct,401-1,GRI 401,401-1,disclosure,S1-6_12,ESRS S1,S1,S1-6,50 c,Percentage of employee turnover,Percent,GRI-EFRAG-Nov2024-datapoint-mapping,partial_requirement,ESRS S1 S1-6 §50 (c),BRSR -> GRI -> ESRS,transitive_official,401-1,2,small_expansion,review,small_expansion_partial_requirement,candidate
A21,"(a) Names of holding / subsidiary / associate companies / joint ventures A Name of the holding / subsidiary / associate companies / joint ventures (A) B Indicate whether holding/ subsidiary/ associate/ joint venture C % of shares held by listed entity D Does the entity indicated at A, participate in the Business Responsibility initiatives of the listed entity? (Yes/No)",direct,direct,2-2-A,GRI 2,2-2,requirement,BP-1_01,ESRS 2,ESRS 2,BP-1,5 a,Basis for preparation of sustainability statement,semi-narrative,GRI-EFRAG-Nov2024-datapoint-mapping,direct,ESRS 1 5.1; ESRS 2 BP-1 §5 (a) and (b) i,BRSR -> GRI -> ESRS,transitive_official,2-2,2,small_expansion,review,small_expansion_exact_gri_requirement,candidate
A21,"(a) Names of holding / subsidiary / associate companies / joint ventures A Name of the holding / subsidiary / associate companies / joint ventures (A) B Indicate whether holding/ subsidiary/ associate/ joint venture C % of shares held by listed entity D Does the entity indicated at A, participate in the Business Responsibility initiatives of the listed entity? (Yes/No)",direct,direct,2-2-A,GRI 2,2-2,requirement,BP-1_02,ESRS 2,ESRS 2,BP-1,5 b i,Scope of consolidation of consolidated sustainability statement is same as for financial statements,narrative,GRI-EFRAG-Nov2024-datapoint-mapping,direct,ESRS 1 5.1; ESRS 2 BP-1 §5 (a) and (b) i,BRSR -> GRI -> ESRS,transitive_official,2-2,2,small_expansion,review,small_expansion_exact_gri_requirement,candidate
A21,"(a) Names of holding / subsidiary / associate companies / joint ventures A Name of the holding / subsidiary / associate companies / joint ventures (A) B Indicate whether holding/ subsidiary/ associate/ joint venture C % of shares held by listed entity D Does the entity indicated at A, participate in the Business Responsibility initiatives of the listed entity? (Yes/No)",direct,direct,2-2-B,GRI 2,2-2,requirement,BP-1_01,ESRS 2,ESRS 2,BP-1,5 a,Basis for preparation of sustainability statement,semi-narrative,GRI-EFRAG-Nov2024-datapoint-mapping,direct,ESRS 1 5.1; ESRS 2 BP-1 §5 (a) and (b) i,BRSR -> GRI -> ESRS,transitive_official,2-2,2,small_expansion,review,small_expansion_exact_gri_requirement,candidate
A21,"(a) Names of holding / subsidiary / associate companies / joint ventures A Name of the holding / subsidiary / associate companies / joint ventures (A) B Indicate whether holding/ subsidiary/ associate/ joint venture C % of shares held by listed entity D Does the entity indicated at A, participate in the Business Responsibility initiatives of the listed entity? (Yes/No)",direct,direct,2-2-B,GRI 2,2-2,requirement,BP-1_02,ESRS 2,ESRS 2,BP-1,5 b i,Scope of consolidation of consolidated sustainability statement is same as for financial statements,narrative,GRI-EFRAG-Nov2024-datapoint-mapping,direct,ESRS 1 5.1; ESRS 2 BP-1 §5 (a) and (b) i,BRSR -> GRI -> ESRS,transitive_official,2-2,2,small_expansion,review,small_expansion_exact_gri_requirement,candidate
A21,"(a) Names of holding / subsidiary / associate companies / joint ventures A Name of the holding / subsidiary / associate companies / joint ventures (A) B Indicate whether holding/ subsidiary/ associate/ joint venture C % of shares held by listed entity D Does the entity indicated at A, participate in the Business Responsibility initiatives of the listed entity? (Yes/No)",direct,direct,2-2,GRI 2,2-2,disclosure,BP-1_01,ESRS 2,ESRS 2,BP-1,5 a,Basis for preparation of sustainability statement,semi-narrative,GRI-EFRAG-Nov2024-datapoint-mapping,direct,ESRS 1 5.1; ESRS 2 BP-1 §5 (a) and (b) i,BRSR -> GRI -> ESRS,transitive_official,2-2,2,small_expansion,review,small_expansion_disclosure_level,candidate
A21,"(a) Names of holding / subsidiary / associate companies / joint ventures A Name of the holding / subsidiary / associate companies / joint ventures (A) B Indicate whether holding/ subsidiary/ associate/ joint venture C % of shares held by listed entity D Does the entity indicated at A, participate in the Business Responsibility initiatives of the listed entity? (Yes/No)",direct,direct,2-2,GRI 2,2-2,disclosure,BP-1_02,ESRS 2,ESRS 2,BP-1,5 b i,Scope of consolidation of consolidated sustainability statement is same as for financial statements,narrative,GRI-EFRAG-Nov2024-datapoint-mapping,direct,ESRS 1 5.1; ESRS 2 BP-1 §5 (a) and (b) i,BRSR -> GRI -> ESRS,transitive_official,2-2,2,small_expansion,review,small_expansion_disclosure_level,candidate
A22,"(i) Whether CSR is applicable as per section 135 of Companies Act, 2013: (Yes/No) (ii) Turnover (in Rs.) (iii) Net worth (in Rs.)",direct,direct,201-1-A-I-II,GRI 201,201-1,requirement,SBM-1_06,ESRS 2,ESRS 2,SBM-1,40 b,Total revenue,Monetary,GRI-EFRAG-Nov2024-datapoint-mapping,partial_requirement,ESRS 2 SBM-1 §40 (b),BRSR -> GRI -> ESRS,transitive_official,201-1,1,one_to_one,review,one_to_one_partial_requirement,candidate
A22,"(i) Whether CSR is applicable as per section 135 of Companies Act, 2013: (Yes/No) (ii) Turnover (in Rs.) (iii) Net worth (in Rs.)",direct,direct,201-1,GRI 201,201-1,disclosure,SBM-1_06,ESRS 2,ESRS 2,SBM-1,40 b,Total revenue,Monetary,GRI-EFRAG-Nov2024-datapoint-mapping,partial_requirement,ESRS 2 SBM-1 §40 (b),BRSR -> GRI -> ESRS,transitive_official,201-1,1,one_to_one,review,one_to_one_partial_requirement,candidate
B7,"Statement by Director responsible for the business responsibility report, highlighting ESG related challenges, targets and achievements (listed entity has flexibility regarding the placement of this disclosure)",direct,direct,2-22-A,GRI 2,2-22,requirement,BP-2_23,ESRS 2,ESRS 2,BP-2,17 a,Disclosure of how business model and strategy take account of impacts related to sustainability matters assessed to be material (phase-in),narrative,GRI-EFRAG-Nov2024-datapoint-mapping,direct,ESRS 2 SBM-1 §40 (g),BRSR -> GRI -> ESRS,transitive_official,2-22,2,small_expansion,review,small_expansion_exact_gri_requirement,candidate
B7,"Statement by Director responsible for the business responsibility report, highlighting ESG related challenges, targets and achievements (listed entity has flexibility regarding the placement of this disclosure)",direct,direct,2-22-A,GRI 2,2-22,requirement,SBM-1_23,ESRS 2,ESRS 2,SBM-1,40 g,Disclosure of elements of strategy that relate to or impact sustainability matters,narrative,GRI-EFRAG-Nov2024-datapoint-mapping,direct,ESRS 2 SBM-1 §40 (g),BRSR -> GRI -> ESRS,transitive_official,2-22,2,small_expansion,review,small_expansion_exact_gri_requirement,candidate
B7,"Statement by Director responsible for the business responsibility report, highlighting ESG related challenges, targets and achievements (listed entity has flexibility regarding the placement of this disclosure)",direct,direct,2-22,GRI 2,2-22,disclosure,BP-2_23,ESRS 2,ESRS 2,BP-2,17 a,Disclosure of how business model and strategy take account of impacts related to sustainability matters assessed to be material (phase-in),narrative,GRI-EFRAG-Nov2024-datapoint-mapping,direct,ESRS 2 SBM-1 §40 (g),BRSR -> GRI -> ESRS,transitive_official,2-22,2,small_expansion,review,small_expansion_disclosure_level,candidate
B7,"Statement by Director responsible for the business responsibility report, highlighting ESG related challenges, targets and achievements (listed entity has flexibility regarding the placement of this disclosure)",direct,direct,2-22,GRI 2,2-22,disclosure,SBM-1_23,ESRS 2,ESRS 2,SBM-1,40 g,Disclosure of elements of strategy that relate to or impact sustainability matters,narrative,GRI-EFRAG-Nov2024-datapoint-mapping,direct,ESRS 2 SBM-1 §40 (g),BRSR -> GRI -> ESRS,transitive_official,2-22,2,small_expansion,review,small_expansion_disclosure_level,candidate
B8,"Details of the highest authority responsible for implementation and oversight of the Business Responsibility policy (ies). Governance, leadership and oversight",direct,direct,2-13-A-I,GRI 2,2-13,requirement,GOV-1_11,ESRS 2,ESRS 2,GOV-1,22 c i,Description of how oversight is exercised over management-level position or committee to which management's role is delegated to,narrative,GRI-EFRAG-Nov2024-datapoint-mapping,direct,ESRS 2 GOV-1 §22 (c) i and ii; GOV- 2 §26 (a); ESRS G1 G1-3 §18 (c),BRSR -> GRI -> ESRS,transitive_official,2-13,3,small_expansion,review,small_expansion_exact_gri_requirement,candidate
B8,"Details of the highest authority responsible for implementation and oversight of the Business Responsibility policy (ies). Governance, leadership and oversight",direct,direct,2-13-A-I,GRI 2,2-13,requirement,GOV-1_12,ESRS 2,ESRS 2,GOV-1,22 c ii,"Information about reporting lines to administrative, management and supervisory bodies",narrative,GRI-EFRAG-Nov2024-datapoint-mapping,direct,ESRS 2 GOV-1 §22 (c) i and ii; GOV- 2 §26 (a); ESRS G1 G1-3 §18 (c),BRSR -> GRI -> ESRS,transitive_official,2-13,3,small_expansion,review,small_expansion_exact_gri_requirement,candidate
B8,"Details of the highest authority responsible for implementation and oversight of the Business Responsibility policy (ies). Governance, leadership and oversight",direct,direct,2-13-A-I,GRI 2,2-13,requirement,G1-3_03,ESRS G1,G1,G1-3,18 c,"Information about process to report outcomes to administrative, management and supervisory bodies",narrative,GRI-EFRAG-Nov2024-datapoint-mapping,direct,ESRS 2 GOV-1 §22 (c) i and ii; GOV- 2 §26 (a); ESRS G1 G1-3 §18 (c),BRSR -> GRI -> ESRS,transitive_official,2-13,3,small_expansion,review,small_expansion_exact_gri_requirement,candidate
B8,"Details of the highest authority responsible for implementation and oversight of the Business Responsibility policy (ies). Governance, leadership and oversight",direct,direct,2-13,GRI 2,2-13,disclosure,GOV-1_11,ESRS 2,ESRS 2,GOV-1,22 c i,Description of how oversight is exercised over management-level position or committee to which management's role is delegated to,narrative,GRI-EFRAG-Nov2024-datapoint-mapping,direct,ESRS 2 GOV-1 §22 (c) i and ii; GOV- 2 §26 (a); ESRS G1 G1-3 §18 (c),BRSR -> GRI -> ESRS,transitive_official,2-13,3,small_expansion,review,small_expansion_disclosure_level,candidate
B8,"Details of the highest authority responsible for implementation and oversight of the Business Responsibility policy (ies). Governance, leadership and oversight",direct,direct,2-13,GRI 2,2-13,disclosure,GOV-1_12,ESRS 2,ESRS 2,GOV-1,22 c ii,"Information about reporting lines to administrative, management and supervisory bodies",narrative,GRI-EFRAG-Nov2024-datapoint-mapping,direct,ESRS 2 GOV-1 §22 (c) i and ii; GOV- 2 §26 (a); ESRS G1 G1-3 §18 (c),BRSR -> GRI -> ESRS,transitive_official,2-13,3,small_expansion,review,small_expansion_disclosure_level,candidate
B8,"Details of the highest authority responsible for implementation and oversight of the Business Responsibility policy (ies). Governance, leadership and oversight",direct,direct,2-13,GRI 2,2-13,disclosure,G1-3_03,ESRS G1,G1,G1-3,18 c,"Information about process to report outcomes to administrative, management and supervisory bodies",narrative,GRI-EFRAG-Nov2024-datapoint-mapping,direct,ESRS 2 GOV-1 §22 (c) i and ii; GOV- 2 §26 (a); ESRS G1 G1-3 §18 (c),BRSR -> GRI -> ESRS,transitive_official,2-13,3,small_expansion,review,small_expansion_disclosure_level,candidate
P3-E10,"Health and safety management system: a. Whether an occupational health and safety management system has been implemented by the entity? (Yes/ No). If yes, the coverage such system? b. What are the processes used to identify work-related hazards and assess risks on a routine and non- routine basis by the entity? c. Whether you have processes for workers to report the work related hazards and to remove themselves from such risks. (Y/N) d. Do the employees/ worker of the entity have access to non- occupational medical and healthcare services? (Yes/ No)",direct,direct,403-1,GRI 403,403-1,disclosure,S1-1_09,ESRS S1,S1,S1-1,23,Workplace accident prevention policy or management system is in place,semi-narrative,GRI-EFRAG-Nov2024-datapoint-mapping,partial_requirement,ESRS S1 S1-1 §23,BRSR -> GRI -> ESRS,transitive_official,403-1,1,one_to_one,review,one_to_one_partial_requirement,candidate
P3-E10a,,direct,direct,403-1-A,GRI 403,403-1,requirement,S1-1_09,ESRS S1,S1,S1-1,23,Workplace accident prevention policy or management system is in place,semi-narrative,GRI-EFRAG-Nov2024-datapoint-mapping,partial_requirement,ESRS S1 S1-1 §23,BRSR -> GRI -> ESRS,transitive_official,403-1,1,one_to_one,review,one_to_one_partial_requirement,candidate
P3-E10a,,direct,direct,403-1-B,GRI 403,403-1,requirement,S1-1_09,ESRS S1,S1,S1-1,23,Workplace accident prevention policy or management system is in place,semi-narrative,GRI-EFRAG-Nov2024-datapoint-mapping,partial_requirement,ESRS S1 S1-1 §23,BRSR -> GRI -> ESRS,transitive_official,403-1,1,one_to_one,review,one_to_one_partial_requirement,candidate
P3-E11,"Details of safety related incidents, in the following format for employees & workers: Lost Time Injury Frequency Rate (LTIFR) (per one million-person hours worked) Total recordable work-related injuries No. of fatalities Employee High-consequence work-related injury or ill-health (excluding fatalities)",direct,direct,403-10-A,GRI 403,403-10,requirement,S1-14_06,ESRS S1,S1,S1-14,88 d,Number of cases of recordable work-related ill health of employees,Integer,GRI-EFRAG-Nov2024-datapoint-mapping,partial_requirement,"ESRS S1 S1-4, §38 (a); S1-14 §88 (b) and (d); §89; §AR 82",BRSR -> GRI -> ESRS,transitive_official,403-10,3,small_expansion,review,small_expansion_partial_requirement,candidate
P3-E11,"Details of safety related incidents, in the following format for employees & workers: Lost Time Injury Frequency Rate (LTIFR) (per one million-person hours worked) Total recordable work-related injuries No. of fatalities Employee High-consequence work-related injury or ill-health (excluding fatalities)",direct,direct,403-10-A,GRI 403,403-10,requirement,S1-14_08,ESRS S1,S1,S1-14,89,Number of cases of recordable work-related ill health of non-employees,Integer,GRI-EFRAG-Nov2024-datapoint-mapping,partial_requirement,"ESRS S1 S1-4, §38 (a); S1-14 §88 (b) and (d); §89; §AR 82",BRSR -> GRI -> ESRS,transitive_official,403-10,3,small_expansion,review,small_expansion_partial_requirement,candidate
P3-E11,"Details of safety related incidents, in the following format for employees & workers: Lost Time Injury Frequency Rate (LTIFR) (per one million-person hours worked) Total recordable work-related injuries No. of fatalities Employee High-consequence work-related injury or ill-health (excluding fatalities)",direct,direct,403-10-A,GRI 403,403-10,requirement,S1-14_12,ESRS S1,S1,S1-14,AR 94,Number of cases of recordable work-related ill health detected among former own workforce,Integer,GRI-EFRAG-Nov2024-datapoint-mapping,partial_requirement,"ESRS S1 S1-4, §38 (a); S1-14 §88 (b) and (d); §89; §AR 82",BRSR -> GRI -> ESRS,transitive_official,403-10,3,small_expansion,review,small_expansion_partial_requirement,candidate
P3-E11,"Details of safety related incidents, in the following format for employees & workers: Lost Time Injury Frequency Rate (LTIFR) (per one million-person hours worked) Total recordable work-related injuries No. of fatalities Employee High-consequence work-related injury or ill-health (excluding fatalities)",direct,direct,403-10-B-II,GRI 403,403-10,requirement,S1-14_06,ESRS S1,S1,S1-14,88 d,Number of cases of recordable work-related ill health of employees,Integer,GRI-EFRAG-Nov2024-datapoint-mapping,partial_requirement,"ESRS S1 S1-4, §38 (a); S1-14 §88 (b) and (d); §89; §AR 82",BRSR -> GRI -> ESRS,transitive_official,403-10,3,small_expansion,review,small_expansion_partial_requirement,candidate
P3-E11,"Details of safety related incidents, in the following format for employees & workers: Lost Time Injury Frequency Rate (LTIFR) (per one million-person hours worked) Total recordable work-related injuries No. of fatalities Employee High-consequence work-related injury or ill-health (excluding fatalities)",direct,direct,403-10-B-II,GRI 403,403-10,requirement,S1-14_08,ESRS S1,S1,S1-14,89,Number of cases of recordable work-related ill health of non-employees,Integer,GRI-EFRAG-Nov2024-datapoint-mapping,partial_requirement,"ESRS S1 S1-4, §38 (a); S1-14 §88 (b) and (d); §89; §AR 82",BRSR -> GRI -> ESRS,transitive_official,403-10,3,small_expansion,review,small_expansion_partial_requirement,candidate
P3-E11,"Details of safety related incidents, in the following format for employees & workers: Lost Time Injury Frequency Rate (LTIFR) (per one million-person hours worked) Total recordable work-related injuries No. of fatalities Employee High-consequence work-related injury or ill-health (excluding fatalities)",direct,direct,403-10-B-II,GRI 403,403-10,requirement,S1-14_12,ESRS S1,S1,S1-14,AR 94,Number of cases of recordable work-related ill health detected among former own workforce,Integer,GRI-EFRAG-Nov2024-datapoint-mapping,partial_requirement,"ESRS S1 S1-4, §38 (a); S1-14 §88 (b) and (d); §89; §AR 82",BRSR -> GRI -> ESRS,transitive_official,403-10,3,small_expansion,review,small_expansion_partial_requirement,candidate
P3-E11,"Details of safety related incidents, in the following format for employees & workers: Lost Time Injury Frequency Rate (LTIFR) (per one million-person hours worked) Total recordable work-related injuries No. of fatalities Employee High-consequence work-related injury or ill-health (excluding fatalities)",direct,direct,403-10,GRI 403,403-10,disclosure,S1-14_06,ESRS S1,S1,S1-14,88 d,Number of cases of recordable work-related ill health of employees,Integer,GRI-EFRAG-Nov2024-datapoint-mapping,partial_requirement,"ESRS S1 S1-4, §38 (a); S1-14 §88 (b) and (d); §89; §AR 82",BRSR -> GRI -> ESRS,transitive_official,403-10,3,small_expansion,review,small_expansion_partial_requirement,candidate
P3-E11,"Details of safety related incidents, in the following format for employees & workers: Lost Time Injury Frequency Rate (LTIFR) (per one million-person hours worked) Total recordable work-related injuries No. of fatalities Employee High-consequence work-related injury or ill-health (excluding fatalities)",direct,direct,403-10,GRI 403,403-10,disclosure,S1-14_08,ESRS S1,S1,S1-14,89,Number of cases of recordable work-related ill health of non-employees,Integer,GRI-EFRAG-Nov2024-datapoint-mapping,partial_requirement,"ESRS S1 S1-4, §38 (a); S1-14 §88 (b) and (d); §89; §AR 82",BRSR -> GRI -> ESRS,transitive_official,403-10,3,small_expansion,review,small_expansion_partial_requirement,candidate
P3-E11,"Details of safety related incidents, in the following format for employees & workers: Lost Time Injury Frequency Rate (LTIFR) (per one million-person hours worked) Total recordable work-related injuries No. of fatalities Employee High-consequence work-related injury or ill-health (excluding fatalities)",direct,direct,403-10,GRI 403,403-10,disclosure,S1-14_12,ESRS S1,S1,S1-14,AR 94,Number of cases of recordable work-related ill health detected among former own workforce,Integer,GRI-EFRAG-Nov2024-datapoint-mapping,partial_requirement,"ESRS S1 S1-4, §38 (a); S1-14 §88 (b) and (d); §89; §AR 82",BRSR -> GRI -> ESRS,transitive_official,403-10,3,small_expansion,review,small_expansion_partial_requirement,candidate
P3-E12,Describe the measures taken by the entity to ensure a safe and healthy work place. Describe the measures taken by the entity to ensure a safe and healthy work place.,direct,direct,403-10-C-III,GRI 403,403-10,requirement,S1-14_06,ESRS S1,S1,S1-14,88 d,Number of cases of recordable work-related ill health of employees,Integer,GRI-EFRAG-Nov2024-datapoint-mapping,partial_requirement,"ESRS S1 S1-4, §38 (a); S1-14 §88 (b) and (d); §89; §AR 82",BRSR -> GRI -> ESRS,transitive_official,403-10,3,small_expansion,review,small_expansion_partial_requirement,candidate
P3-E12,Describe the measures taken by the entity to ensure a safe and healthy work place. Describe the measures taken by the entity to ensure a safe and healthy work place.,direct,direct,403-10-C-III,GRI 403,403-10,requirement,S1-14_08,ESRS S1,S1,S1-14,89,Number of cases of recordable work-related ill health of non-employees,Integer,GRI-EFRAG-Nov2024-datapoint-mapping,partial_requirement,"ESRS S1 S1-4, §38 (a); S1-14 §88 (b) and (d); §89; §AR 82",BRSR -> GRI -> ESRS,transitive_official,403-10,3,small_expansion,review,small_expansion_partial_requirement,candidate
P3-E12,Describe the measures taken by the entity to ensure a safe and healthy work place. Describe the measures taken by the entity to ensure a safe and healthy work place.,direct,direct,403-10-C-III,GRI 403,403-10,requirement,S1-14_12,ESRS S1,S1,S1-14,AR 94,Number of cases of recordable work-related ill health detected among former own workforce,Integer,GRI-EFRAG-Nov2024-datapoint-mapping,partial_requirement,"ESRS S1 S1-4, §38 (a); S1-14 §88 (b) and (d); §89; §AR 82",BRSR -> GRI -> ESRS,transitive_official,403-10,3,small_expansion,review,small_expansion_partial_requirement,candidate
P3-E12,Describe the measures taken by the entity to ensure a safe and healthy work place. Describe the measures taken by the entity to ensure a safe and healthy work place.,direct,direct,403-10,GRI 403,403-10,disclosure,S1-14_06,ESRS S1,S1,S1-14,88 d,Number of cases of recordable work-related ill health of employees,Integer,GRI-EFRAG-Nov2024-datapoint-mapping,partial_requirement,"ESRS S1 S1-4, §38 (a); S1-14 §88 (b) and (d); §89; §AR 82",BRSR -> GRI -> ESRS,transitive_official,403-10,3,small_expansion,review,small_expansion_partial_requirement,candidate
P3-E12,Describe the measures taken by the entity to ensure a safe and healthy work place. Describe the measures taken by the entity to ensure a safe and healthy work place.,direct,direct,403-10,GRI 403,403-10,disclosure,S1-14_08,ESRS S1,S1,S1-14,89,Number of cases of recordable work-related ill health of non-employees,Integer,GRI-EFRAG-Nov2024-datapoint-mapping,partial_requirement,"ESRS S1 S1-4, §38 (a); S1-14 §88 (b) and (d); §89; §AR 82",BRSR -> GRI -> ESRS,transitive_official,403-10,3,small_expansion,review,small_expansion_partial_requirement,candidate
P3-E12,Describe the measures taken by the entity to ensure a safe and healthy work place. Describe the measures taken by the entity to ensure a safe and healthy work place.,direct,direct,403-10,GRI 403,403-10,disclosure,S1-14_12,ESRS S1,S1,S1-14,AR 94,Number of cases of recordable work-related ill health detected among former own workforce,Integer,GRI-EFRAG-Nov2024-datapoint-mapping,partial_requirement,"ESRS S1 S1-4, §38 (a); S1-14 §88 (b) and (d); §89; §AR 82",BRSR -> GRI -> ESRS,transitive_official,403-10,3,small_expansion,review,small_expansion_partial_requirement,candidate
P3-E15,Provide details of any corrective action taken or underway to address safety-related incidents (if any) and on significant risks / concerns arising from assessments of health & safety practices and working conditions. Provide details of any corrective action taken or underway to address safety-related incidents (if any) and on significant risks / concerns arising from assessments of health & safety practices and working conditions.,direct,direct,403-10-C-II-III,GRI 403,403-10,requirement,S1-14_06,ESRS S1,S1,S1-14,88 d,Number of cases of recordable work-related ill health of employees,Integer,GRI-EFRAG-Nov2024-datapoint-mapping,partial_requirement,"ESRS S1 S1-4, §38 (a); S1-14 §88 (b) and (d); §89; §AR 82",BRSR -> GRI -> ESRS,transitive_official,403-10,3,small_expansion,review,small_expansion_partial_requirement,candidate
P3-E15,Provide details of any corrective action taken or underway to address safety-related incidents (if any) and on significant risks / concerns arising from assessments of health & safety practices and working conditions. Provide details of any corrective action taken or underway to address safety-related incidents (if any) and on significant risks / concerns arising from assessments of health & safety practices and working conditions.,direct,direct,403-10-C-II-III,GRI 403,403-10,requirement,S1-14_08,ESRS S1,S1,S1-14,89,Number of cases of recordable work-related ill health of non-employees,Integer,GRI-EFRAG-Nov2024-datapoint-mapping,partial_requirement,"ESRS S1 S1-4, §38 (a); S1-14 §88 (b) and (d); §89; §AR 82",BRSR -> GRI -> ESRS,transitive_official,403-10,3,small_expansion,review,small_expansion_partial_requirement,candidate
P3-E15,Provide details of any corrective action taken or underway to address safety-related incidents (if any) and on significant risks / concerns arising from assessments of health & safety practices and working conditions. Provide details of any corrective action taken or underway to address safety-related incidents (if any) and on significant risks / concerns arising from assessments of health & safety practices and working conditions.,direct,direct,403-10-C-II-III,GRI 403,403-10,requirement,S1-14_12,ESRS S1,S1,S1-14,AR 94,Number of cases of recordable work-related ill health detected among former own workforce,Integer,GRI-EFRAG-Nov2024-datapoint-mapping,partial_requirement,"ESRS S1 S1-4, §38 (a); S1-14 §88 (b) and (d); §89; §AR 82",BRSR -> GRI -> ESRS,transitive_official,403-10,3,small_expansion,review,small_expansion_partial_requirement,candidate
P3-E15,Provide details of any corrective action taken or underway to address safety-related incidents (if any) and on significant risks / concerns arising from assessments of health & safety practices and working conditions. Provide details of any corrective action taken or underway to address safety-related incidents (if any) and on significant risks / concerns arising from assessments of health & safety practices and working conditions.,direct,direct,403-10,GRI 403,403-10,disclosure,S1-14_06,ESRS S1,S1,S1-14,88 d,Number of cases of recordable work-related ill health of employees,Integer,GRI-EFRAG-Nov2024-datapoint-mapping,partial_requirement,"ESRS S1 S1-4, §38 (a); S1-14 §88 (b) and (d); §89; §AR 82",BRSR -> GRI -> ESRS,transitive_official,403-10,3,small_expansion,review,small_expansion_partial_requirement,candidate
P3-E15,Provide details of any corrective action taken or underway to address safety-related incidents (if any) and on significant risks / concerns arising from assessments of health & safety practices and working conditions. Provide details of any corrective action taken or underway to address safety-related incidents (if any) and on significant risks / concerns arising from assessments of health & safety practices and working conditions.,direct,direct,403-10,GRI 403,403-10,disclosure,S1-14_08,ESRS S1,S1,S1-14,89,Number of cases of recordable work-related ill health of non-employees,Integer,GRI-EFRAG-Nov2024-datapoint-mapping,partial_requirement,"ESRS S1 S1-4, §38 (a); S1-14 §88 (b) and (d); §89; §AR 82",BRSR -> GRI -> ESRS,transitive_official,403-10,3,small_expansion,review,small_expansion_partial_requirement,candidate
P3-E15,Provide details of any corrective action taken or underway to address safety-related incidents (if any) and on significant risks / concerns arising from assessments of health & safety practices and working conditions. Provide details of any corrective action taken or underway to address safety-related incidents (if any) and on significant risks / concerns arising from assessments of health & safety practices and working conditions.,direct,direct,403-10,GRI 403,403-10,disclosure,S1-14_12,ESRS S1,S1,S1-14,AR 94,Number of cases of recordable work-related ill health detected among former own workforce,Integer,GRI-EFRAG-Nov2024-datapoint-mapping,partial_requirement,"ESRS S1 S1-4, §38 (a); S1-14 §88 (b) and (d); §89; §AR 82",BRSR -> GRI -> ESRS,transitive_official,403-10,3,small_expansion,review,small_expansion_partial_requirement,candidate
P3-E5,Return to work and retention rates of permanent employees and workers that took parental leave. Gender-wise: Return to work rate Retention rate For both permanent employees and workers,direct,direct,401-3-A,GRI 401,401-3,requirement,S1-15_01,ESRS S1,S1,S1-15,93 a,Percentage of employees entitled to take family-related leave,Percent,GRI-EFRAG-Nov2024-datapoint-mapping,partial_requirement,ESRS S1 S1-15 §93,BRSR -> GRI -> ESRS,transitive_official,401-3,3,small_expansion,review,small_expansion_partial_requirement,candidate
P3-E5,Return to work and retention rates of permanent employees and workers that took parental leave. Gender-wise: Return to work rate Retention rate For both permanent employees and workers,direct,direct,401-3-A,GRI 401,401-3,requirement,S1-15_02,ESRS S1,S1,S1-15,93 b,Percentage of entitled employees that took family-related leave,Percent,GRI-EFRAG-Nov2024-datapoint-mapping,partial_requirement,ESRS S1 S1-15 §93,BRSR -> GRI -> ESRS,transitive_official,401-3,3,small_expansion,review,small_expansion_partial_requirement,candidate
P3-E5,Return to work and retention rates of permanent employees and workers that took parental leave. Gender-wise: Return to work rate Retention rate For both permanent employees and workers,direct,direct,401-3-A,GRI 401,401-3,requirement,S1-15_03,ESRS S1,S1,S1-15,93 b,Percentage of entitled employees that took family-related leave by gender [table],Table/numerical,GRI-EFRAG-Nov2024-datapoint-mapping,partial_requirement,ESRS S1 S1-15 §93,BRSR -> GRI -> ESRS,transitive_official,401-3,3,small_expansion,review,small_expansion_partial_requirement,candidate
P3-E5,Return to work and retention rates of permanent employees and workers that took parental leave. Gender-wise: Return to work rate Retention rate For both permanent employees and workers,direct,direct,401-3-B,GRI 401,401-3,requirement,S1-15_01,ESRS S1,S1,S1-15,93 a,Percentage of employees entitled to take family-related leave,Percent,GRI-EFRAG-Nov2024-datapoint-mapping,partial_requirement,ESRS S1 S1-15 §93,BRSR -> GRI -> ESRS,transitive_official,401-3,3,small_expansion,review,small_expansion_partial_requirement,candidate
P3-E5,Return to work and retention rates of permanent employees and workers that took parental leave. Gender-wise: Return to work rate Retention rate For both permanent employees and workers,direct,direct,401-3-B,GRI 401,401-3,requirement,S1-15_02,ESRS S1,S1,S1-15,93 b,Percentage of entitled employees that took family-related leave,Percent,GRI-EFRAG-Nov2024-datapoint-mapping,partial_requirement,ESRS S1 S1-15 §93,BRSR -> GRI -> ESRS,transitive_official,401-3,3,small_expansion,review,small_expansion_partial_requirement,candidate
P3-E5,Return to work and retention rates of permanent employees and workers that took parental leave. Gender-wise: Return to work rate Retention rate For both permanent employees and workers,direct,direct,401-3-B,GRI 401,401-3,requirement,S1-15_03,ESRS S1,S1,S1-15,93 b,Percentage of entitled employees that took family-related leave by gender [table],Table/numerical,GRI-EFRAG-Nov2024-datapoint-mapping,partial_requirement,ESRS S1 S1-15 §93,BRSR -> GRI -> ESRS,transitive_official,401-3,3,small_expansion,review,small_expansion_partial_requirement,candidate
P3-E5,Return to work and retention rates of permanent employees and workers that took parental leave. Gender-wise: Return to work rate Retention rate For both permanent employees and workers,direct,direct,401-3-C,GRI 401,401-3,requirement,S1-15_01,ESRS S1,S1,S1-15,93 a,Percentage of employees entitled to take family-related leave,Percent,GRI-EFRAG-Nov2024-datapoint-mapping,partial_requirement,ESRS S1 S1-15 §93,BRSR -> GRI -> ESRS,transitive_official,401-3,3,small_expansion,review,small_expansion_partial_requirement,candidate
P3-E5,Return to work and retention rates of permanent employees and workers that took parental leave. Gender-wise: Return to work rate Retention rate For both permanent employees and workers,direct,direct,401-3-C,GRI 401,401-3,requirement,S1-15_02,ESRS S1,S1,S1-15,93 b,Percentage of entitled employees that took family-related leave,Percent,GRI-EFRAG-Nov2024-datapoint-mapping,partial_requirement,ESRS S1 S1-15 §93,BRSR -> GRI -> ESRS,transitive_official,401-3,3,small_expansion,review,small_expansion_partial_requirement,candidate
P3-E5,Return to work and retention rates of permanent employees and workers that took parental leave. Gender-wise: Return to work rate Retention rate For both permanent employees and workers,direct,direct,401-3-C,GRI 401,401-3,requirement,S1-15_03,ESRS S1,S1,S1-15,93 b,Percentage of entitled employees that took family-related leave by gender [table],Table/numerical,GRI-EFRAG-Nov2024-datapoint-mapping,partial_requirement,ESRS S1 S1-15 §93,BRSR -> GRI -> ESRS,transitive_official,401-3,3,small_expansion,review,small_expansion_partial_requirement,candidate
P3-E5,Return to work and retention rates of permanent employees and workers that took parental leave. Gender-wise: Return to work rate Retention rate For both permanent employees and workers,direct,direct,401-3-D,GRI 401,401-3,requirement,S1-15_01,ESRS S1,S1,S1-15,93 a,Percentage of employees entitled to take family-related leave,Percent,GRI-EFRAG-Nov2024-datapoint-mapping,partial_requirement,ESRS S1 S1-15 §93,BRSR -> GRI -> ESRS,transitive_official,401-3,3,small_expansion,review,small_expansion_partial_requirement,candidate
P3-E5,Return to work and retention rates of permanent employees and workers that took parental leave. Gender-wise: Return to work rate Retention rate For both permanent employees and workers,direct,direct,401-3-D,GRI 401,401-3,requirement,S1-15_02,ESRS S1,S1,S1-15,93 b,Percentage of entitled employees that took family-related leave,Percent,GRI-EFRAG-Nov2024-datapoint-mapping,partial_requirement,ESRS S1 S1-15 §93,BRSR -> GRI -> ESRS,transitive_official,401-3,3,small_expansion,review,small_expansion_partial_requirement,candidate
P3-E5,Return to work and retention rates of permanent employees and workers that took parental leave. Gender-wise: Return to work rate Retention rate For both permanent employees and workers,direct,direct,401-3-D,GRI 401,401-3,requirement,S1-15_03,ESRS S1,S1,S1-15,93 b,Percentage of entitled employees that took family-related leave by gender [table],Table/numerical,GRI-EFRAG-Nov2024-datapoint-mapping,partial_requirement,ESRS S1 S1-15 §93,BRSR -> GRI -> ESRS,transitive_official,401-3,3,small_expansion,review,small_expansion_partial_requirement,candidate
P3-E5,Return to work and retention rates of permanent employees and workers that took parental leave. Gender-wise: Return to work rate Retention rate For both permanent employees and workers,direct,direct,401-3-E,GRI 401,401-3,requirement,S1-15_01,ESRS S1,S1,S1-15,93 a,Percentage of employees entitled to take family-related leave,Percent,GRI-EFRAG-Nov2024-datapoint-mapping,partial_requirement,ESRS S1 S1-15 §93,BRSR -> GRI -> ESRS,transitive_official,401-3,3,small_expansion,review,small_expansion_partial_requirement,candidate
P3-E5,Return to work and retention rates of permanent employees and workers that took parental leave. Gender-wise: Return to work rate Retention rate For both permanent employees and workers,direct,direct,401-3-E,GRI 401,401-3,requirement,S1-15_02,ESRS S1,S1,S1-15,93 b,Percentage of entitled employees that took family-related leave,Percent,GRI-EFRAG-Nov2024-datapoint-mapping,partial_requirement,ESRS S1 S1-15 §93,BRSR -> GRI -> ESRS,transitive_official,401-3,3,small_expansion,review,small_expansion_partial_requirement,candidate
P3-E5,Return to work and retention rates of permanent employees and workers that took parental leave. Gender-wise: Return to work rate Retention rate For both permanent employees and workers,direct,direct,401-3-E,GRI 401,401-3,requirement,S1-15_03,ESRS S1,S1,S1-15,93 b,Percentage of entitled employees that took family-related leave by gender [table],Table/numerical,GRI-EFRAG-Nov2024-datapoint-mapping,partial_requirement,ESRS S1 S1-15 §93,BRSR -> GRI -> ESRS,transitive_official,401-3,3,small_expansion,review,small_expansion_partial_requirement,candidate
P3-E5,Return to work and retention rates of permanent employees and workers that took parental leave. Gender-wise: Return to work rate Retention rate For both permanent employees and workers,direct,direct,401-3,GRI 401,401-3,disclosure,S1-15_01,ESRS S1,S1,S1-15,93 a,Percentage of employees entitled to take family-related leave,Percent,GRI-EFRAG-Nov2024-datapoint-mapping,partial_requirement,ESRS S1 S1-15 §93,BRSR -> GRI -> ESRS,transitive_official,401-3,3,small_expansion,review,small_expansion_partial_requirement,candidate
P3-E5,Return to work and retention rates of permanent employees and workers that took parental leave. Gender-wise: Return to work rate Retention rate For both permanent employees and workers,direct,direct,401-3,GRI 401,401-3,disclosure,S1-15_02,ESRS S1,S1,S1-15,93 b,Percentage of entitled employees that took family-related leave,Percent,GRI-EFRAG-Nov2024-datapoint-mapping,partial_requirement,ESRS S1 S1-15 §93,BRSR -> GRI -> ESRS,transitive_official,401-3,3,small_expansion,review,small_expansion_partial_requirement,candidate
P3-E5,Return to work and retention rates of permanent employees and workers that took parental leave. Gender-wise: Return to work rate Retention rate For both permanent employees and workers,direct,direct,401-3,GRI 401,401-3,disclosure,S1-15_03,ESRS S1,S1,S1-15,93 b,Percentage of entitled employees that took family-related leave by gender [table],Table/numerical,GRI-EFRAG-Nov2024-datapoint-mapping,partial_requirement,ESRS S1 S1-15 §93,BRSR -> GRI -> ESRS,transitive_official,401-3,3,small_expansion,review,small_expansion_partial_requirement,candidate
P3-E8,Details of training given to employees and workers: Gender-wise for employees and workers on: Health and safety measures Skill upgrade Total,direct,direct,404-2-A,GRI 404,404-2,requirement,S1-1_22,ESRS S1,S1,S1-1,AR 17 h,Has programs to promote access to skills development.,semi-narrative,GRI-EFRAG-Nov2024-datapoint-mapping,partial_requirement,ESRS S1 S1-1 §AR 17 (h),BRSR -> GRI -> ESRS,transitive_official,404-2,1,one_to_one,review,one_to_one_partial_requirement,candidate
P3-E8,Details of training given to employees and workers: Gender-wise for employees and workers on: Health and safety measures Skill upgrade Total,direct,direct,404-2,GRI 404,404-2,disclosure,S1-1_22,ESRS S1,S1,S1-1,AR 17 h,Has programs to promote access to skills development.,semi-narrative,GRI-EFRAG-Nov2024-datapoint-mapping,partial_requirement,ESRS S1 S1-1 §AR 17 (h),BRSR -> GRI -> ESRS,transitive_official,404-2,1,one_to_one,review,one_to_one_partial_requirement,candidate
P3-E9,Details of performance and career development reviews of employees and worker: Gender-wise numbers and %age,direct,direct,404-3-A,GRI 404,404-3,requirement,S1-13_01,ESRS S1,S1,S1-13,83 a,Training and skills development indicators gender [table],Table,GRI-EFRAG-Nov2024-datapoint-mapping,direct,ESRS S1 S1-13 §83 (a) and §84,BRSR -> GRI -> ESRS,transitive_official,404-3,2,small_expansion,review,small_expansion_exact_gri_requirement,candidate
P3-E9,Details of performance and career development reviews of employees and worker: Gender-wise numbers and %age,direct,direct,404-3-A,GRI 404,404-3,requirement,S1-13_02,ESRS S1,S1,S1-13,83 a,Percentage of employees that participated in regular performance and career development reviews,Table/Percent,GRI-EFRAG-Nov2024-datapoint-mapping,direct,ESRS S1 S1-13 §83 (a) and §84,BRSR -> GRI -> ESRS,transitive_official,404-3,2,small_expansion,review,small_expansion_exact_gri_requirement,candidate
P3-E9,Details of performance and career development reviews of employees and worker: Gender-wise numbers and %age,direct,direct,404-3,GRI 404,404-3,disclosure,S1-13_01,ESRS S1,S1,S1-13,83 a,Training and skills development indicators gender [table],Table,GRI-EFRAG-Nov2024-datapoint-mapping,direct,ESRS S1 S1-13 §83 (a) and §84,BRSR -> GRI -> ESRS,transitive_official,404-3,2,small_expansion,review,small_expansion_disclosure_level,candidate
P3-E9,Details of performance and career development reviews of employees and worker: Gender-wise numbers and %age,direct,direct,404-3,GRI 404,404-3,disclosure,S1-13_02,ESRS S1,S1,S1-13,83 a,Percentage of employees that participated in regular performance and career development reviews,Table/Percent,GRI-EFRAG-Nov2024-datapoint-mapping,direct,ESRS S1 S1-13 §83 (a) and §84,BRSR -> GRI -> ESRS,transitive_official,404-3,2,small_expansion,review,small_expansion_disclosure_level,candidate
P3-L4,Does the entity provide transition assistance programs to facilitate continued employability and the management of career endings resulting from retirement or termination of employment? (Yes/ No),direct,direct,404-2-B,GRI 404,404-2,requirement,S1-1_22,ESRS S1,S1,S1-1,AR 17 h,Has programs to promote access to skills development.,semi-narrative,GRI-EFRAG-Nov2024-datapoint-mapping,partial_requirement,ESRS S1 S1-1 §AR 17 (h),BRSR -> GRI -> ESRS,transitive_official,404-2,1,one_to_one,review,one_to_one_partial_requirement,candidate
P3-L4,Does the entity provide transition assistance programs to facilitate continued employability and the management of career endings resulting from retirement or termination of employment? (Yes/ No),direct,direct,404-2,GRI 404,404-2,disclosure,S1-1_22,ESRS S1,S1,S1-1,AR 17 h,Has programs to promote access to skills development.,semi-narrative,GRI-EFRAG-Nov2024-datapoint-mapping,partial_requirement,ESRS S1 S1-1 §AR 17 (h),BRSR -> GRI -> ESRS,transitive_official,404-2,1,one_to_one,review,one_to_one_partial_requirement,candidate
P4-L1,"Provide the processes for consultation between stakeholders and the Board on economic, environmental, and social topics or if consultation is delegated, how is feedback from such consultations provided to the Board.",direct,direct,2-13,GRI 2,2-13,disclosure,GOV-1_11,ESRS 2,ESRS 2,GOV-1,22 c i,Description of how oversight is exercised over management-level position or committee to which management's role is delegated to,narrative,GRI-EFRAG-Nov2024-datapoint-mapping,direct,ESRS 2 GOV-1 §22 (c) i and ii; GOV- 2 §26 (a); ESRS G1 G1-3 §18 (c),BRSR -> GRI -> ESRS,transitive_official,2-13,3,small_expansion,review,small_expansion_disclosure_level,candidate
P4-L1,"Provide the processes for consultation between stakeholders and the Board on economic, environmental, and social topics or if consultation is delegated, how is feedback from such consultations provided to the Board.",direct,direct,2-13,GRI 2,2-13,disclosure,GOV-1_12,ESRS 2,ESRS 2,GOV-1,22 c ii,"Information about reporting lines to administrative, management and supervisory bodies",narrative,GRI-EFRAG-Nov2024-datapoint-mapping,direct,ESRS 2 GOV-1 §22 (c) i and ii; GOV- 2 §26 (a); ESRS G1 G1-3 §18 (c),BRSR -> GRI -> ESRS,transitive_official,2-13,3,small_expansion,review,small_expansion_disclosure_level,candidate
P4-L1,"Provide the processes for consultation between stakeholders and the Board on economic, environmental, and social topics or if consultation is delegated, how is feedback from such consultations provided to the Board.",direct,direct,2-13,GRI 2,2-13,disclosure,G1-3_03,ESRS G1,G1,G1-3,18 c,"Information about process to report outcomes to administrative, management and supervisory bodies",narrative,GRI-EFRAG-Nov2024-datapoint-mapping,direct,ESRS 2 GOV-1 §22 (c) i and ii; GOV- 2 §26 (a); ESRS G1 G1-3 §18 (c),BRSR -> GRI -> ESRS,transitive_official,2-13,3,small_expansion,review,small_expansion_disclosure_level,candidate
P5-E2,"Details of minimum wages paid to employees and workers, in the following format: For current and previous financial year, gender-wise for- Permanent and other employees Permanent and other workers",direct,direct,405-2-A,GRI 405,405-2,requirement,S1-16_01,ESRS S1,S1,S1-16,97 a,Gender pay gap,Percent,GRI-EFRAG-Nov2024-datapoint-mapping,direct,ESRS S1 S1-16 §97 and §98,BRSR -> GRI -> ESRS,transitive_official,405-2,3,small_expansion,review,small_expansion_exact_gri_requirement,candidate
P5-E2,"Details of minimum wages paid to employees and workers, in the following format: For current and previous financial year, gender-wise for- Permanent and other employees Permanent and other workers",direct,direct,405-2-A,GRI 405,405-2,requirement,S1-16_04,ESRS S1,S1,S1-16,98,Gender pay gap breakdown by employee category and/or country/segment [table],Table/numerical,GRI-EFRAG-Nov2024-datapoint-mapping,direct,ESRS S1 S1-16 §97 and §98,BRSR -> GRI -> ESRS,transitive_official,405-2,3,small_expansion,review,small_expansion_exact_gri_requirement,candidate
P5-E2,"Details of minimum wages paid to employees and workers, in the following format: For current and previous financial year, gender-wise for- Permanent and other employees Permanent and other workers",direct,direct,405-2-A,GRI 405,405-2,requirement,S1-16_05,ESRS S1,S1,S1-16,98,Gender pay gap breakdown by employee category and ordinary basic salary and complementary/variable components,Table/numerical,GRI-EFRAG-Nov2024-datapoint-mapping,direct,ESRS S1 S1-16 §97 and §98,BRSR -> GRI -> ESRS,transitive_official,405-2,3,small_expansion,review,small_expansion_exact_gri_requirement,candidate
P5-E2,"Details of minimum wages paid to employees and workers, in the following format: For current and previous financial year, gender-wise for- Permanent and other employees Permanent and other workers",direct,direct,405-2,GRI 405,405-2,disclosure,S1-16_01,ESRS S1,S1,S1-16,97 a,Gender pay gap,Percent,GRI-EFRAG-Nov2024-datapoint-mapping,direct,ESRS S1 S1-16 §97 and §98,BRSR -> GRI -> ESRS,transitive_official,405-2,3,small_expansion,review,small_expansion_disclosure_level,candidate
P5-E2,"Details of minimum wages paid to employees and workers, in the following format: For current and previous financial year, gender-wise for- Permanent and other employees Permanent and other workers",direct,direct,405-2,GRI 405,405-2,disclosure,S1-16_04,ESRS S1,S1,S1-16,98,Gender pay gap breakdown by employee category and/or country/segment [table],Table/numerical,GRI-EFRAG-Nov2024-datapoint-mapping,direct,ESRS S1 S1-16 §97 and §98,BRSR -> GRI -> ESRS,transitive_official,405-2,3,small_expansion,review,small_expansion_disclosure_level,candidate
P5-E2,"Details of minimum wages paid to employees and workers, in the following format: For current and previous financial year, gender-wise for- Permanent and other employees Permanent and other workers",direct,direct,405-2,GRI 405,405-2,disclosure,S1-16_05,ESRS S1,S1,S1-16,98,Gender pay gap breakdown by employee category and ordinary basic salary and complementary/variable components,Table/numerical,GRI-EFRAG-Nov2024-datapoint-mapping,direct,ESRS S1 S1-16 §97 and §98,BRSR -> GRI -> ESRS,transitive_official,405-2,3,small_expansion,review,small_expansion_disclosure_level,candidate
P5-E3,"Details of remuneration/salary/wages, in the following format (gender-wise): Board of Directors (BoD) Key Managerial Personnel (KMP) Employees other than BoD and KMP Workers",direct,direct,2-21-A,GRI 2,2-21,requirement,S1-16_02,ESRS S1,S1,S1-16,97 b,Annual total remuneration ratio,Percent,GRI-EFRAG-Nov2024-datapoint-mapping,partial_requirement,ESRS S1 S1-16 §97 (b) to (c),BRSR -> GRI -> ESRS,transitive_official,2-21,2,small_expansion,review,small_expansion_partial_requirement,candidate
P5-E3,"Details of remuneration/salary/wages, in the following format (gender-wise): Board of Directors (BoD) Key Managerial Personnel (KMP) Employees other than BoD and KMP Workers",direct,direct,2-21-A,GRI 2,2-21,requirement,S1-16_03,ESRS S1,S1,S1-16,97 c,"Disclosure of contextual information necessary to understand data, how data has been compiled and other changes to underlying data that are to be considered",narrative,GRI-EFRAG-Nov2024-datapoint-mapping,partial_requirement,ESRS S1 S1-16 §97 (b) to (c),BRSR -> GRI -> ESRS,transitive_official,2-21,2,small_expansion,review,small_expansion_partial_requirement,candidate
P5-E3,"Details of remuneration/salary/wages, in the following format (gender-wise): Board of Directors (BoD) Key Managerial Personnel (KMP) Employees other than BoD and KMP Workers",direct,direct,2-21,GRI 2,2-21,disclosure,S1-16_02,ESRS S1,S1,S1-16,97 b,Annual total remuneration ratio,Percent,GRI-EFRAG-Nov2024-datapoint-mapping,partial_requirement,ESRS S1 S1-16 §97 (b) to (c),BRSR -> GRI -> ESRS,transitive_official,2-21,2,small_expansion,review,small_expansion_partial_requirement,candidate
P5-E3,"Details of remuneration/salary/wages, in the following format (gender-wise): Board of Directors (BoD) Key Managerial Personnel (KMP) Employees other than BoD and KMP Workers",direct,direct,2-21,GRI 2,2-21,disclosure,S1-16_03,ESRS S1,S1,S1-16,97 c,"Disclosure of contextual information necessary to understand data, how data has been compiled and other changes to underlying data that are to be considered",narrative,GRI-EFRAG-Nov2024-datapoint-mapping,partial_requirement,ESRS S1 S1-16 §97 (b) to (c),BRSR -> GRI -> ESRS,transitive_official,2-21,2,small_expansion,review,small_expansion_partial_requirement,candidate
P5-E4,Do you have a focal point (Individual/ Committee) responsible for addressing human rights impacts or issues caused or contributed to by the business?,direct,direct,2-13-A-I-II,GRI 2,2-13,requirement,GOV-1_11,ESRS 2,ESRS 2,GOV-1,22 c i,Description of how oversight is exercised over management-level position or committee to which management's role is delegated to,narrative,GRI-EFRAG-Nov2024-datapoint-mapping,direct,ESRS 2 GOV-1 §22 (c) i and ii; GOV- 2 §26 (a); ESRS G1 G1-3 §18 (c),BRSR -> GRI -> ESRS,transitive_official,2-13,3,small_expansion,review,small_expansion_exact_gri_requirement,candidate
P5-E4,Do you have a focal point (Individual/ Committee) responsible for addressing human rights impacts or issues caused or contributed to by the business?,direct,direct,2-13-A-I-II,GRI 2,2-13,requirement,GOV-1_12,ESRS 2,ESRS 2,GOV-1,22 c ii,"Information about reporting lines to administrative, management and supervisory bodies",narrative,GRI-EFRAG-Nov2024-datapoint-mapping,direct,ESRS 2 GOV-1 §22 (c) i and ii; GOV- 2 §26 (a); ESRS G1 G1-3 §18 (c),BRSR -> GRI -> ESRS,transitive_official,2-13,3,small_expansion,review,small_expansion_exact_gri_requirement,candidate
P5-E4,Do you have a focal point (Individual/ Committee) responsible for addressing human rights impacts or issues caused or contributed to by the business?,direct,direct,2-13-A-I-II,GRI 2,2-13,requirement,G1-3_03,ESRS G1,G1,G1-3,18 c,"Information about process to report outcomes to administrative, management and supervisory bodies",narrative,GRI-EFRAG-Nov2024-datapoint-mapping,direct,ESRS 2 GOV-1 §22 (c) i and ii; GOV- 2 §26 (a); ESRS G1 G1-3 §18 (c),BRSR -> GRI -> ESRS,transitive_official,2-13,3,small_expansion,review,small_expansion_exact_gri_requirement,candidate
P5-E4,Do you have a focal point (Individual/ Committee) responsible for addressing human rights impacts or issues caused or contributed to by the business?,direct,direct,2-13,GRI 2,2-13,disclosure,GOV-1_11,ESRS 2,ESRS 2,GOV-1,22 c i,Description of how oversight is exercised over management-level position or committee to which management's role is delegated to,narrative,GRI-EFRAG-Nov2024-datapoint-mapping,direct,ESRS 2 GOV-1 §22 (c) i and ii; GOV- 2 §26 (a); ESRS G1 G1-3 §18 (c),BRSR -> GRI -> ESRS,transitive_official,2-13,3,small_expansion,review,small_expansion_disclosure_level,candidate
P5-E4,Do you have a focal point (Individual/ Committee) responsible for addressing human rights impacts or issues caused or contributed to by the business?,direct,direct,2-13,GRI 2,2-13,disclosure,GOV-1_12,ESRS 2,ESRS 2,GOV-1,22 c ii,"Information about reporting lines to administrative, management and supervisory bodies",narrative,GRI-EFRAG-Nov2024-datapoint-mapping,direct,ESRS 2 GOV-1 §22 (c) i and ii; GOV- 2 §26 (a); ESRS G1 G1-3 §18 (c),BRSR -> GRI -> ESRS,transitive_official,2-13,3,small_expansion,review,small_expansion_disclosure_level,candidate
P5-E4,Do you have a focal point (Individual/ Committee) responsible for addressing human rights impacts or issues caused or contributed to by the business?,direct,direct,2-13,GRI 2,2-13,disclosure,G1-3_03,ESRS G1,G1,G1-3,18 c,"Information about process to report outcomes to administrative, management and supervisory bodies",narrative,GRI-EFRAG-Nov2024-datapoint-mapping,direct,ESRS 2 GOV-1 §22 (c) i and ii; GOV- 2 §26 (a); ESRS G1 G1-3 §18 (c),BRSR -> GRI -> ESRS,transitive_official,2-13,3,small_expansion,review,small_expansion_disclosure_level,candidate
P5-E6,Number of Complaints on the following made by employees and workers: Sexual Harassment Discrimination at workplace Child Labour Forced/ Involuntary Labour Wages Other human rights related issues,can_be_covered_by,partial,406-1-A,GRI 406,406-1,requirement,S1-17_01,ESRS S1,S1,S1-17,103 a,Number of incidents of discrimination [table],Table,GRI-EFRAG-Nov2024-datapoint-mapping,direct,"ESRS S1 S1-17 §103 (a), §AR 103",BRSR -> GRI -> ESRS,transitive_official,406-1,3,small_expansion,review,small_expansion_exact_gri_requirement,candidate
P5-E6,Number of Complaints on the following made by employees and workers: Sexual Harassment Discrimination at workplace Child Labour Forced/ Involuntary Labour Wages Other human rights related issues,can_be_covered_by,partial,406-1-A,GRI 406,406-1,requirement,S1-17_02,ESRS S1,S1,S1-17,103 a,Number of incidents of discrimination,Table/Integer,GRI-EFRAG-Nov2024-datapoint-mapping,direct,"ESRS S1 S1-17 §103 (a), §AR 103",BRSR -> GRI -> ESRS,transitive_official,406-1,3,small_expansion,review,small_expansion_exact_gri_requirement,candidate
P5-E6,Number of Complaints on the following made by employees and workers: Sexual Harassment Discrimination at workplace Child Labour Forced/ Involuntary Labour Wages Other human rights related issues,can_be_covered_by,partial,406-1-A,GRI 406,406-1,requirement,S1-17_13,ESRS S1,S1,S1-17,AR 103,Disclosure of the status of incidents and/or complaints and actions taken,narrative,GRI-EFRAG-Nov2024-datapoint-mapping,direct,"ESRS S1 S1-17 §103 (a), §AR 103",BRSR -> GRI -> ESRS,transitive_official,406-1,3,small_expansion,review,small_expansion_exact_gri_requirement,candidate
P5-E6,Number of Complaints on the following made by employees and workers: Sexual Harassment Discrimination at workplace Child Labour Forced/ Involuntary Labour Wages Other human rights related issues,can_be_covered_by,partial,406-1,GRI 406,406-1,disclosure,S1-17_01,ESRS S1,S1,S1-17,103 a,Number of incidents of discrimination [table],Table,GRI-EFRAG-Nov2024-datapoint-mapping,direct,"ESRS S1 S1-17 §103 (a), §AR 103",BRSR -> GRI -> ESRS,transitive_official,406-1,3,small_expansion,review,small_expansion_disclosure_level,candidate
P5-E6,Number of Complaints on the following made by employees and workers: Sexual Harassment Discrimination at workplace Child Labour Forced/ Involuntary Labour Wages Other human rights related issues,can_be_covered_by,partial,406-1,GRI 406,406-1,disclosure,S1-17_02,ESRS S1,S1,S1-17,103 a,Number of incidents of discrimination,Table/Integer,GRI-EFRAG-Nov2024-datapoint-mapping,direct,"ESRS S1 S1-17 §103 (a), §AR 103",BRSR -> GRI -> ESRS,transitive_official,406-1,3,small_expansion,review,small_expansion_disclosure_level,candidate
P5-E6,Number of Complaints on the following made by employees and workers: Sexual Harassment Discrimination at workplace Child Labour Forced/ Involuntary Labour Wages Other human rights related issues,can_be_covered_by,partial,406-1,GRI 406,406-1,disclosure,S1-17_13,ESRS S1,S1,S1-17,AR 103,Disclosure of the status of incidents and/or complaints and actions taken,narrative,GRI-EFRAG-Nov2024-datapoint-mapping,direct,"ESRS S1 S1-17 §103 (a), §AR 103",BRSR -> GRI -> ESRS,transitive_official,406-1,3,small_expansion,review,small_expansion_disclosure_level,candidate
P6-E10,"If the entity has operations/offices in/around ecologically sensitive areas (such as national parks, wildlife sanctuaries, biosphere reserves, wetlands, biodiversity hotspots, forests, coastal regulation zones etc.) where environmental approvals / clearances are required",direct,direct,304-1-A-I-V,GRI 304,304-1,requirement,E4.IRO-1_15,ESRS E4,E4,E4.IRO-1,19a,Activities related to sites located in or near biodiversity-sensitive areas negatively affect these areas by leading to deterioration of natural habitats and habitats of species and to disturbance of species for which protected area has been designated,semi-narrative,GRI-EFRAG-Nov2024-datapoint-mapping,partial_requirement,ESRS E4 §16 (a) i; §19 (a); E4-5 §35,BRSR -> GRI -> ESRS,transitive_official,304-1,1,one_to_one,review,one_to_one_partial_requirement,candidate
P6-E10,"If the entity has operations/offices in/around ecologically sensitive areas (such as national parks, wildlife sanctuaries, biosphere reserves, wetlands, biodiversity hotspots, forests, coastal regulation zones etc.) where environmental approvals / clearances are required",direct,direct,304-1,GRI 304,304-1,disclosure,E4.IRO-1_15,ESRS E4,E4,E4.IRO-1,19a,Activities related to sites located in or near biodiversity-sensitive areas negatively affect these areas by leading to deterioration of natural habitats and habitats of species and to disturbance of species for which protected area has been designated,semi-narrative,GRI-EFRAG-Nov2024-datapoint-mapping,partial_requirement,ESRS E4 §16 (a) i; §19 (a); E4-5 §35,BRSR -> GRI -> ESRS,transitive_official,304-1,1,one_to_one,review,one_to_one_partial_requirement,candidate
P6-E3,"Provide details of the following disclosures related to water, in the following format: Water withdrawal by source (in kilolitres) (i) Surface water (ii) Groundwater (iii) Third party water (iv) Seawater / desalinated water (v) Others Total volume of water withdrawal (in kilolitres) (i + ii + iii + iv + v) Total volume of water consumption (in kilolitres) Water intensity per rupee of turnover (Water consumed / turnover) Water intensity (optional) – the relevant metric may be selected by the entity",direct,direct,303-3-A-I-V,GRI 303,303-3,requirement,E3-4_11,ESRS E3,E3,E3-4,AR 32,Total water withdrawals,Volume,GRI-EFRAG-Nov2024-datapoint-mapping,partial_requirement,ESRS E3 E3-4 §AR 32,BRSR -> GRI -> ESRS,transitive_official,303-3,1,one_to_one,review,one_to_one_partial_requirement,candidate
P6-E3,"Provide details of the following disclosures related to water, in the following format: Water withdrawal by source (in kilolitres) (i) Surface water (ii) Groundwater (iii) Third party water (iv) Seawater / desalinated water (v) Others Total volume of water withdrawal (in kilolitres) (i + ii + iii + iv + v) Total volume of water consumption (in kilolitres) Water intensity per rupee of turnover (Water consumed / turnover) Water intensity (optional) – the relevant metric may be selected by the entity",direct,direct,303-3,GRI 303,303-3,disclosure,E3-4_11,ESRS E3,E3,E3-4,AR 32,Total water withdrawals,Volume,GRI-EFRAG-Nov2024-datapoint-mapping,partial_requirement,ESRS E3 E3-4 §AR 32,BRSR -> GRI -> ESRS,transitive_official,303-3,1,one_to_one,review,one_to_one_partial_requirement,candidate
P6-E4,"Has the entity implemented a mechanism for Zero Liquid Discharge? If yes, provide details of its coverage and implementation.",can_be_covered_by,partial,303-2-A,GRI 303,303-2,requirement,E2-3_05,ESRS E2,E2,E2-3,24,Ecological thresholds and entity-specific allocations were taken into consideration when setting pollution-related target,semi-narrative,GRI-EFRAG-Nov2024-datapoint-mapping,partial_requirement,ESRS E2 E2-3 §24 (a),BRSR -> GRI -> ESRS,transitive_official,303-2,2,small_expansion,review,small_expansion_partial_requirement,candidate
P6-E4,"Has the entity implemented a mechanism for Zero Liquid Discharge? If yes, provide details of its coverage and implementation.",can_be_covered_by,partial,303-2-A,GRI 303,303-2,requirement,E2-3_06,ESRS E2,E2,E2-3,24 a,Disclosure of ecological thresholds identified and methodology used to identify ecological thresholds (pollution),narrative,GRI-EFRAG-Nov2024-datapoint-mapping,partial_requirement,ESRS E2 E2-3 §24 (a),BRSR -> GRI -> ESRS,transitive_official,303-2,2,small_expansion,review,small_expansion_partial_requirement,candidate
P6-E6,"Provide details of greenhouse gas emissions (Scope 1 and Scope 2 emissions) & its intensity, in the following format: Total Scope 1 emissions (Break-up of the GHG into CO2, CH4, N2O, HFCs, PFCs, SF6, NF3, if available) Metric tonnes of CO2 equivalent Total Scope 2 emissions (Break-up of the GHG into CO2, CH4, N2O, HFCs, PFCs, SF6, NF3, if available) Metric tonnes of CO2equivalent Total Scope 1 and Scope 2 emissions per rupee of turnover Total Scope 1 and Scope 2 emission intensity (optional) – the relevant metric may be selected by the entity",direct,direct,305-1,GRI 305,305-1,disclosure,E1-6_01,ESRS E1,E1,E1-6,44,"Gross Scopes 1, 2, 3 and Total GHG emissions - GHG emissions per scope [table]",Table,GRI-EFRAG-Nov2024-datapoint-mapping,partial_requirement,ESRS E1 E1-4 §34 (c); E1-6 §44 (a); §46; §48 (a); §50; §AR 25 (b) and (c); §AR 39 (a) to (d); §AR 40; AR §43 (c) to (d),BRSR -> GRI -> ESRS,transitive_official,305-1,3,small_expansion,review,small_expansion_partial_requirement,candidate
P6-E6,"Provide details of greenhouse gas emissions (Scope 1 and Scope 2 emissions) & its intensity, in the following format: Total Scope 1 emissions (Break-up of the GHG into CO2, CH4, N2O, HFCs, PFCs, SF6, NF3, if available) Metric tonnes of CO2 equivalent Total Scope 2 emissions (Break-up of the GHG into CO2, CH4, N2O, HFCs, PFCs, SF6, NF3, if available) Metric tonnes of CO2equivalent Total Scope 1 and Scope 2 emissions per rupee of turnover Total Scope 1 and Scope 2 emission intensity (optional) – the relevant metric may be selected by the entity",direct,direct,305-1,GRI 305,305-1,disclosure,E1-6_07,ESRS E1,E1,E1-6,48 a,Gross Scope 1 greenhouse gas emissions,Table/GhgEmissions,GRI-EFRAG-Nov2024-datapoint-mapping,partial_requirement,ESRS E1 E1-4 §34 (c); E1-6 §44 (a); §46; §48 (a); §50; §AR 25 (b) and (c); §AR 39 (a) to (d); §AR 40; AR §43 (c) to (d),BRSR -> GRI -> ESRS,transitive_official,305-1,3,small_expansion,review,small_expansion_partial_requirement,candidate
P6-E6,"Provide details of greenhouse gas emissions (Scope 1 and Scope 2 emissions) & its intensity, in the following format: Total Scope 1 emissions (Break-up of the GHG into CO2, CH4, N2O, HFCs, PFCs, SF6, NF3, if available) Metric tonnes of CO2 equivalent Total Scope 2 emissions (Break-up of the GHG into CO2, CH4, N2O, HFCs, PFCs, SF6, NF3, if available) Metric tonnes of CO2equivalent Total Scope 1 and Scope 2 emissions per rupee of turnover Total Scope 1 and Scope 2 emission intensity (optional) – the relevant metric may be selected by the entity",direct,direct,305-1,GRI 305,305-1,disclosure,E1-6_17,ESRS E1,E1,E1-6,AR 43 c,biogenic emissions of CO2 from the combustion or bio-degradation of biomassnot included in Scope 1 GHG emissions,ghgEmissions,GRI-EFRAG-Nov2024-datapoint-mapping,partial_requirement,ESRS E1 E1-4 §34 (c); E1-6 §44 (a); §46; §48 (a); §50; §AR 25 (b) and (c); §AR 39 (a) to (d); §AR 40; AR §43 (c) to (d),BRSR -> GRI -> ESRS,transitive_official,305-1,3,small_expansion,review,small_expansion_partial_requirement,candidate
P6-E6,"Provide details of greenhouse gas emissions (Scope 1 and Scope 2 emissions) & its intensity, in the following format: Total Scope 1 emissions (Break-up of the GHG into CO2, CH4, N2O, HFCs, PFCs, SF6, NF3, if available) Metric tonnes of CO2 equivalent Total Scope 2 emissions (Break-up of the GHG into CO2, CH4, N2O, HFCs, PFCs, SF6, NF3, if available) Metric tonnes of CO2equivalent Total Scope 1 and Scope 2 emissions per rupee of turnover Total Scope 1 and Scope 2 emission intensity (optional) – the relevant metric may be selected by the entity",direct,direct,305-1-B,GRI 305,305-1,requirement,E1-6_01,ESRS E1,E1,E1-6,44,"Gross Scopes 1, 2, 3 and Total GHG emissions - GHG emissions per scope [table]",Table,GRI-EFRAG-Nov2024-datapoint-mapping,partial_requirement,ESRS E1 E1-4 §34 (c); E1-6 §44 (a); §46; §48 (a); §50; §AR 25 (b) and (c); §AR 39 (a) to (d); §AR 40; AR §43 (c) to (d),BRSR -> GRI -> ESRS,transitive_official,305-1,3,small_expansion,review,small_expansion_partial_requirement,candidate
P6-E6,"Provide details of greenhouse gas emissions (Scope 1 and Scope 2 emissions) & its intensity, in the following format: Total Scope 1 emissions (Break-up of the GHG into CO2, CH4, N2O, HFCs, PFCs, SF6, NF3, if available) Metric tonnes of CO2 equivalent Total Scope 2 emissions (Break-up of the GHG into CO2, CH4, N2O, HFCs, PFCs, SF6, NF3, if available) Metric tonnes of CO2equivalent Total Scope 1 and Scope 2 emissions per rupee of turnover Total Scope 1 and Scope 2 emission intensity (optional) – the relevant metric may be selected by the entity",direct,direct,305-1-B,GRI 305,305-1,requirement,E1-6_07,ESRS E1,E1,E1-6,48 a,Gross Scope 1 greenhouse gas emissions,Table/GhgEmissions,GRI-EFRAG-Nov2024-datapoint-mapping,partial_requirement,ESRS E1 E1-4 §34 (c); E1-6 §44 (a); §46; §48 (a); §50; §AR 25 (b) and (c); §AR 39 (a) to (d); §AR 40; AR §43 (c) to (d),BRSR -> GRI -> ESRS,transitive_official,305-1,3,small_expansion,review,small_expansion_partial_requirement,candidate
P6-E6,"Provide details of greenhouse gas emissions (Scope 1 and Scope 2 emissions) & its intensity, in the following format: Total Scope 1 emissions (Break-up of the GHG into CO2, CH4, N2O, HFCs, PFCs, SF6, NF3, if available) Metric tonnes of CO2 equivalent Total Scope 2 emissions (Break-up of the GHG into CO2, CH4, N2O, HFCs, PFCs, SF6, NF3, if available) Metric tonnes of CO2equivalent Total Scope 1 and Scope 2 emissions per rupee of turnover Total Scope 1 and Scope 2 emission intensity (optional) – the relevant metric may be selected by the entity",direct,direct,305-1-B,GRI 305,305-1,requirement,E1-6_17,ESRS E1,E1,E1-6,AR 43 c,biogenic emissions of CO2 from the combustion or bio-degradation of biomassnot included in Scope 1 GHG emissions,ghgEmissions,GRI-EFRAG-Nov2024-datapoint-mapping,partial_requirement,ESRS E1 E1-4 §34 (c); E1-6 §44 (a); §46; §48 (a); §50; §AR 25 (b) and (c); §AR 39 (a) to (d); §AR 40; AR §43 (c) to (d),BRSR -> GRI -> ESRS,transitive_official,305-1,3,small_expansion,review,small_expansion_partial_requirement,candidate
P6-E6,"Provide details of greenhouse gas emissions (Scope 1 and Scope 2 emissions) & its intensity, in the following format: Total Scope 1 emissions (Break-up of the GHG into CO2, CH4, N2O, HFCs, PFCs, SF6, NF3, if available) Metric tonnes of CO2 equivalent Total Scope 2 emissions (Break-up of the GHG into CO2, CH4, N2O, HFCs, PFCs, SF6, NF3, if available) Metric tonnes of CO2equivalent Total Scope 1 and Scope 2 emissions per rupee of turnover Total Scope 1 and Scope 2 emission intensity (optional) – the relevant metric may be selected by the entity",direct,direct,305-2-A,GRI 305,305-2,requirement,E1-6_09,ESRS E1,E1,E1-6,"49 a, 52 a",Gross location-based Scope 2 greenhouse gas emissions,Table/GhgEmissions,GRI-EFRAG-Nov2024-datapoint-mapping,partial_requirement,"ESRS E1 E1-4 §34 (c); E1-6 §44 (b); §46; §49; §50; §AR 25 (b) and (c); §AR 39 (a) to (d); §AR 40; §AR 45 (a), (c), (d), and (f)",BRSR -> GRI -> ESRS,transitive_official,305-2,2,small_expansion,review,small_expansion_partial_requirement,candidate
P6-E6,"Provide details of greenhouse gas emissions (Scope 1 and Scope 2 emissions) & its intensity, in the following format: Total Scope 1 emissions (Break-up of the GHG into CO2, CH4, N2O, HFCs, PFCs, SF6, NF3, if available) Metric tonnes of CO2 equivalent Total Scope 2 emissions (Break-up of the GHG into CO2, CH4, N2O, HFCs, PFCs, SF6, NF3, if available) Metric tonnes of CO2equivalent Total Scope 1 and Scope 2 emissions per rupee of turnover Total Scope 1 and Scope 2 emission intensity (optional) – the relevant metric may be selected by the entity",direct,direct,305-2-A,GRI 305,305-2,requirement,E1-6_10,ESRS E1,E1,E1-6,"49 b, 52 b",Gross market-based Scope 2 greenhouse gas emissions,Table/GhgEmissions,GRI-EFRAG-Nov2024-datapoint-mapping,partial_requirement,"ESRS E1 E1-4 §34 (c); E1-6 §44 (b); §46; §49; §50; §AR 25 (b) and (c); §AR 39 (a) to (d); §AR 40; §AR 45 (a), (c), (d), and (f)",BRSR -> GRI -> ESRS,transitive_official,305-2,2,small_expansion,review,small_expansion_partial_requirement,candidate
P6-E6,"Provide details of greenhouse gas emissions (Scope 1 and Scope 2 emissions) & its intensity, in the following format: Total Scope 1 emissions (Break-up of the GHG into CO2, CH4, N2O, HFCs, PFCs, SF6, NF3, if available) Metric tonnes of CO2 equivalent Total Scope 2 emissions (Break-up of the GHG into CO2, CH4, N2O, HFCs, PFCs, SF6, NF3, if available) Metric tonnes of CO2equivalent Total Scope 1 and Scope 2 emissions per rupee of turnover Total Scope 1 and Scope 2 emission intensity (optional) – the relevant metric may be selected by the entity",direct,direct,305-2-B,GRI 305,305-2,requirement,E1-6_09,ESRS E1,E1,E1-6,"49 a, 52 a",Gross location-based Scope 2 greenhouse gas emissions,Table/GhgEmissions,GRI-EFRAG-Nov2024-datapoint-mapping,partial_requirement,"ESRS E1 E1-4 §34 (c); E1-6 §44 (b); §46; §49; §50; §AR 25 (b) and (c); §AR 39 (a) to (d); §AR 40; §AR 45 (a), (c), (d), and (f)",BRSR -> GRI -> ESRS,transitive_official,305-2,2,small_expansion,review,small_expansion_partial_requirement,candidate
P6-E6,"Provide details of greenhouse gas emissions (Scope 1 and Scope 2 emissions) & its intensity, in the following format: Total Scope 1 emissions (Break-up of the GHG into CO2, CH4, N2O, HFCs, PFCs, SF6, NF3, if available) Metric tonnes of CO2 equivalent Total Scope 2 emissions (Break-up of the GHG into CO2, CH4, N2O, HFCs, PFCs, SF6, NF3, if available) Metric tonnes of CO2equivalent Total Scope 1 and Scope 2 emissions per rupee of turnover Total Scope 1 and Scope 2 emission intensity (optional) – the relevant metric may be selected by the entity",direct,direct,305-2-B,GRI 305,305-2,requirement,E1-6_10,ESRS E1,E1,E1-6,"49 b, 52 b",Gross market-based Scope 2 greenhouse gas emissions,Table/GhgEmissions,GRI-EFRAG-Nov2024-datapoint-mapping,partial_requirement,"ESRS E1 E1-4 §34 (c); E1-6 §44 (b); §46; §49; §50; §AR 25 (b) and (c); §AR 39 (a) to (d); §AR 40; §AR 45 (a), (c), (d), and (f)",BRSR -> GRI -> ESRS,transitive_official,305-2,2,small_expansion,review,small_expansion_partial_requirement,candidate
P6-E6,"Provide details of greenhouse gas emissions (Scope 1 and Scope 2 emissions) & its intensity, in the following format: Total Scope 1 emissions (Break-up of the GHG into CO2, CH4, N2O, HFCs, PFCs, SF6, NF3, if available) Metric tonnes of CO2 equivalent Total Scope 2 emissions (Break-up of the GHG into CO2, CH4, N2O, HFCs, PFCs, SF6, NF3, if available) Metric tonnes of CO2equivalent Total Scope 1 and Scope 2 emissions per rupee of turnover Total Scope 1 and Scope 2 emission intensity (optional) – the relevant metric may be selected by the entity",direct,direct,305-2-C,GRI 305,305-2,requirement,E1-6_09,ESRS E1,E1,E1-6,"49 a, 52 a",Gross location-based Scope 2 greenhouse gas emissions,Table/GhgEmissions,GRI-EFRAG-Nov2024-datapoint-mapping,partial_requirement,"ESRS E1 E1-4 §34 (c); E1-6 §44 (b); §46; §49; §50; §AR 25 (b) and (c); §AR 39 (a) to (d); §AR 40; §AR 45 (a), (c), (d), and (f)",BRSR -> GRI -> ESRS,transitive_official,305-2,2,small_expansion,review,small_expansion_partial_requirement,candidate
P6-E6,"Provide details of greenhouse gas emissions (Scope 1 and Scope 2 emissions) & its intensity, in the following format: Total Scope 1 emissions (Break-up of the GHG into CO2, CH4, N2O, HFCs, PFCs, SF6, NF3, if available) Metric tonnes of CO2 equivalent Total Scope 2 emissions (Break-up of the GHG into CO2, CH4, N2O, HFCs, PFCs, SF6, NF3, if available) Metric tonnes of CO2equivalent Total Scope 1 and Scope 2 emissions per rupee of turnover Total Scope 1 and Scope 2 emission intensity (optional) – the relevant metric may be selected by the entity",direct,direct,305-2-C,GRI 305,305-2,requirement,E1-6_10,ESRS E1,E1,E1-6,"49 b, 52 b",Gross market-based Scope 2 greenhouse gas emissions,Table/GhgEmissions,GRI-EFRAG-Nov2024-datapoint-mapping,partial_requirement,"ESRS E1 E1-4 §34 (c); E1-6 §44 (b); §46; §49; §50; §AR 25 (b) and (c); §AR 39 (a) to (d); §AR 40; §AR 45 (a), (c), (d), and (f)",BRSR -> GRI -> ESRS,transitive_official,305-2,2,small_expansion,review,small_expansion_partial_requirement,candidate
P6-E6,"Provide details of greenhouse gas emissions (Scope 1 and Scope 2 emissions) & its intensity, in the following format: Total Scope 1 emissions (Break-up of the GHG into CO2, CH4, N2O, HFCs, PFCs, SF6, NF3, if available) Metric tonnes of CO2 equivalent Total Scope 2 emissions (Break-up of the GHG into CO2, CH4, N2O, HFCs, PFCs, SF6, NF3, if available) Metric tonnes of CO2equivalent Total Scope 1 and Scope 2 emissions per rupee of turnover Total Scope 1 and Scope 2 emission intensity (optional) – the relevant metric may be selected by the entity",direct,direct,305-4-A,GRI 305,305-4,requirement,E1-6_30,ESRS E1,E1,E1-6,53,"GHG emissions intensity, location-based (total GHG emissions per net revenue)",Intensity,GRI-EFRAG-Nov2024-datapoint-mapping,direct,ESRS E1 E1-6 §53; §AR 39 (c),BRSR -> GRI -> ESRS,transitive_official,305-4,2,small_expansion,review,small_expansion_exact_gri_requirement,candidate
P6-E6,"Provide details of greenhouse gas emissions (Scope 1 and Scope 2 emissions) & its intensity, in the following format: Total Scope 1 emissions (Break-up of the GHG into CO2, CH4, N2O, HFCs, PFCs, SF6, NF3, if available) Metric tonnes of CO2 equivalent Total Scope 2 emissions (Break-up of the GHG into CO2, CH4, N2O, HFCs, PFCs, SF6, NF3, if available) Metric tonnes of CO2equivalent Total Scope 1 and Scope 2 emissions per rupee of turnover Total Scope 1 and Scope 2 emission intensity (optional) – the relevant metric may be selected by the entity",direct,direct,305-4-A,GRI 305,305-4,requirement,E1-6_31,ESRS E1,E1,E1-6,53,"GHG emissions intensity, market-based (total GHG emissions per net revenue)",Intensity,GRI-EFRAG-Nov2024-datapoint-mapping,direct,ESRS E1 E1-6 §53; §AR 39 (c),BRSR -> GRI -> ESRS,transitive_official,305-4,2,small_expansion,review,small_expansion_exact_gri_requirement,candidate
P6-E6,"Provide details of greenhouse gas emissions (Scope 1 and Scope 2 emissions) & its intensity, in the following format: Total Scope 1 emissions (Break-up of the GHG into CO2, CH4, N2O, HFCs, PFCs, SF6, NF3, if available) Metric tonnes of CO2 equivalent Total Scope 2 emissions (Break-up of the GHG into CO2, CH4, N2O, HFCs, PFCs, SF6, NF3, if available) Metric tonnes of CO2equivalent Total Scope 1 and Scope 2 emissions per rupee of turnover Total Scope 1 and Scope 2 emission intensity (optional) – the relevant metric may be selected by the entity",direct,direct,305-4-B,GRI 305,305-4,requirement,E1-6_30,ESRS E1,E1,E1-6,53,"GHG emissions intensity, location-based (total GHG emissions per net revenue)",Intensity,GRI-EFRAG-Nov2024-datapoint-mapping,direct,ESRS E1 E1-6 §53; §AR 39 (c),BRSR -> GRI -> ESRS,transitive_official,305-4,2,small_expansion,review,small_expansion_exact_gri_requirement,candidate
P6-E6,"Provide details of greenhouse gas emissions (Scope 1 and Scope 2 emissions) & its intensity, in the following format: Total Scope 1 emissions (Break-up of the GHG into CO2, CH4, N2O, HFCs, PFCs, SF6, NF3, if available) Metric tonnes of CO2 equivalent Total Scope 2 emissions (Break-up of the GHG into CO2, CH4, N2O, HFCs, PFCs, SF6, NF3, if available) Metric tonnes of CO2equivalent Total Scope 1 and Scope 2 emissions per rupee of turnover Total Scope 1 and Scope 2 emission intensity (optional) – the relevant metric may be selected by the entity",direct,direct,305-4-B,GRI 305,305-4,requirement,E1-6_31,ESRS E1,E1,E1-6,53,"GHG emissions intensity, market-based (total GHG emissions per net revenue)",Intensity,GRI-EFRAG-Nov2024-datapoint-mapping,direct,ESRS E1 E1-6 §53; §AR 39 (c),BRSR -> GRI -> ESRS,transitive_official,305-4,2,small_expansion,review,small_expansion_exact_gri_requirement,candidate
P6-E6,"Provide details of greenhouse gas emissions (Scope 1 and Scope 2 emissions) & its intensity, in the following format: Total Scope 1 emissions (Break-up of the GHG into CO2, CH4, N2O, HFCs, PFCs, SF6, NF3, if available) Metric tonnes of CO2 equivalent Total Scope 2 emissions (Break-up of the GHG into CO2, CH4, N2O, HFCs, PFCs, SF6, NF3, if available) Metric tonnes of CO2equivalent Total Scope 1 and Scope 2 emissions per rupee of turnover Total Scope 1 and Scope 2 emission intensity (optional) – the relevant metric may be selected by the entity",direct,direct,305-4-C,GRI 305,305-4,requirement,E1-6_30,ESRS E1,E1,E1-6,53,"GHG emissions intensity, location-based (total GHG emissions per net revenue)",Intensity,GRI-EFRAG-Nov2024-datapoint-mapping,direct,ESRS E1 E1-6 §53; §AR 39 (c),BRSR -> GRI -> ESRS,transitive_official,305-4,2,small_expansion,review,small_expansion_exact_gri_requirement,candidate
P6-E6,"Provide details of greenhouse gas emissions (Scope 1 and Scope 2 emissions) & its intensity, in the following format: Total Scope 1 emissions (Break-up of the GHG into CO2, CH4, N2O, HFCs, PFCs, SF6, NF3, if available) Metric tonnes of CO2 equivalent Total Scope 2 emissions (Break-up of the GHG into CO2, CH4, N2O, HFCs, PFCs, SF6, NF3, if available) Metric tonnes of CO2equivalent Total Scope 1 and Scope 2 emissions per rupee of turnover Total Scope 1 and Scope 2 emission intensity (optional) – the relevant metric may be selected by the entity",direct,direct,305-4-C,GRI 305,305-4,requirement,E1-6_31,ESRS E1,E1,E1-6,53,"GHG emissions intensity, market-based (total GHG emissions per net revenue)",Intensity,GRI-EFRAG-Nov2024-datapoint-mapping,direct,ESRS E1 E1-6 §53; §AR 39 (c),BRSR -> GRI -> ESRS,transitive_official,305-4,2,small_expansion,review,small_expansion_exact_gri_requirement,candidate
P6-E6,"Provide details of greenhouse gas emissions (Scope 1 and Scope 2 emissions) & its intensity, in the following format: Total Scope 1 emissions (Break-up of the GHG into CO2, CH4, N2O, HFCs, PFCs, SF6, NF3, if available) Metric tonnes of CO2 equivalent Total Scope 2 emissions (Break-up of the GHG into CO2, CH4, N2O, HFCs, PFCs, SF6, NF3, if available) Metric tonnes of CO2equivalent Total Scope 1 and Scope 2 emissions per rupee of turnover Total Scope 1 and Scope 2 emission intensity (optional) – the relevant metric may be selected by the entity",direct,direct,305-2,GRI 305,305-2,disclosure,E1-6_09,ESRS E1,E1,E1-6,"49 a, 52 a",Gross location-based Scope 2 greenhouse gas emissions,Table/GhgEmissions,GRI-EFRAG-Nov2024-datapoint-mapping,partial_requirement,"ESRS E1 E1-4 §34 (c); E1-6 §44 (b); §46; §49; §50; §AR 25 (b) and (c); §AR 39 (a) to (d); §AR 40; §AR 45 (a), (c), (d), and (f)",BRSR -> GRI -> ESRS,transitive_official,305-2,2,small_expansion,review,small_expansion_partial_requirement,candidate
P6-E6,"Provide details of greenhouse gas emissions (Scope 1 and Scope 2 emissions) & its intensity, in the following format: Total Scope 1 emissions (Break-up of the GHG into CO2, CH4, N2O, HFCs, PFCs, SF6, NF3, if available) Metric tonnes of CO2 equivalent Total Scope 2 emissions (Break-up of the GHG into CO2, CH4, N2O, HFCs, PFCs, SF6, NF3, if available) Metric tonnes of CO2equivalent Total Scope 1 and Scope 2 emissions per rupee of turnover Total Scope 1 and Scope 2 emission intensity (optional) – the relevant metric may be selected by the entity",direct,direct,305-2,GRI 305,305-2,disclosure,E1-6_10,ESRS E1,E1,E1-6,"49 b, 52 b",Gross market-based Scope 2 greenhouse gas emissions,Table/GhgEmissions,GRI-EFRAG-Nov2024-datapoint-mapping,partial_requirement,"ESRS E1 E1-4 §34 (c); E1-6 §44 (b); §46; §49; §50; §AR 25 (b) and (c); §AR 39 (a) to (d); §AR 40; §AR 45 (a), (c), (d), and (f)",BRSR -> GRI -> ESRS,transitive_official,305-2,2,small_expansion,review,small_expansion_partial_requirement,candidate
P6-E6,"Provide details of greenhouse gas emissions (Scope 1 and Scope 2 emissions) & its intensity, in the following format: Total Scope 1 emissions (Break-up of the GHG into CO2, CH4, N2O, HFCs, PFCs, SF6, NF3, if available) Metric tonnes of CO2 equivalent Total Scope 2 emissions (Break-up of the GHG into CO2, CH4, N2O, HFCs, PFCs, SF6, NF3, if available) Metric tonnes of CO2equivalent Total Scope 1 and Scope 2 emissions per rupee of turnover Total Scope 1 and Scope 2 emission intensity (optional) – the relevant metric may be selected by the entity",direct,direct,305-4,GRI 305,305-4,disclosure,E1-6_30,ESRS E1,E1,E1-6,53,"GHG emissions intensity, location-based (total GHG emissions per net revenue)",Intensity,GRI-EFRAG-Nov2024-datapoint-mapping,direct,ESRS E1 E1-6 §53; §AR 39 (c),BRSR -> GRI -> ESRS,transitive_official,305-4,2,small_expansion,review,small_expansion_disclosure_level,candidate
P6-E6,"Provide details of greenhouse gas emissions (Scope 1 and Scope 2 emissions) & its intensity, in the following format: Total Scope 1 emissions (Break-up of the GHG into CO2, CH4, N2O, HFCs, PFCs, SF6, NF3, if available) Metric tonnes of CO2 equivalent Total Scope 2 emissions (Break-up of the GHG into CO2, CH4, N2O, HFCs, PFCs, SF6, NF3, if available) Metric tonnes of CO2equivalent Total Scope 1 and Scope 2 emissions per rupee of turnover Total Scope 1 and Scope 2 emission intensity (optional) – the relevant metric may be selected by the entity",direct,direct,305-4,GRI 305,305-4,disclosure,E1-6_31,ESRS E1,E1,E1-6,53,"GHG emissions intensity, market-based (total GHG emissions per net revenue)",Intensity,GRI-EFRAG-Nov2024-datapoint-mapping,direct,ESRS E1 E1-6 §53; §AR 39 (c),BRSR -> GRI -> ESRS,transitive_official,305-4,2,small_expansion,review,small_expansion_disclosure_level,candidate
P6-E8,"Provide details related to waste management by the entity, in the following format: Total Waste generated (in metric tonnes) Plastic waste (A) E-waste (B) Bio-medical waste © Construction and demolition waste (D) Battery waste (E) Radioactive waste (F) Other Hazardous waste. Please specify, if any. (G) Other Non-hazardous waste generated (H). Please specify, if any. (Break-up by composition i.e. by materials relevant to the sector) Total (A+B + C + D + E + F + G + H) For each category of waste generated, total waste recovered through recycling, re-using or other recovery operations (in metric tonnes) (I) Recycled (ii) Re-used (iii) Other recovery operations Total",direct,direct,306-4-A,GRI 306,306-4,requirement,E5-5_08,ESRS E5,E5,E5-5,37 b,"Waste diverted from disposal, breakdown by hazardous and non-hazardous waste and treatment type",Table/Mass,GRI-EFRAG-Nov2024-datapoint-mapping,partial_requirement,"ESRS E5 E5-5 §37 (b), §38 and §40",BRSR -> GRI -> ESRS,transitive_official,306-4,1,one_to_one,review,one_to_one_partial_requirement,candidate
P6-E8,"Provide details related to waste management by the entity, in the following format: Total Waste generated (in metric tonnes) Plastic waste (A) E-waste (B) Bio-medical waste © Construction and demolition waste (D) Battery waste (E) Radioactive waste (F) Other Hazardous waste. Please specify, if any. (G) Other Non-hazardous waste generated (H). Please specify, if any. (Break-up by composition i.e. by materials relevant to the sector) Total (A+B + C + D + E + F + G + H) For each category of waste generated, total waste recovered through recycling, re-using or other recovery operations (in metric tonnes) (I) Recycled (ii) Re-used (iii) Other recovery operations Total",direct,direct,306-4-B-I-III,GRI 306,306-4,requirement,E5-5_08,ESRS E5,E5,E5-5,37 b,"Waste diverted from disposal, breakdown by hazardous and non-hazardous waste and treatment type",Table/Mass,GRI-EFRAG-Nov2024-datapoint-mapping,partial_requirement,"ESRS E5 E5-5 §37 (b), §38 and §40",BRSR -> GRI -> ESRS,transitive_official,306-4,1,one_to_one,review,one_to_one_partial_requirement,candidate
P6-E8,"Provide details related to waste management by the entity, in the following format: Total Waste generated (in metric tonnes) Plastic waste (A) E-waste (B) Bio-medical waste © Construction and demolition waste (D) Battery waste (E) Radioactive waste (F) Other Hazardous waste. Please specify, if any. (G) Other Non-hazardous waste generated (H). Please specify, if any. (Break-up by composition i.e. by materials relevant to the sector) Total (A+B + C + D + E + F + G + H) For each category of waste generated, total waste recovered through recycling, re-using or other recovery operations (in metric tonnes) (I) Recycled (ii) Re-used (iii) Other recovery operations Total",direct,direct,306-4-C-I-III,GRI 306,306-4,requirement,E5-5_08,ESRS E5,E5,E5-5,37 b,"Waste diverted from disposal, breakdown by hazardous and non-hazardous waste and treatment type",Table/Mass,GRI-EFRAG-Nov2024-datapoint-mapping,partial_requirement,"ESRS E5 E5-5 §37 (b), §38 and §40",BRSR -> GRI -> ESRS,transitive_official,306-4,1,one_to_one,review,one_to_one_partial_requirement,candidate
P6-E8,"Provide details related to waste management by the entity, in the following format: Total Waste generated (in metric tonnes) Plastic waste (A) E-waste (B) Bio-medical waste © Construction and demolition waste (D) Battery waste (E) Radioactive waste (F) Other Hazardous waste. Please specify, if any. (G) Other Non-hazardous waste generated (H). Please specify, if any. (Break-up by composition i.e. by materials relevant to the sector) Total (A+B + C + D + E + F + G + H) For each category of waste generated, total waste recovered through recycling, re-using or other recovery operations (in metric tonnes) (I) Recycled (ii) Re-used (iii) Other recovery operations Total",direct,direct,306-5-A,GRI 306,306-5,requirement,E5-5_09,ESRS E5,E5,E5-5,37 c,"Waste directed to disposal, breakdown by hazardous and non-hazardous waste and treatment type",Table/Mass,GRI-EFRAG-Nov2024-datapoint-mapping,partial_requirement,"ESRS E5 E5-5 §37 (c), §38 and §40",BRSR -> GRI -> ESRS,transitive_official,306-5,1,one_to_one,review,one_to_one_partial_requirement,candidate
P6-E8,"Provide details related to waste management by the entity, in the following format: Total Waste generated (in metric tonnes) Plastic waste (A) E-waste (B) Bio-medical waste © Construction and demolition waste (D) Battery waste (E) Radioactive waste (F) Other Hazardous waste. Please specify, if any. (G) Other Non-hazardous waste generated (H). Please specify, if any. (Break-up by composition i.e. by materials relevant to the sector) Total (A+B + C + D + E + F + G + H) For each category of waste generated, total waste recovered through recycling, re-using or other recovery operations (in metric tonnes) (I) Recycled (ii) Re-used (iii) Other recovery operations Total",direct,direct,306-5-B-I-III,GRI 306,306-5,requirement,E5-5_09,ESRS E5,E5,E5-5,37 c,"Waste directed to disposal, breakdown by hazardous and non-hazardous waste and treatment type",Table/Mass,GRI-EFRAG-Nov2024-datapoint-mapping,partial_requirement,"ESRS E5 E5-5 §37 (c), §38 and §40",BRSR -> GRI -> ESRS,transitive_official,306-5,1,one_to_one,review,one_to_one_partial_requirement,candidate
P6-E8,"Provide details related to waste management by the entity, in the following format: Total Waste generated (in metric tonnes) Plastic waste (A) E-waste (B) Bio-medical waste © Construction and demolition waste (D) Battery waste (E) Radioactive waste (F) Other Hazardous waste. Please specify, if any. (G) Other Non-hazardous waste generated (H). Please specify, if any. (Break-up by composition i.e. by materials relevant to the sector) Total (A+B + C + D + E + F + G + H) For each category of waste generated, total waste recovered through recycling, re-using or other recovery operations (in metric tonnes) (I) Recycled (ii) Re-used (iii) Other recovery operations Total",direct,direct,306-5-C-I-IV,GRI 306,306-5,requirement,E5-5_09,ESRS E5,E5,E5-5,37 c,"Waste directed to disposal, breakdown by hazardous and non-hazardous waste and treatment type",Table/Mass,GRI-EFRAG-Nov2024-datapoint-mapping,partial_requirement,"ESRS E5 E5-5 §37 (c), §38 and §40",BRSR -> GRI -> ESRS,transitive_official,306-5,1,one_to_one,review,one_to_one_partial_requirement,candidate
P6-E8,"Provide details related to waste management by the entity, in the following format: Total Waste generated (in metric tonnes) Plastic waste (A) E-waste (B) Bio-medical waste © Construction and demolition waste (D) Battery waste (E) Radioactive waste (F) Other Hazardous waste. Please specify, if any. (G) Other Non-hazardous waste generated (H). Please specify, if any. (Break-up by composition i.e. by materials relevant to the sector) Total (A+B + C + D + E + F + G + H) For each category of waste generated, total waste recovered through recycling, re-using or other recovery operations (in metric tonnes) (I) Recycled (ii) Re-used (iii) Other recovery operations Total",direct,direct,306-5,GRI 306,306-5,disclosure,E5-5_09,ESRS E5,E5,E5-5,37 c,"Waste directed to disposal, breakdown by hazardous and non-hazardous waste and treatment type",Table/Mass,GRI-EFRAG-Nov2024-datapoint-mapping,partial_requirement,"ESRS E5 E5-5 §37 (c), §38 and §40",BRSR -> GRI -> ESRS,transitive_official,306-5,1,one_to_one,review,one_to_one_partial_requirement,candidate
P6-L2,Water discharge by destination and level of treatment (in kilolitres) (i) To Surface water - No treatment - With treatment – please specify level of treatment (ii) To Groundwater - No treatment - With treatment – please specify level of treatment (iii) To Seawater - No treatment - With treatment – please specify level of treatment (iv) Sent to third-parties - No treatment - With treatment – please specify level of treatment (v) Others - No treatment - With treatment – please specify level of treatment Total water discharged (in kilolitres),direct,direct,303-4-A-I-IV,GRI 303,303-4,requirement,E3-4_12,ESRS E3,E3,E3-4,AR 32,Total water discharges,Volume,GRI-EFRAG-Nov2024-datapoint-mapping,partial_requirement,ESRS E3 E3-4 §AR 32,BRSR -> GRI -> ESRS,transitive_official,303-4,1,one_to_one,review,one_to_one_partial_requirement,candidate
P6-L2,Water discharge by destination and level of treatment (in kilolitres) (i) To Surface water - No treatment - With treatment – please specify level of treatment (ii) To Groundwater - No treatment - With treatment – please specify level of treatment (iii) To Seawater - No treatment - With treatment – please specify level of treatment (iv) Sent to third-parties - No treatment - With treatment – please specify level of treatment (v) Others - No treatment - With treatment – please specify level of treatment Total water discharged (in kilolitres),direct,direct,303-4,GRI 303,303-4,disclosure,E3-4_12,ESRS E3,E3,E3-4,AR 32,Total water discharges,Volume,GRI-EFRAG-Nov2024-datapoint-mapping,partial_requirement,ESRS E3 E3-4 §AR 32,BRSR -> GRI -> ESRS,transitive_official,303-4,1,one_to_one,review,one_to_one_partial_requirement,candidate
P6-L3,"Water withdrawal, consumption and discharge in areas of water stress (in kilolitres): For each facility / plant located in areas of water stress, provide the following information: (i) Name of the area (ii) Nature of operations (iii) Water withdrawal, consumption and discharge in the following format: Water withdrawal by source (in kilolitres) – with breakup Water discharge by destination and level of treatment (in kilolitres) – with breakup",direct,direct,303-3-B-I-IV,GRI 303,303-3,requirement,E3-4_11,ESRS E3,E3,E3-4,AR 32,Total water withdrawals,Volume,GRI-EFRAG-Nov2024-datapoint-mapping,partial_requirement,ESRS E3 E3-4 §AR 32,BRSR -> GRI -> ESRS,transitive_official,303-3,1,one_to_one,review,one_to_one_partial_requirement,candidate
P6-L3,"Water withdrawal, consumption and discharge in areas of water stress (in kilolitres): For each facility / plant located in areas of water stress, provide the following information: (i) Name of the area (ii) Nature of operations (iii) Water withdrawal, consumption and discharge in the following format: Water withdrawal by source (in kilolitres) – with breakup Water discharge by destination and level of treatment (in kilolitres) – with breakup",direct,direct,303-4-A-I-II,GRI 303,303-4,requirement,E3-4_12,ESRS E3,E3,E3-4,AR 32,Total water discharges,Volume,GRI-EFRAG-Nov2024-datapoint-mapping,partial_requirement,ESRS E3 E3-4 §AR 32,BRSR -> GRI -> ESRS,transitive_official,303-4,1,one_to_one,review,one_to_one_partial_requirement,candidate
P6-L3,"Water withdrawal, consumption and discharge in areas of water stress (in kilolitres): For each facility / plant located in areas of water stress, provide the following information: (i) Name of the area (ii) Nature of operations (iii) Water withdrawal, consumption and discharge in the following format: Water withdrawal by source (in kilolitres) – with breakup Water discharge by destination and level of treatment (in kilolitres) – with breakup",direct,direct,303-3,GRI 303,303-3,disclosure,E3-4_11,ESRS E3,E3,E3-4,AR 32,Total water withdrawals,Volume,GRI-EFRAG-Nov2024-datapoint-mapping,partial_requirement,ESRS E3 E3-4 §AR 32,BRSR -> GRI -> ESRS,transitive_official,303-3,1,one_to_one,review,one_to_one_partial_requirement,candidate
P6-L3,"Water withdrawal, consumption and discharge in areas of water stress (in kilolitres): For each facility / plant located in areas of water stress, provide the following information: (i) Name of the area (ii) Nature of operations (iii) Water withdrawal, consumption and discharge in the following format: Water withdrawal by source (in kilolitres) – with breakup Water discharge by destination and level of treatment (in kilolitres) – with breakup",direct,direct,303-4,GRI 303,303-4,disclosure,E3-4_12,ESRS E3,E3,E3-4,AR 32,Total water discharges,Volume,GRI-EFRAG-Nov2024-datapoint-mapping,partial_requirement,ESRS E3 E3-4 §AR 32,BRSR -> GRI -> ESRS,transitive_official,303-4,1,one_to_one,review,one_to_one_partial_requirement,candidate
P6-L4,"Please provide details of total Scope 3 emissions & its intensity, in the following format: Total Scope 3 emissions (Break-up of the GHG into CO2, CH4, N2O, HFCs, PFCs, SF6, NF3, if available) Metric tonnes of CO2 equivalent Total Scope 3 emissions per rupee of turnover Total Scope 3 emission intensity (optional) – The relevant metric may be selected by the entity",direct,direct,305-4-A,GRI 305,305-4,requirement,E1-6_30,ESRS E1,E1,E1-6,53,"GHG emissions intensity, location-based (total GHG emissions per net revenue)",Intensity,GRI-EFRAG-Nov2024-datapoint-mapping,direct,ESRS E1 E1-6 §53; §AR 39 (c),BRSR -> GRI -> ESRS,transitive_official,305-4,2,small_expansion,review,small_expansion_exact_gri_requirement,candidate
P6-L4,"Please provide details of total Scope 3 emissions & its intensity, in the following format: Total Scope 3 emissions (Break-up of the GHG into CO2, CH4, N2O, HFCs, PFCs, SF6, NF3, if available) Metric tonnes of CO2 equivalent Total Scope 3 emissions per rupee of turnover Total Scope 3 emission intensity (optional) – The relevant metric may be selected by the entity",direct,direct,305-4-A,GRI 305,305-4,requirement,E1-6_31,ESRS E1,E1,E1-6,53,"GHG emissions intensity, market-based (total GHG emissions per net revenue)",Intensity,GRI-EFRAG-Nov2024-datapoint-mapping,direct,ESRS E1 E1-6 §53; §AR 39 (c),BRSR -> GRI -> ESRS,transitive_official,305-4,2,small_expansion,review,small_expansion_exact_gri_requirement,candidate
P6-L4,"Please provide details of total Scope 3 emissions & its intensity, in the following format: Total Scope 3 emissions (Break-up of the GHG into CO2, CH4, N2O, HFCs, PFCs, SF6, NF3, if available) Metric tonnes of CO2 equivalent Total Scope 3 emissions per rupee of turnover Total Scope 3 emission intensity (optional) – The relevant metric may be selected by the entity",direct,direct,305-4-B,GRI 305,305-4,requirement,E1-6_30,ESRS E1,E1,E1-6,53,"GHG emissions intensity, location-based (total GHG emissions per net revenue)",Intensity,GRI-EFRAG-Nov2024-datapoint-mapping,direct,ESRS E1 E1-6 §53; §AR 39 (c),BRSR -> GRI -> ESRS,transitive_official,305-4,2,small_expansion,review,small_expansion_exact_gri_requirement,candidate
P6-L4,"Please provide details of total Scope 3 emissions & its intensity, in the following format: Total Scope 3 emissions (Break-up of the GHG into CO2, CH4, N2O, HFCs, PFCs, SF6, NF3, if available) Metric tonnes of CO2 equivalent Total Scope 3 emissions per rupee of turnover Total Scope 3 emission intensity (optional) – The relevant metric may be selected by the entity",direct,direct,305-4-B,GRI 305,305-4,requirement,E1-6_31,ESRS E1,E1,E1-6,53,"GHG emissions intensity, market-based (total GHG emissions per net revenue)",Intensity,GRI-EFRAG-Nov2024-datapoint-mapping,direct,ESRS E1 E1-6 §53; §AR 39 (c),BRSR -> GRI -> ESRS,transitive_official,305-4,2,small_expansion,review,small_expansion_exact_gri_requirement,candidate
P6-L4,"Please provide details of total Scope 3 emissions & its intensity, in the following format: Total Scope 3 emissions (Break-up of the GHG into CO2, CH4, N2O, HFCs, PFCs, SF6, NF3, if available) Metric tonnes of CO2 equivalent Total Scope 3 emissions per rupee of turnover Total Scope 3 emission intensity (optional) – The relevant metric may be selected by the entity",direct,direct,305-4-C,GRI 305,305-4,requirement,E1-6_30,ESRS E1,E1,E1-6,53,"GHG emissions intensity, location-based (total GHG emissions per net revenue)",Intensity,GRI-EFRAG-Nov2024-datapoint-mapping,direct,ESRS E1 E1-6 §53; §AR 39 (c),BRSR -> GRI -> ESRS,transitive_official,305-4,2,small_expansion,review,small_expansion_exact_gri_requirement,candidate
P6-L4,"Please provide details of total Scope 3 emissions & its intensity, in the following format: Total Scope 3 emissions (Break-up of the GHG into CO2, CH4, N2O, HFCs, PFCs, SF6, NF3, if available) Metric tonnes of CO2 equivalent Total Scope 3 emissions per rupee of turnover Total Scope 3 emission intensity (optional) – The relevant metric may be selected by the entity",direct,direct,305-4-C,GRI 305,305-4,requirement,E1-6_31,ESRS E1,E1,E1-6,53,"GHG emissions intensity, market-based (total GHG emissions per net revenue)",Intensity,GRI-EFRAG-Nov2024-datapoint-mapping,direct,ESRS E1 E1-6 §53; §AR 39 (c),BRSR -> GRI -> ESRS,transitive_official,305-4,2,small_expansion,review,small_expansion_exact_gri_requirement,candidate
P6-L4,"Please provide details of total Scope 3 emissions & its intensity, in the following format: Total Scope 3 emissions (Break-up of the GHG into CO2, CH4, N2O, HFCs, PFCs, SF6, NF3, if available) Metric tonnes of CO2 equivalent Total Scope 3 emissions per rupee of turnover Total Scope 3 emission intensity (optional) – The relevant metric may be selected by the entity",direct,direct,305-4,GRI 305,305-4,disclosure,E1-6_30,ESRS E1,E1,E1-6,53,"GHG emissions intensity, location-based (total GHG emissions per net revenue)",Intensity,GRI-EFRAG-Nov2024-datapoint-mapping,direct,ESRS E1 E1-6 §53; §AR 39 (c),BRSR -> GRI -> ESRS,transitive_official,305-4,2,small_expansion,review,small_expansion_disclosure_level,candidate
P6-L4,"Please provide details of total Scope 3 emissions & its intensity, in the following format: Total Scope 3 emissions (Break-up of the GHG into CO2, CH4, N2O, HFCs, PFCs, SF6, NF3, if available) Metric tonnes of CO2 equivalent Total Scope 3 emissions per rupee of turnover Total Scope 3 emission intensity (optional) – The relevant metric may be selected by the entity",direct,direct,305-4,GRI 305,305-4,disclosure,E1-6_31,ESRS E1,E1,E1-6,53,"GHG emissions intensity, market-based (total GHG emissions per net revenue)",Intensity,GRI-EFRAG-Nov2024-datapoint-mapping,direct,ESRS E1 E1-6 §53; §AR 39 (c),BRSR -> GRI -> ESRS,transitive_official,305-4,2,small_expansion,review,small_expansion_disclosure_level,candidate
P6-L5,"With respect to the ecologically sensitive areas reported at Question 10 of Essential Indicators above, provide details of significant direct & indirect impact of the entity on biodiversity in such areas along- with prevention and remediation activities.",direct,direct,304-3-A,GRI 304,304-3,requirement,E4-3_14,ESRS E4,E4,E4-3,AR 20 e,Key action plan is carried out only by undertaking (individual action) using its resources (biodiversity and ecosystems),semi-narrative,GRI-EFRAG-Nov2024-datapoint-mapping,partial_requirement,ESRS E4 E4-3 §28 (b) and §AR 20 (e); E4-4 §AR 26 (a),BRSR -> GRI -> ESRS,transitive_official,304-3,2,small_expansion,review,small_expansion_partial_requirement,candidate
P6-L5,"With respect to the ecologically sensitive areas reported at Question 10 of Essential Indicators above, provide details of significant direct & indirect impact of the entity on biodiversity in such areas along- with prevention and remediation activities.",direct,direct,304-3-A,GRI 304,304-3,requirement,E4-3_15,ESRS E4,E4,E4-3,AR 20 e,"Key action plan is part of wider action plan (collective action), of which undertaking is member (biodiversity and ecosystems)",semi-narrative,GRI-EFRAG-Nov2024-datapoint-mapping,partial_requirement,ESRS E4 E4-3 §28 (b) and §AR 20 (e); E4-4 §AR 26 (a),BRSR -> GRI -> ESRS,transitive_official,304-3,2,small_expansion,review,small_expansion_partial_requirement,candidate
P6-L5,"With respect to the ecologically sensitive areas reported at Question 10 of Essential Indicators above, provide details of significant direct & indirect impact of the entity on biodiversity in such areas along- with prevention and remediation activities.",direct,direct,304-3,GRI 304,304-3,disclosure,E4-3_14,ESRS E4,E4,E4-3,AR 20 e,Key action plan is carried out only by undertaking (individual action) using its resources (biodiversity and ecosystems),semi-narrative,GRI-EFRAG-Nov2024-datapoint-mapping,partial_requirement,ESRS E4 E4-3 §28 (b) and §AR 20 (e); E4-4 §AR 26 (a),BRSR -> GRI -> ESRS,transitive_official,304-3,2,small_expansion,review,small_expansion_partial_requirement,candidate
P6-L5,"With respect to the ecologically sensitive areas reported at Question 10 of Essential Indicators above, provide details of significant direct & indirect impact of the entity on biodiversity in such areas along- with prevention and remediation activities.",direct,direct,304-3,GRI 304,304-3,disclosure,E4-3_15,ESRS E4,E4,E4-3,AR 20 e,"Key action plan is part of wider action plan (collective action), of which undertaking is member (biodiversity and ecosystems)",semi-narrative,GRI-EFRAG-Nov2024-datapoint-mapping,partial_requirement,ESRS E4 E4-3 §28 (b) and §AR 20 (e); E4-4 §AR 26 (a),BRSR -> GRI -> ESRS,transitive_official,304-3,2,small_expansion,review,small_expansion_partial_requirement,candidate
P8-L4,"Details of the benefits derived and shared from the intellectual properties owned or acquired by your entity (in the current financial year), based on traditional knowledge: - Intellectual Property based on traditional knowledge - Owned/ Acquired (Yes/No) - Benefit shared (Yes / No) - Basis of calculating benefit share",can_be_covered_by,partial,201-1-A,GRI 201,201-1,requirement,SBM-1_06,ESRS 2,ESRS 2,SBM-1,40 b,Total revenue,Monetary,GRI-EFRAG-Nov2024-datapoint-mapping,partial_requirement,ESRS 2 SBM-1 §40 (b),BRSR -> GRI -> ESRS,transitive_official,201-1,1,one_to_one,review,one_to_one_partial_requirement,candidate
P9-E3,Number of consumer complaints in respect of the following: Data privacy Advertising Cyber-security Delivery of essential services Restrictive Trade Practices Unfair Trade Practices Other,direct,direct,418-1-A-I-II,GRI 418,418-1,requirement,S4-3_13,ESRS S4,S4,S4-3,AR 23,Number of complaints received from consumers and/or end users during the reporting period,Integer,GRI-EFRAG-Nov2024-datapoint-mapping,,,BRSR -> GRI -> ESRS,transitive_official,418-1,1,one_to_one,review,one_to_one_without_interop_evidence,candidate
P9-E3,Number of consumer complaints in respect of the following: Data privacy Advertising Cyber-security Delivery of essential services Restrictive Trade Practices Unfair Trade Practices Other,direct,direct,418-1-B,GRI 418,418-1,requirement,S4-3_13,ESRS S4,S4,S4-3,AR 23,Number of complaints received from consumers and/or end users during the reporting period,Integer,GRI-EFRAG-Nov2024-datapoint-mapping,,,BRSR -> GRI -> ESRS,transitive_official,418-1,1,one_to_one,review,one_to_one_without_interop_evidence,candidate
P9-E3,Number of consumer complaints in respect of the following: Data privacy Advertising Cyber-security Delivery of essential services Restrictive Trade Practices Unfair Trade Practices Other,direct,direct,418-1,GRI 418,418-1,disclosure,S4-3_13,ESRS S4,S4,S4-3,AR 23,Number of complaints received from consumers and/or end users during the reporting period,Integer,GRI-EFRAG-Nov2024-datapoint-mapping,,,BRSR -> GRI -> ESRS,transitive_official,418-1,1,one_to_one,review,one_to_one_without_interop_evidence,candidate
P9-L5,Provide the following information relating to data breaches: a. Number of instances of data breaches along with impact b. Percentage of data breaches involving personally identifiable information of customers,direct,direct,418-1-A,GRI 418,418-1,requirement,S4-3_13,ESRS S4,S4,S4-3,AR 23,Number of complaints received from consumers and/or end users during the reporting period,Integer,GRI-EFRAG-Nov2024-datapoint-mapping,,,BRSR -> GRI -> ESRS,transitive_official,418-1,1,one_to_one,review,one_to_one_without_interop_evidence,candidate
P9-L5,Provide the following information relating to data breaches: a. Number of instances of data breaches along with impact b. Percentage of data breaches involving personally identifiable information of customers,direct,direct,418-1,GRI 418,418-1,disclosure,S4-3_13,ESRS S4,S4,S4-3,AR 23,Number of complaints received from consumers and/or end users during the reporting period,Integer,GRI-EFRAG-Nov2024-datapoint-mapping,,,BRSR -> GRI -> ESRS,transitive_official,418-1,1,one_to_one,review,one_to_one_without_interop_evidence,candidate
